{"valueOf(Ljava/lang/Object;)Ljava/lang/String;\n": 8.788898309344878, "cancel()V\n": 1.791759469228055, "append(Ljava/lang/Object;)Ljava/lang/StringBuilder;\n": 3.4657359027997265, "c(Ljava/lang/String;)V\n": 2.1972245773362196, "getColumnIndex(Ljava/lang/String;)I\n": 2.3978952727983707, "get(I)Ljava/lang/Object;\n": 10.39720770839918, "requestLayout()V\n": 1.3862943611198906, "setFocusable(Z)V\n": 2.3978952727983707, "setCancelable(Z)V\n": 1.6094379124341003, "getMenuInflater()Landroid/view/MenuInflater;\n": 1.3862943611198906, "getInt(Ljava/lang/String;)I\n": 1.3862943611198906, "put(Ljava/lang/String;Ljava/lang/String;)V\n": 8.671115273688493, "addView(Landroid/view/View;)V\n": 4.852030263919617, "setTextColor(I)V\n": 2.772588722239781, "intValue()I\n": 4.1588830833596715, "setOrientation(I)V\n": 1.3862943611198906, "setTheme(I)V\n": 1.9459101490553132, "k()V\n": 2.1972245773362196, "getSupportFragmentManager()Landroid/support/v4/app/FragmentManager;\n": 6.931471805599453, "containsKey(Ljava/lang/String;)Z\n": 1.791759469228055, "getPackageName()Ljava/lang/String;\n": 4.394449154672439, "onCreateDialog(I)Landroid/app/Dialog;\n": 1.6094379124341003, "isEmpty(Ljava/lang/CharSequence;)Z\n": 5.545177444479562, "setNegativeButton(Ljava/lang/CharSequence;Landroid/content/DialogInterface$OnClickListener;)Landroid/app/AlertDialog$Builder;\n": 1.3862943611198906, "stopLoading()V\n": 1.3862943611198906, "putExtras(Landroid/os/Bundle;)Landroid/content/Intent;\n": 1.0986122886681098, "putExtra(Ljava/lang/String;Z)Landroid/content/Intent;\n": 2.0794415416798357, "makeText(Landroid/content/Context;II)Landroid/widget/Toast;\n": 1.791759469228055, "e()V\n": 4.394449154672439, "setSelected(Z)V\n": 2.4849066497880004, "get(Ljava/lang/Object;)Ljava/lang/Object;\n": 6.931471805599453, "setText(I)V\n": 4.1588830833596715, "getParent()Landroid/view/ViewParent;\n": 1.0986122886681098, "getMessage()Ljava/lang/String;\n": 1.3862943611198906, "addPreference(Landroid/preference/Preference;)Z\n": 3.4965075614664802, "setSelection(I)V\n": 3.58351893845611, "getPackageManager()Landroid/content/pm/PackageManager;\n": 1.0986122886681098, "setChecked(Z)V\n": 4.1588830833596715, "postDelayed(Ljava/lang/Runnable;J)Z\n": 2.1972245773362196, "put(Ljava/lang/String;Ljava/lang/Boolean;)V\n": 4.574710978503383, "getWindowManager()Landroid/view/WindowManager;\n": 1.3862943611198906, "getApplication()Landroid/app/Application;\n": 8.958797346140274, "setEnabled(Z)V\n": 7.690286020676768, "hasExtra(Ljava/lang/String;)Z\n": 1.791759469228055, "getInt(I)I\n": 2.4849066497880004, "d(Ljava/lang/String;Ljava/lang/Throwable;)V\n": 4.04305126783455, "post(Ljava/lang/Runnable;)Z\n": 3.2188758248682006, "setFlags(I)Landroid/content/Intent;\n": 2.772588722239781, "getColor(I)I\n": 1.6094379124341003, "onRetainNonConfigurationInstance()Ljava/lang/Object;\n": 2.302585092994046, "setBackgroundResource(I)V\n": 7.690286020676768, "putInt(Ljava/lang/String;I)V\n": 1.3862943611198906, "put(Ljava/lang/String;Ljava/lang/Object;)Lorg/json/JSONObject;\n": 3.1780538303479458, "d(Ljava/lang/String;Ljava/lang/String;)I\n": 6.931471805599453, "setMessage(I)Landroid/app/AlertDialog$Builder;\n": 1.791759469228055, "startActivityForResult(Landroid/content/Intent;I)V\n": 2.772588722239781, "append(J)Ljava/lang/StringBuilder;\n": 1.9459101490553132, "moveToFirst()Z\n": 1.9459101490553132, "onCreateOptionsMenu(Landroid/view/Menu;)Z\n": 3.295836866004329, "<init>(Landroid/content/Context;I)V\n": 1.9459101490553132, "setBackgroundColor(I)V\n": 4.1588830833596715, "setView(Landroid/view/View;)Landroid/app/AlertDialog$Builder;\n": 1.9459101490553132, "getCount()I\n": 3.2188758248682006, "onOptionsItemSelected(Lcom/actionbarsherlock/view/MenuItem;)Z\n": 2.5649493574615367, "getActionBar()Landroid/app/ActionBar;\n": 2.4849066497880004, "setResult(ILandroid/content/Intent;)V\n": 1.0986122886681098, "addAction(Ljava/lang/String;)V\n": 8.788898309344878, "setSummary(Ljava/lang/CharSequence;)V\n": 2.4849066497880004, "getSharedPreferences(Ljava/lang/String;I)Landroid/content/SharedPreferences;\n": 2.772588722239781, "valueOf(I)Ljava/lang/String;\n": 2.772588722239781, "setDataAndType(Landroid/net/Uri;Ljava/lang/String;)Landroid/content/Intent;\n": 1.3862943611198906, "setMax(I)V\n": 2.0794415416798357, "i()V\n": 1.791759469228055, "setContentView(Landroid/view/View;Landroid/view/ViewGroup$LayoutParams;)V\n": 2.772588722239781, "isChecked()Z\n": 1.791759469228055, "format(Ljava/lang/String;[Ljava/lang/Object;)Ljava/lang/String;\n": 4.1588830833596715, "getDefaultSharedPreferences(Landroid/content/Context;)Landroid/content/SharedPreferences;\n": 3.58351893845611, "dismiss()V\n": 3.295836866004329, "getSupportActionBar()Lcom/actionbarsherlock/app/ActionBar;\n": 2.5649493574615367, "setCancelable(Z)Landroid/app/AlertDialog$Builder;\n": 1.3862943611198906, "getId()Ljava/lang/String;\n": 2.70805020110221, "getString(I[Ljava/lang/Object;)Ljava/lang/String;\n": 1.9459101490553132, "setData(Landroid/net/Uri;)Landroid/content/Intent;\n": 1.0986122886681098, "c(I)V\n": 2.6390573296152584, "getInstance()Landroid/webkit/CookieSyncManager;\n": 2.1972245773362196, "close()V\n": 5.493061443340549, "length()I\n": 4.852030263919617, "getConfiguration()Landroid/content/res/Configuration;\n": 1.6094379124341003, "S()V\n": 2.772588722239781, "putExtra(Ljava/lang/String;I)Landroid/content/Intent;\n": 2.772588722239781, "e(Ljava/lang/String;Ljava/lang/String;)I\n": 4.394449154672439, "isShowing()Z\n": 1.0986122886681098, "getText(I)Ljava/lang/CharSequence;\n": 2.4849066497880004, "getDefaultDisplay()Landroid/view/Display;\n": 1.0986122886681098, "b()Ljava/lang/String;\n": 1.0986122886681098, "b()V\n": 5.493061443340549, "onNewIntent(Landroid/content/Intent;)V\n": 2.772588722239781, "findPreference(Ljava/lang/CharSequence;)Landroid/preference/Preference;\n": 8.317766166719343, "printStackTrace()V\n": 6.931471805599453, "setImageResource(I)V\n": 4.1588830833596715, "getContentResolver()Landroid/content/ContentResolver;\n": 2.772588722239781, "setJavaScriptEnabled(Z)V\n": 1.0986122886681098, "getIdentifier(Ljava/lang/String;Ljava/lang/String;Ljava/lang/String;)I\n": 2.4849066497880004, "execute([Ljava/lang/Object;)Landroid/os/AsyncTask;\n": 2.1972245773362196, "onClick(Landroid/view/View;)V\n": 1.3862943611198906, "registerReceiver(Landroid/content/BroadcastReceiver;Landroid/content/IntentFilter;)Landroid/content/Intent;\n": 3.2188758248682006, "a(I)V\n": 6.437751649736401, "setTitle(I)V\n": 5.375278407684165, "applyDimension(IFLandroid/util/DisplayMetrics;)F\n": 1.3862943611198906, "inflate(ILandroid/view/ViewGroup;)Landroid/view/View;\n": 2.1972245773362196, "setId(I)V\n": 1.3862943611198906, "setResult(I)V\n": 1.0986122886681098, "getSimpleName()Ljava/lang/String;\n": 1.6094379124341003, "getWidth()I\n": 1.0986122886681098, "getBoolean(Ljava/lang/String;)Z\n": 2.1972245773362196, "setMargins(IIII)V\n": 1.0986122886681098, "setTitle(Ljava/lang/CharSequence;)Landroid/app/AlertDialog$Builder;\n": 2.1972245773362196, "setClass(Landroid/content/Context;Ljava/lang/Class;)Landroid/content/Intent;\n": 2.302585092994046, "contains(Ljava/lang/CharSequence;)Z\n": 1.3862943611198906, "putExtra(Ljava/lang/String;J)Landroid/content/Intent;\n": 1.6094379124341003, "onPrepareOptionsMenu(Landroid/view/Menu;)Z\n": 2.0794415416798357, "setBackgroundDrawable(Landroid/graphics/drawable/Drawable;)V\n": 2.1972245773362196, "setVolumeControlStream(I)V\n": 2.5649493574615367, "putExtra(Ljava/lang/String;Landroid/os/Parcelable;)Landroid/content/Intent;\n": 1.3862943611198906, "getDrawable(I)Landroid/graphics/drawable/Drawable;\n": 1.3862943611198906, "putSerializable(Ljava/lang/String;Ljava/io/Serializable;)V\n": 1.791759469228055, "a(Ljava/lang/String;Ljava/lang/Throwable;)V\n": 1.6094379124341003, "next()Ljava/lang/Object;\n": 2.0794415416798357,