{"getHeight()I\n": 2.772588722239781, "append(Ljava/lang/Object;)Ljava/lang/StringBuilder;\n": 2.0794415416798357, "getColumnIndex(Ljava/lang/String;)I\n": 4.795790545596741, "get(I)Ljava/lang/Object;\n": 9.010913347279288, "getMenuInflater()Landroid/view/MenuInflater;\n": 1.3862943611198906, "getInt(Ljava/lang/String;)I\n": 1.3862943611198906, "d()Z\n": 2.302585092994046, "a(Ljava/lang/String;Ljava/lang/String;)V\n": 6.591673732008658, "c(I)V\n": 2.6390573296152584, "setTextColor(I)V\n": 5.545177444479562, "findPreference(Ljava/lang/CharSequence;)Landroid/preference/Preference;\n": 4.1588830833596715, "split(Ljava/lang/String;)[Ljava/lang/String;\n": 1.3862943611198906, "getSupportFragmentManager()Landroid/support/v4/app/FragmentManager;\n": 5.545177444479562, "onCreateDialog(I)Landroid/app/Dialog;\n": 3.2188758248682006, "isEmpty(Ljava/lang/CharSequence;)Z\n": 8.317766166719343, "setNegativeButton(Ljava/lang/CharSequence;Landroid/content/DialogInterface$OnClickListener;)Landroid/app/AlertDialog$Builder;\n": 1.3862943611198906, "putExtra(Ljava/lang/String;Z)Landroid/content/Intent;\n": 2.772588722239781, "makeText(Landroid/content/Context;II)Landroid/widget/Toast;\n": 3.58351893845611, "e()V\n": 2.1972245773362196, "setSelected(Z)V\n": 2.4849066497880004, "get(Ljava/lang/Object;)Ljava/lang/Object;\n": 4.1588830833596715, "setOnCheckedChangeListener(Landroid/widget/CompoundButton$OnCheckedChangeListener;)V\n": 2.0794415416798357, "getPath()Ljava/lang/String;\n": 1.791759469228055, "getMessage()Ljava/lang/String;\n": 0.6931471805599453, "commit()Z\n": 2.1972245773362196, "getItem(I)Ljava/lang/Object;\n": 2.302585092994046, "setTitle(Ljava/lang/CharSequence;)Landroid/app/AlertDialog$Builder;\n": 2.1972245773362196, "setChecked(Z)V\n": 5.545177444479562, "getAbsolutePath()Ljava/lang/String;\n": 1.9459101490553132, "getApplication()Landroid/app/Application;\n": 3.58351893845611, "setEnabled(Z)V\n": 8.788898309344878, "getInt(I)I\n": 2.4849066497880004, "moveToNext()Z\n": 2.4849066497880004, "putString(Ljava/lang/String;Ljava/lang/String;)Landroid/content/SharedPreferences$Editor;\n": 1.791759469228055, "post(Ljava/lang/Runnable;)Z\n": 1.6094379124341003, "setFlags(I)Landroid/content/Intent;\n": 1.3862943611198906, "getColor(I)I\n": 1.6094379124341003, "query(Landroid/net/Uri;[Ljava/lang/String;Ljava/lang/String;[Ljava/lang/String;Ljava/lang/String;)Landroid/database/Cursor;\n": 2.1972245773362196, "putInt(Ljava/lang/String;I)V\n": 1.3862943611198906, "put(Ljava/lang/String;Ljava/lang/Object;)Lorg/json/JSONObject;\n": 3.1780538303479458, "d(Ljava/lang/String;Ljava/lang/String;)I\n": 8.317766166719343, "setMessage(I)Landroid/app/AlertDialog$Builder;\n": 1.791759469228055, "startActivityForResult(Landroid/content/Intent;I)V\n": 3.4657359027997265, "append(J)Ljava/lang/StringBuilder;\n": 1.9459101490553132, "a(Ljava/lang/String;)Z\n": 2.3978952727983707, "moveToFirst()Z\n": 1.9459101490553132, "setArguments(Landroid/os/Bundle;)V\n": 2.302585092994046, "onCreateOptionsMenu(Landroid/view/Menu;)Z\n": 3.295836866004329, "encode(Ljava/lang/String;Ljava/lang/String;)Ljava/lang/String;\n": 2.4849066497880004, "setBackgroundColor(I)V\n": 1.3862943611198906, "d(Ljava/lang/String;)V\n": 1.0986122886681098, "getListView()Landroid/widget/ListView;\n": 2.302585092994046, "setBackgroundResource(I)V\n": 4.394449154672439, "setResult(ILandroid/content/Intent;)V\n": 3.295836866004329, "getCount()I\n": 3.2188758248682006, "setSummary(Ljava/lang/CharSequence;)V\n": 2.4849066497880004, "getSharedPreferences(Ljava/lang/String;I)Landroid/content/SharedPreferences;\n": 2.772588722239781, "valueOf(I)Ljava/lang/String;\n": 2.772588722239781, "i()V\n": 1.791759469228055, "isChecked()Z\n": 3.58351893845611, "toLowerCase()Ljava/lang/String;\n": 2.1972245773362196, "getSupportActionBar()Lcom/actionbarsherlock/app/ActionBar;\n": 2.5649493574615367, "setCancelable(Z)Landroid/app/AlertDialog$Builder;\n": 1.3862943611198906, "getString(I[Ljava/lang/Object;)Ljava/lang/String;\n": 1.9459101490553132, "substring(I)Ljava/lang/String;\n": 1.791759469228055, "addAction(Ljava/lang/String;)V\n": 2.1972245773362196, "close()V\n": 6.591673732008658, "length()I\n": 9.704060527839234, "setImageBitmap(Landroid/graphics/Bitmap;)V\n": 1.3862943611198906, "setOnItemClickListener(Landroid/widget/AdapterView$OnItemClickListener;)V\n": 3.295836866004329, "putExtra(Ljava/lang/String;I)Landroid/content/Intent;\n": 3.4657359027997265, "isShowing()Z\n": 2.1972245773362196, "getText(I)Ljava/lang/CharSequence;\n": 9.939626599152001, "getDefaultDisplay()Landroid/view/Display;\n": 1.0986122886681098, "b()Ljava/lang/String;\n": 2.1972245773362196, "b()V\n": 4.394449154672439, "get(I)I\n": 7.193685818395112, "onNewIntent(Landroid/content/Intent;)V\n": 1.3862943611198906, "loadUrl(Ljava/lang/String;)V\n": 0.6931471805599453, "printStackTrace()V\n": 6.238324625039508, "replaceAll(Ljava/lang/String;Ljava/lang/String;)Ljava/lang/String;\n": 2.3978952727983707, "setImageResource(I)V\n": 2.772588722239781, "size()I\n": 9.704060527839234, "startsWith(Ljava/lang/String;)Z\n": 2.772588722239781, "setPositiveButton(ILandroid/content/DialogInterface$OnClickListener;)Landroid/app/AlertDialog$Builder;\n": 4.1588830833596715, "onClick(Landroid/view/View;)V\n": 2.0794415416798357, "getText()Landroid/text/Editable;\n": 15.249237972318797, "a(I)V\n": 4.828313737302301, "setTitle(I)V\n": 5.375278407684165, "inflate(ILandroid/view/ViewGroup;)Landroid/view/View;\n": 2.1972245773362196, "setResult(I)V\n": 2.1972245773362196, "getSimpleName()Ljava/lang/String;\n": 1.6094379124341003, "getWidth()I\n": 2.1972245773362196, "getBoolean(Ljava/lang/String;)Z\n": 2.1972245773362196, "c()Ljava/lang/String;\n": 2.1972245773362196, "format(Ljava/util/Date;)Ljava/lang/String;\n": 2.0794415416798357, "notifyDataSetChanged()V\n": 2.772588722239781, "contains(Ljava/lang/CharSequence;)Z\n": 2.772588722239781, "putExtra(Ljava/lang/String;J)Landroid/content/Intent;\n": 1.6094379124341003, "onPrepareOptionsMenu(Landroid/view/Menu;)Z\n": 2.0794415416798357, "getInstance()Ljava/util/Calendar;\n": 1.9459101490553132, "putExtra(Ljava/lang/String;Landroid/os/Parcelable;)Landroid/content/Intent;\n": 1.3862943611198906, "getDrawable(I)Landroid/graphics/drawable/Drawable;\n": 2.772588722239781, "indexOf(Ljava/lang/String;)I\n": 2.0794415416798357, "setData(Landroid/net/Uri;)Landroid/content/Intent;\n": 1.0986122886681098, "getBaseContext()Landroid/content/Context;\n": 2.0794415416798357, "getStringExtra(Ljava/lang/String;)Ljava/lang/String;\n": 9.010913347279288, "equalsIgnoreCase(Ljava/lang/String;)Z\n": 9.704060527839234, "getSettings()Landroid/webkit/WebSettings;\n": 1.3862943611198906, "getBooleanExtra(Ljava/lang/String;Z)Z\n": 3.295836866004329, "onKeyDown(ILandroid/view/KeyEvent;)Z\n": 2.772588722239781, "i(Ljava/lang/String;Ljava/lang/String;)V\n": 3.1354942159291497, "getDisplayMetrics()Landroid/util/DisplayMetrics;\n": 0.6931471805599453, "intValue()I\n": 2.0794415416798357, "addView(Landroid/view/View;)V\n": 4.852030263919617, "h()V\n": 2.772588722239781, "onOptionsItemSelected(Landroid/view/MenuItem;)Z\n": 5.493061443340549, "e(Ljava/lang/String;Ljava/lang/String;Ljava/lang/Throwable;)I\n": 2.302585092994046, "getLayoutParams()Landroid/view/ViewGroup$LayoutParams;\n": 1.6094379124341003, "setTextSize(IF)V\n": 2.70805020110221, "getAction()Ljava/lang/String;\n": 1.3862943611198906, "c()Z\n": 2.0794415416798357, "getFragmentManager()Landroid/app/FragmentManager;\n": 3.2188758248682006, "replace(Ljava/lang/CharSequence;Ljava/lang/CharSequence;)Ljava/lang/String;\n": 4.1588830833596715, "addView(Landroid/view/View;Landroid/view/ViewGroup$LayoutParams;)V\n": 0.6931471805599453, "getData()Landroid/net/Uri;\n": 2.1972245773362196, "putBoolean(Ljava/lang/String;Z)Landroid/content/SharedPreferences$Editor;\n": 1.6094379124341003, "setBackgroundDrawable(Landroid/graphics/drawable/Drawable;)V\n": 1.0986122886681098, "addRule(I)V\n": 1.0986122886681098,