{"valueOf(Ljava/lang/Object;)Ljava/lang/String;\n": 9.887510598012987, "cancel()V\n": 5.375278407684165, "append(Ljava/lang/Object;)Ljava/lang/StringBuilder;\n": 2.772588722239781, "d(Ljava/lang/String;Ljava/lang/String;)I\n": 9.704060527839234, "getColumnIndex(Ljava/lang/String;)I\n": 2.3978952727983707, "get(I)Ljava/lang/Object;\n": 7.6246189861593985, "requestLayout()V\n": 1.3862943611198906, "getMenuInflater()Landroid/view/MenuInflater;\n": 1.3862943611198906, "getInt(Ljava/lang/String;)I\n": 2.0794415416798357, "setName(Ljava/lang/String;)V\n": 6.516193076042964, "c()Ljava/util/HashMap;\n": 1.6094379124341003, "setTextSize(F)V\n": 3.58351893845611, "a(Ljava/lang/String;)Ljava/lang/String;\n": 2.1972245773362196, "setTextColor(I)V\n": 4.1588830833596715, "setOrientation(I)V\n": 4.1588830833596715, "setJavaScriptEnabled(Z)V\n": 2.1972245773362196, "split(Ljava/lang/String;)[Ljava/lang/String;\n": 2.772588722239781, "getSupportFragmentManager()Landroid/support/v4/app/FragmentManager;\n": 4.1588830833596715, "getPackageName()Ljava/lang/String;\n": 3.295836866004329, "isEmpty(Ljava/lang/CharSequence;)Z\n": 9.704060527839234, "setNegativeButton(Ljava/lang/CharSequence;Landroid/content/DialogInterface$OnClickListener;)Landroid/app/AlertDialog$Builder;\n": 1.3862943611198906, "removeView(Landroid/view/View;)V\n": 3.295836866004329, "putExtra(Ljava/lang/String;Z)Landroid/content/Intent;\n": 1.3862943611198906, "getAbsolutePath()Ljava/lang/String;\n": 1.9459101490553132, "get(Ljava/lang/Object;)Ljava/lang/Object;\n": 13.862943611198906, "setText(I)V\n": 1.3862943611198906, "getParent()Landroid/view/ViewParent;\n": 2.1972245773362196, "a(IF)I\n": 4.624972813284271, "a(Landroid/app/Activity;)V\n": 1.9459101490553132, "commit()Z\n": 2.1972245773362196, "getPackageManager()Landroid/content/pm/PackageManager;\n": 1.0986122886681098, "setChecked(Z)V\n": 1.3862943611198906, "postDelayed(Ljava/lang/Runnable;J)Z\n": 2.1972245773362196, "getCurrentPosition()I\n": 2.3978952727983707, "w()V\n": 1.791759469228055, "getApplication()Landroid/app/Application;\n": 1.791759469228055, "setEnabled(Z)V\n": 3.295836866004329, "getLong(Ljava/lang/String;)J\n": 1.791759469228055, "stop()V\n": 4.605170185988092, "<init>(IIF)V\n": 2.1972245773362196, "launchAdActivity(Lcom/google/ads/internal/d;Lcom/google/ads/internal/e;)V\n": 2.0794415416798357, "addTab(Landroid/widget/TabHost$TabSpec;)V\n": 2.995732273553991, "putString(Ljava/lang/String;Ljava/lang/String;)Landroid/content/SharedPreferences$Editor;\n": 3.58351893845611, "<init>(Landroid/app/Activity;)V\n": 1.6094379124341003, "setFlags(I)Landroid/content/Intent;\n": 1.3862943611198906, "getColor(I)I\n": 1.6094379124341003, "resume()V\n": 2.70805020110221, "setBackgroundResource(I)V\n": 5.493061443340549, "putInt(Ljava/lang/String;I)V\n": 1.3862943611198906, "addView(Landroid/view/View;)V\n": 9.010913347279288, "a(IZ)Landroid/view/View;\n": 2.302585092994046, "<init>(Ljava/io/Reader;)V\n": 2.995732273553991, "setMessage(I)Landroid/app/AlertDialog$Builder;\n": 1.791759469228055, "newAdVideoView(IIII)V\n": 1.9459101490553132, "putExtra(Ljava/lang/String;J)Landroid/content/Intent;\n": 1.6094379124341003, "onCreateOptionsMenu(Landroid/view/Menu;)Z\n": 2.1972245773362196, "encode(Ljava/lang/String;Ljava/lang/String;)Ljava/lang/String;\n": 2.4849066497880004, "setLayoutParams(Landroid/view/ViewGroup$LayoutParams;)V\n": 7.6246189861593985, "d(Ljava/lang/String;)V\n": 5.493061443340549, "a()V\n": 5.545177444479562, "b(Landroid/webkit/WebView;)V\n": 1.6094379124341003, "getResourceAsStream(Ljava/lang/String;)Ljava/io/InputStream;\n": 4.248495242049359, "createChooser(Landroid/content/Intent;Ljava/lang/CharSequence;)Landroid/content/Intent;\n": 1.791759469228055, "startActivityForResult(Landroid/content/Intent;I)V\n": 2.0794415416798357, "setId(I)V\n": 4.1588830833596715, "a(Ljava/lang/String;Ljava/lang/String;)V\n": 2.1972245773362196, "getSharedPreferences(Ljava/lang/String;I)Landroid/content/SharedPreferences;\n": 2.772588722239781, "valueOf(I)Ljava/lang/String;\n": 2.772588722239781, "setDataAndType(Landroid/net/Uri;Ljava/lang/String;)Landroid/content/Intent;\n": 1.3862943611198906, "iterator()Ljava/util/Iterator;\n": 2.0794415416798357, "setContentView(Landroid/view/View;Landroid/view/ViewGroup$LayoutParams;)V\n": 1.3862943611198906, "loadUrl(Ljava/lang/String;)V\n": 4.1588830833596715, "getDefaultSharedPreferences(Landroid/content/Context;)Landroid/content/SharedPreferences;\n": 1.791759469228055, "a(Lcom/google/ads/internal/d;)V\n": 4.1588830833596715, "getSupportActionBar()Lcom/actionbarsherlock/app/ActionBar;\n": 2.5649493574615367, "moveToFirst()Z\n": 1.9459101490553132, "getString(I[Ljava/lang/Object;)Ljava/lang/String;\n": 1.9459101490553132, "getOpeningAdWebView()Lcom/google/ads/internal/AdWebView;\n": 2.0794415416798357, "substring(I)Ljava/lang/String;\n": 1.791759469228055, "getDimension(I)F\n": 2.9444389791664403, "getInstance()Landroid/webkit/CookieSyncManager;\n": 2.1972245773362196, "close()V\n": 7.690286020676768, "length()I\n": 4.1588830833596715, "getConfiguration()Landroid/content/res/Configuration;\n": 1.6094379124341003, "a(Landroid/webkit/WebView;)V\n": 1.6094379124341003, "putExtra(Ljava/lang/String;I)Landroid/content/Intent;\n": 2.0794415416798357, "d(Z)V\n": 1.6094379124341003, "getMessage()Ljava/lang/String;\n": 2.772588722239781, "isShowing()Z\n": 3.295836866004329, "a(Lcom/google/ads/internal/AdWebView;ZIZZ)V\n": 4.605170185988092, "b()Ljava/lang/String;\n": 2.1972245773362196, "b()V\n": 4.394449154672439, "setData(Landroid/net/Uri;)Landroid/content/Intent;\n": 2.1972245773362196, "v()V\n": 1.6094379124341003, "findPreference(Ljava/lang/CharSequence;)Landroid/preference/Preference;\n": 2.0794415416798357, "printStackTrace()V\n": 4.852030263919617, "u()V\n": 1.3862943611198906, "setImageResource(I)V\n": 2.772588722239781, "size()I\n": 5.545177444479562, "loadAnimation(Landroid/content/Context;I)Landroid/view/animation/Animation;\n": 2.0794415416798357, "getVisibility()I\n": 1.6094379124341003, "onClick(Landroid/view/View;)V\n": 2.772588722239781, "getText()Landroid/text/Editable;\n": 2.772588722239781, "a(I)V\n": 3.2188758248682006, "equalsIgnoreCase(Ljava/lang/String;)Z\n": 5.545177444479562, "applyDimension(IFLandroid/util/DisplayMetrics;)F\n": 2.772588722239781, "putExtra(Ljava/lang/String;Ljava/io/Serializable;)Landroid/content/Intent;\n": 1.791759469228055, "a(Landroid/content/Context;Ljava/lang/String;)V\n": 2.833213344056216, "a(Landroid/webkit/WebView;Z)V\n": 2.772588722239781, "dispatchTouchEvent(Landroid/view/MotionEvent;)Z\n": 2.302585092994046, "getSimpleName()Ljava/lang/String;\n": 1.6094379124341003, "getWidth()I\n": 2.1972245773362196, "getBoolean(Ljava/lang/String;)Z\n": 2.1972245773362196, "setMargins(IIII)V\n": 3.295836866004329, "setTitle(Ljava/lang/CharSequence;)Landroid/app/AlertDialog$Builder;\n": 2.1972245773362196, "contains(Ljava/lang/CharSequence;)Z\n": 1.3862943611198906, "getSettings()Landroid/webkit/WebSettings;\n": 3.4657359027997265, "getMetrics(Landroid/util/DisplayMetrics;)V\n": 1.6094379124341003, "setResult(I)V\n": 1.0986122886681098, "putExtra(Ljava/lang/String;Landroid/os/Parcelable;)Landroid/content/Intent;\n": 1.3862943611198906, "makeText(Landroid/content/Context;Ljava/lang/CharSequence;I)Landroid/widget/Toast;\n": 4.394449154672439, "getHeight()I\n": 2.772588722239781, "a(Ljava/lang/String;Ljava/lang/Throwable;)V\n": 4.828313737302301, "getBooleanExtra(Ljava/lang/String;Z)Z\n": 2.1972245773362196, "b()Lcom/google/ads/AdActivity;\n": 1.791759469228055, "setOnCompletionListener(Landroid/media/MediaPlayer$OnCompletionListener;)V\n": 1.9459101490553132, "indexOf(Ljava/lang/String;)I\n": 2.0794415416798357, "setCustomClose(Z)V\n": 2.302585092994046, "setIndicator(Ljava/lang/CharSequence;Landroid/graphics/drawable/Drawable;)Landroid/widget/TabHost$TabSpec;\n": 4.04305126783455, "next()Ljava/lang/Object;\n": 2.0794415416798357,