{"fromFile(Ljava/io/File;)Landroid/net/Uri;\n": 2.1972245773362196, "append(Ljava/lang/Object;)Ljava/lang/StringBuilder;\n": 3.4657359027997265, "c(Ljava/lang/String;)V\n": 4.394449154672439, "getColumnIndex(Ljava/lang/String;)I\n": 4.795790545596741, "get(I)Ljava/lang/Object;\n": 6.931471805599453, "getMenuInflater()Landroid/view/MenuInflater;\n": 1.3862943611198906, "getInt(Ljava/lang/String;)I\n": 1.3862943611198906, "a(Ljava/lang/String;Ljava/lang/String;)V\n": 10.986122886681098, "setKey(Ljava/lang/String;)V\n": 3.871201010907891, "setSummary(I)V\n": 3.6888794541139363, "findPreference(Ljava/lang/CharSequence;)Landroid/preference/Preference;\n": 12.476649250079014, "setJavaScriptEnabled(Z)V\n": 1.0986122886681098, "split(Ljava/lang/String;)[Ljava/lang/String;\n": 1.3862943611198906, "getSupportFragmentManager()Landroid/support/v4/app/FragmentManager;\n": 4.1588830833596715, "onCreateDialog(I)Landroid/app/Dialog;\n": 1.6094379124341003, "isEmpty(Ljava/lang/CharSequence;)Z\n": 9.704060527839234, "setNegativeButton(Ljava/lang/CharSequence;Landroid/content/DialogInterface$OnClickListener;)Landroid/app/AlertDialog$Builder;\n": 1.3862943611198906, "putExtra(Ljava/lang/String;Z)Landroid/content/Intent;\n": 2.772588722239781, "makeText(Landroid/content/Context;II)Landroid/widget/Toast;\n": 3.58351893845611, "e()V\n": 4.394449154672439, "setSelected(Z)V\n": 2.4849066497880004, "get(Ljava/lang/Object;)Ljava/lang/Object;\n": 4.1588830833596715, "setText(I)V\n": 9.704060527839234, "getPath()Ljava/lang/String;\n": 1.791759469228055, "getMessage()Ljava/lang/String;\n": 1.3862943611198906, "a(Landroid/app/Activity;)V\n": 1.9459101490553132, "commit()Z\n": 3.295836866004329, "getItem(I)Ljava/lang/Object;\n": 2.302585092994046, "setTitle(Ljava/lang/CharSequence;)Landroid/app/AlertDialog$Builder;\n": 2.1972245773362196, "setChecked(Z)V\n": 6.931471805599453, "getAbsolutePath()Ljava/lang/String;\n": 3.8918202981106265, "setIcon(I)Landroid/app/AlertDialog$Builder;\n": 1.9459101490553132, "setEnabled(Z)V\n": 7.690286020676768, "contains(Ljava/lang/Object;)Z\n": 1.791759469228055, "hasExtra(Ljava/lang/String;)Z\n": 1.791759469228055, "onOptionsItemSelected(Lcom/actionbarsherlock/view/MenuItem;)Z\n": 2.5649493574615367, "i(Ljava/lang/String;)V\n": 3.4011973816621555, "putString(Ljava/lang/String;Ljava/lang/String;)Landroid/content/SharedPreferences$Editor;\n": 1.791759469228055, "post(Ljava/lang/Runnable;)Z\n": 3.2188758248682006, "setFlags(I)Landroid/content/Intent;\n": 2.772588722239781, "getColor(I)I\n": 3.2188758248682006, "query(Landroid/net/Uri;[Ljava/lang/String;Ljava/lang/String;[Ljava/lang/String;Ljava/lang/String;)Landroid/database/Cursor;\n": 2.1972245773362196, "putInt(Ljava/lang/String;I)V\n": 1.3862943611198906, "put(Ljava/lang/String;Ljava/lang/Object;)Lorg/json/JSONObject;\n": 3.1780538303479458, "d(Ljava/lang/String;Ljava/lang/String;)I\n": 4.1588830833596715, "setMessage(I)Landroid/app/AlertDialog$Builder;\n": 1.791759469228055, "startActivityForResult(Landroid/content/Intent;I)V\n": 2.772588722239781, "append(J)Ljava/lang/StringBuilder;\n": 3.8918202981106265, "a(Ljava/lang/String;)Z\n": 2.3978952727983707, "moveToFirst()Z\n": 1.9459101490553132, "onCreateOptionsMenu(Landroid/view/Menu;)Z\n": 2.1972245773362196, "<init>(Landroid/content/Context;I)V\n": 1.9459101490553132, "setBackgroundColor(I)V\n": 2.0794415416798357, "d(Ljava/lang/String;)V\n": 1.0986122886681098, "currentTimeMillis()J\n": 4.1588830833596715, "findItem(I)Landroid/view/MenuItem;\n": 2.1972245773362196, "getActionBar()Landroid/app/ActionBar;\n": 2.4849066497880004, "setResult(ILandroid/content/Intent;)V\n": 3.295836866004329, "getCount()I\n": 3.2188758248682006, "setSummary(Ljava/lang/CharSequence;)V\n": 4.969813299576001, "getSharedPreferences(Ljava/lang/String;I)Landroid/content/SharedPreferences;\n": 2.772588722239781, "valueOf(I)Ljava/lang/String;\n": 2.772588722239781, "recycle()V\n": 2.0794415416798357, "isChecked()Z\n": 5.375278407684165, "format(Ljava/lang/String;[Ljava/lang/Object;)Ljava/lang/String;\n": 4.1588830833596715, "toLowerCase()Ljava/lang/String;\n": 2.1972245773362196, "getSupportActionBar()Lcom/actionbarsherlock/app/ActionBar;\n": 5.1298987149230735, "setCancelable(Z)Landroid/app/AlertDialog$Builder;\n": 1.3862943611198906, "getString(I[Ljava/lang/Object;)Ljava/lang/String;\n": 3.8918202981106265, "substring(I)Ljava/lang/String;\n": 1.791759469228055, "addAction(Ljava/lang/String;)V\n": 4.394449154672439, "close()V\n": 5.493061443340549, "length()I\n": 7.6246189861593985, "getChildCount()I\n": 1.9459101490553132, "setOnItemClickListener(Landroid/widget/AdapterView$OnItemClickListener;)V\n": 2.1972245773362196, "putExtra(Ljava/lang/String;I)Landroid/content/Intent;\n": 3.4657359027997265, "e(Ljava/lang/String;Ljava/lang/String;)I\n": 1.0986122886681098, "isShowing()Z\n": 2.1972245773362196, "getText(I)Ljava/lang/CharSequence;\n": 2.4849066497880004, "getDefaultDisplay()Landroid/view/Display;\n": 1.0986122886681098, "e()Ljava/lang/String;\n": 2.70805020110221, "b()Ljava/lang/String;\n": 2.1972245773362196, "b()V\n": 8.788898309344878, "q()V\n": 2.5649493574615367, "onNewIntent(Landroid/content/Intent;)V\n": 2.772588722239781, "loadUrl(Ljava/lang/String;)V\n": 0.6931471805599453, "printStackTrace()V\n": 5.545177444479562, "setImageResource(I)V\n": 2.772588722239781, "valueOf(C)Ljava/lang/Character;\n": 5.003946305945459, "loadAnimation(Landroid/content/Context;I)Landroid/view/animation/Animation;\n": 2.0794415416798357, "setPositiveButton(ILandroid/content/DialogInterface$OnClickListener;)Landroid/app/AlertDialog$Builder;\n": 2.772588722239781, "onClick(Landroid/view/View;)V\n": 2.772588722239781, "getContentResolver()Landroid/content/ContentResolver;\n": 4.1588830833596715, "a(I)V\n": 6.437751649736401, "setTitle(I)V\n": 5.375278407684165, "a(Ljava/lang/String;Z)V\n": 3.295836866004329, "inflate(ILandroid/view/ViewGroup;)Landroid/view/View;\n": 2.1972245773362196, "setId(I)V\n": 1.3862943611198906, "setResult(I)V\n": 2.1972245773362196, "getSimpleName()Ljava/lang/String;\n": 4.828313737302301, "getWidth()I\n": 2.1972245773362196, "getBoolean(Ljava/lang/String;)Z\n": 1.0986122886681098, "c()Ljava/lang/String;\n": 2.1972245773362196, "setClass(Landroid/content/Context;Ljava/lang/Class;)Landroid/content/Intent;\n": 2.302585092994046, "contains(Ljava/lang/CharSequence;)Z\n": 1.3862943611198906, "putExtra(Ljava/lang/String;J)Landroid/content/Intent;\n": 1.6094379124341003, "onPrepareOptionsMenu(Landroid/view/Menu;)Z\n": 2.0794415416798357, "l()V\n": 2.1972245773362196, "i()V\n": 3.58351893845611, "putExtra(Ljava/lang/String;Landroid/os/Parcelable;)Landroid/content/Intent;\n": 1.3862943611198906, "getDrawable(I)Landroid/graphics/drawable/Drawable;\n": 5.545177444479562, "getHeight()I\n": 2.772588722239781, "setData(Landroid/net/Uri;)Landroid/content/Intent;\n": 1.0986122886681098, "next()Ljava/lang/Object;\n": 4.1588830833596715, "getStringExtra(Ljava/lang/String;)Ljava/lang/String;\n": 8.317766166719343, "equalsIgnoreCase(Ljava/lang/String;)Z\n": 5.545177444479562, "getExternalStorageDirectory()Ljava/io/File;\n": 1.9459101490553132, "getSettings()Landroid/webkit/WebSettings;\n": 1.3862943611198906, "getBooleanExtra(Ljava/lang/String;Z)Z\n": 4.394449154672439, "onKeyDown(ILandroid/view/KeyEvent;)Z\n": 3.4657359027997265, "i(Ljava/lang/String;Ljava/lang/String;)V\n": 9.406482647787449, "setImageDrawable(Landroid/graphics/drawable/Drawable;)V\n": 3.2188758248682006, "getSerializableExtra(Ljava/lang/String;)Ljava/io/Serializable;\n": 1.3862943611198906, "intValue()I\n": 2.0794415416798357, "addView(Landroid/view/View;)V\n": 3.4657359027997265, "setType(Ljava/lang/String;)Landroid/content/Intent;\n": 1.0986122886681098, "onOptionsItemSelected(Landroid/view/MenuItem;)Z\n": 3.295836866004329, "e(Ljava/lang/String;Ljava/lang/String;Ljava/lang/Throwable;)I\n": 2.302585092994046, "getLayoutParams()Landroid/view/ViewGroup$LayoutParams;\n": 1.6094379124341003,