{"getHeight()I\n": 1.3862943611198906, "append(Ljava/lang/Object;)Ljava/lang/StringBuilder;\n": 2.772588722239781, "release()V\n": 2.0794415416798357, "getColumnIndex(Ljava/lang/String;)I\n": 9.591581091193483, "get(I)Ljava/lang/Object;\n": 11.090354888959125, "a(IIII)Landroid/widget/RelativeLayout$LayoutParams;\n": 3.8918202981106265, "setCancelable(Z)V\n": 1.6094379124341003, "getMenuInflater()Landroid/view/MenuInflater;\n": 1.3862943611198906, "getInt(Ljava/lang/String;)I\n": 1.3862943611198906, "getTitle()Ljava/lang/CharSequence;\n": 2.833213344056216, "getActivity()Landroid/support/v4/app/FragmentActivity;\n": 4.23410650459726, "c()Ljava/util/HashMap;\n": 1.6094379124341003, "setTextSize(F)V\n": 1.791759469228055, "toLowerCase()Ljava/lang/String;\n": 2.1972245773362196, "setTextColor(I)V\n": 5.545177444479562, "findPreference(Ljava/lang/CharSequence;)Landroid/preference/Preference;\n": 14.55609079175885, "setJavaScriptEnabled(Z)V\n": 1.0986122886681098, "split(Ljava/lang/String;)[Ljava/lang/String;\n": 4.1588830833596715, "getSupportFragmentManager()Landroid/support/v4/app/FragmentManager;\n": 4.1588830833596715, "setAdapter(Landroid/widget/ListAdapter;)V\n": 2.772588722239781, "isEmpty(Ljava/lang/CharSequence;)Z\n": 6.931471805599453, "setNegativeButton(Ljava/lang/CharSequence;Landroid/content/DialogInterface$OnClickListener;)Landroid/app/AlertDialog$Builder;\n": 1.3862943611198906, "removeView(Landroid/view/View;)V\n": 2.1972245773362196, "putExtra(Ljava/lang/String;Z)Landroid/content/Intent;\n": 1.3862943611198906, "makeText(Landroid/content/Context;II)Landroid/widget/Toast;\n": 1.791759469228055, "e()V\n": 3.295836866004329, "hideProgressDialog()V\n": 4.762173934797756, "get(Ljava/lang/Object;)Ljava/lang/Object;\n": 11.090354888959125, "setText(I)V\n": 2.772588722239781, "getParent()Landroid/view/ViewParent;\n": 1.0986122886681098, "<init>(Landroid/os/Bundle;)V\n": 1.6094379124341003, "a(Landroid/app/Activity;)V\n": 1.9459101490553132, "commit()Z\n": 3.295836866004329, "getPackageManager()Landroid/content/pm/PackageManager;\n": 1.0986122886681098, "setChecked(Z)V\n": 1.3862943611198906, "postDelayed(Ljava/lang/Runnable;J)Z\n": 1.0986122886681098, "floatValue()F\n": 9.534161491043838, "setIcon(I)Landroid/app/AlertDialog$Builder;\n": 3.8918202981106265, "getApplication()Landroid/app/Application;\n": 1.791759469228055, "setEnabled(Z)V\n": 7.690286020676768, "getInt(I)I\n": 2.4849066497880004, "i(Ljava/lang/String;)V\n": 3.4011973816621555, "putString(Ljava/lang/String;Ljava/lang/String;)Landroid/content/SharedPreferences$Editor;\n": 5.375278407684165, "<init>(Landroid/app/Activity;)V\n": 1.6094379124341003, "setFlags(I)Landroid/content/Intent;\n": 2.772588722239781, "getColor(I)I\n": 1.6094379124341003, "onRetainNonConfigurationInstance()Ljava/lang/Object;\n": 2.302585092994046, "putInt(Ljava/lang/String;I)V\n": 1.3862943611198906, "clear()V\n": 2.1972245773362196, "a(IZ)Landroid/view/View;\n": 2.302585092994046, "d(Ljava/lang/String;Ljava/lang/String;)I\n": 5.545177444479562, "setMessage(I)Landroid/app/AlertDialog$Builder;\n": 1.791759469228055, "startActivityForResult(Landroid/content/Intent;I)V\n": 3.4657359027997265, "start()V\n": 2.0794415416798357, "append(J)Ljava/lang/StringBuilder;\n": 1.9459101490553132, "moveToFirst()Z\n": 1.9459101490553132, "onCreateOptionsMenu(Landroid/view/Menu;)Z\n": 3.295836866004329, "encode(Ljava/lang/String;Ljava/lang/String;)Ljava/lang/String;\n": 2.4849066497880004, "setBackgroundColor(I)V\n": 4.1588830833596715, "setView(Landroid/view/View;)Landroid/app/AlertDialog$Builder;\n": 3.8918202981106265, "getListView()Landroid/widget/ListView;\n": 4.605170185988092, "setBackgroundResource(I)V\n": 7.690286020676768, "createChooser(Landroid/content/Intent;Ljava/lang/CharSequence;)Landroid/content/Intent;\n": 3.58351893845611, "setResult(ILandroid/content/Intent;)V\n": 2.1972245773362196, "getCount()I\n": 1.6094379124341003, "setSummary(Ljava/lang/CharSequence;)V\n": 4.969813299576001, "getSharedPreferences(Ljava/lang/String;I)Landroid/content/SharedPreferences;\n": 5.545177444479562, "getSupportActionBar()Lcom/actionbarsherlock/app/ActionBar;\n": 5.1298987149230735, "setDataAndType(Landroid/net/Uri;Ljava/lang/String;)Landroid/content/Intent;\n": 1.3862943611198906, "getId()J\n": 3.4657359027997265, "getBoolean(I)Z\n": 3.044522437723423, "isChecked()Z\n": 1.791759469228055, "getDefaultSharedPreferences(Landroid/content/Context;)Landroid/content/SharedPreferences;\n": 3.58351893845611, "a(Lcom/google/ads/internal/d;)V\n": 2.0794415416798357, "<init>(Ljava/lang/Runnable;)V\n": 1.791759469228055, "getOpeningAdWebView()Lcom/google/ads/internal/AdWebView;\n": 2.0794415416798357, "setData(Landroid/net/Uri;)Landroid/content/Intent;\n": 2.1972245773362196, "next()I\n": 9.382695764458287, "getInstance()Landroid/webkit/CookieSyncManager;\n": 2.1972245773362196, "close()V\n": 7.690286020676768, "length()I\n": 5.545177444479562, "getConfiguration()Landroid/content/res/Configuration;\n": 1.6094379124341003, "a(Landroid/webkit/WebView;)V\n": 1.6094379124341003, "putExtra(Ljava/lang/String;I)Landroid/content/Intent;\n": 1.3862943611198906, "w(Ljava/lang/String;Ljava/lang/String;)I\n": 2.5649493574615367, "getMessage()Ljava/lang/String;\n": 2.772588722239781, "isShowing()Z\n": 2.1972245773362196, "getText(I)Ljava/lang/CharSequence;\n": 2.4849066497880004, "a(Lcom/google/ads/internal/AdWebView;ZIZZ)V\n": 2.302585092994046, "b()Ljava/lang/String;\n": 2.1972245773362196, "b()V\n": 4.394449154672439, "onNewIntent(Landroid/content/Intent;)V\n": 1.3862943611198906, "loadUrl(Ljava/lang/String;)V\n": 3.4657359027997265, "printStackTrace()V\n": 3.4657359027997265, "u()V\n": 1.3862943611198906, "setImageResource(I)V\n": 3.4657359027997265, "getAbsolutePath()Ljava/lang/String;\n": 1.9459101490553132, "setVisible(Z)Lcom/actionbarsherlock/view/MenuItem;\n": 3.367295829986474, "startsWith(Ljava/lang/String;)Z\n": 1.3862943611198906, "execute([Ljava/lang/Object;)Landroid/os/AsyncTask;\n": 4.394449154672439, "onClick(Landroid/view/View;)V\n": 2.0794415416798357, "getText()Landroid/text/Editable;\n": 6.931471805599453, "a(I)V\n": 1.6094379124341003, "setTitle(I)V\n": 1.791759469228055, "applyDimension(IFLandroid/util/DisplayMetrics;)F\n": 1.3862943611198906, "putExtra(Ljava/lang/String;Ljava/io/Serializable;)Landroid/content/Intent;\n": 3.58351893845611, "inflate(ILandroid/view/ViewGroup;)Landroid/view/View;\n": 2.1972245773362196, "getExternalStorageDirectory()Ljava/io/File;\n": 1.9459101490553132, "setId(I)V\n": 1.3862943611198906, "dispatchTouchEvent(Landroid/view/MotionEvent;)Z\n": 2.302585092994046, "getSimpleName()Ljava/lang/String;\n": 3.2188758248682006, "getWidth()I\n": 2.1972245773362196, "getBoolean(Ljava/lang/String;)Z\n": 2.1972245773362196, "setMargins(IIII)V\n": 1.0986122886681098, "setTitle(Ljava/lang/CharSequence;)Landroid/app/AlertDialog$Builder;\n": 2.1972245773362196, "contains(Ljava/lang/CharSequence;)Z\n": 1.3862943611198906, "putExtra(Ljava/lang/String;J)Landroid/content/Intent;\n": 1.6094379124341003, "setResult(I)V\n": 2.1972245773362196, "getSharedPreferences()Landroid/content/SharedPreferences;\n": 5.991464547107982, "putExtra(Ljava/lang/String;Landroid/os/Parcelable;)Landroid/content/Intent;\n": 1.3862943611198906, "makeText(Landroid/content/Context;Ljava/lang/CharSequence;I)Landroid/widget/Toast;\n": 5.493061443340549, "a(Ljava/lang/String;Ljava/lang/Throwable;)V\n": 4.828313737302301, "next()Ljava/lang/Object;\n": 1.3862943611198906, "b()Lcom/google/ads/AdActivity;\n": 1.791759469228055, "getStringExtra(Ljava/lang/String;)Ljava/lang/String;\n": 6.238324625039508, "equalsIgnoreCase(Ljava/lang/String;)Z\n": 6.931471805599453, "setCustomClose(Z)V\n": 2.302585092994046, "getSettings()Landroid/webkit/WebSettings;\n": 4.852030263919617, "setBuiltInZoomControls(Z)V\n": 1.791759469228055, "getBooleanExtra(Ljava/lang/String;Z)Z\n": 2.1972245773362196, "onKeyDown(ILandroid/view/KeyEvent;)Z\n": 4.1588830833596715,