{"cancel()V\n": 1.791759469228055, "append(Ljava/lang/Object;)Ljava/lang/StringBuilder;\n": 3.4657359027997265, "stopLoading()V\n": 1.3862943611198906, "get(I)Ljava/lang/Object;\n": 6.931471805599453, "requestLayout()V\n": 1.3862943611198906, "o()Ljava/lang/String;\n": 3.784189633918261, "getMenuInflater()Landroid/view/MenuInflater;\n": 1.3862943611198906, "onNewIntent(Landroid/content/Intent;)V\n": 2.772588722239781, "getInt(Ljava/lang/String;)I\n": 2.772588722239781, "a(Ljava/lang/String;Ljava/lang/String;)V\n": 2.1972245773362196, "setTextSize(F)V\n": 3.58351893845611, "toLowerCase()Ljava/lang/String;\n": 2.1972245773362196, "setTextColor(I)V\n": 13.862943611198906, "getIdentifier(Ljava/lang/String;Ljava/lang/String;Ljava/lang/String;)I\n": 4.969813299576001, "findPreference(Ljava/lang/CharSequence;)Landroid/preference/Preference;\n": 4.1588830833596715, "setJavaScriptEnabled(Z)V\n": 2.1972245773362196, "a(Ljava/lang/String;[Ljava/lang/Object;)V\n": 23.636939093561704, "getSupportFragmentManager()Landroid/support/v4/app/FragmentManager;\n": 5.545177444479562, "onCreateDialog(I)Landroid/app/Dialog;\n": 1.6094379124341003, "isEmpty(Ljava/lang/CharSequence;)Z\n": 6.931471805599453, "setNegativeButton(Ljava/lang/CharSequence;Landroid/content/DialogInterface$OnClickListener;)Landroid/app/AlertDialog$Builder;\n": 1.3862943611198906, "removeView(Landroid/view/View;)V\n": 2.1972245773362196, "putExtra(Ljava/lang/String;Z)Landroid/content/Intent;\n": 2.0794415416798357, "makeText(Landroid/content/Context;II)Landroid/widget/Toast;\n": 1.791759469228055, "e()V\n": 4.394449154672439, "setSelected(Z)V\n": 4.969813299576001, "get(Ljava/lang/Object;)Ljava/lang/Object;\n": 7.6246189861593985, "setText(I)V\n": 1.3862943611198906, "getParent()Landroid/view/ViewParent;\n": 1.0986122886681098, "getMessage()Ljava/lang/String;\n": 2.0794415416798357, "a(Landroid/app/Activity;)V\n": 3.8918202981106265, "commit()Z\n": 3.295836866004329, "getPackageManager()Landroid/content/pm/PackageManager;\n": 1.0986122886681098, "startsWith(Ljava/lang/String;)Z\n": 1.3862943611198906, "setWebChromeClient(Landroid/webkit/WebChromeClient;)V\n": 1.3862943611198906, "postDelayed(Ljava/lang/Runnable;J)Z\n": 2.1972245773362196, "setFillEnabled(Z)V\n": 3.8918202981106265, "getApplication()Landroid/app/Application;\n": 1.791759469228055, "setEnabled(Z)V\n": 4.394449154672439, "contains(Ljava/lang/Object;)Z\n": 1.791759469228055, "setBackgroundResource(I)V\n": 7.690286020676768, "findFragmentByTag(Ljava/lang/String;)Landroid/support/v4/app/Fragment;\n": 2.302585092994046, "launchAdActivity(Lcom/google/ads/internal/d;Lcom/google/ads/internal/e;)V\n": 2.0794415416798357, "putString(Ljava/lang/String;Ljava/lang/String;)Landroid/content/SharedPreferences$Editor;\n": 1.791759469228055, "post(Ljava/lang/Runnable;)Z\n": 1.6094379124341003, "setFlags(I)Landroid/content/Intent;\n": 2.772588722239781, "getColor(I)I\n": 3.2188758248682006, "onRetainNonConfigurationInstance()Ljava/lang/Object;\n": 2.302585092994046, "putInt(Ljava/lang/String;I)V\n": 1.3862943611198906, "put(Ljava/lang/String;Ljava/lang/Object;)Lorg/json/JSONObject;\n": 6.3561076606958915, "a(IZ)Landroid/view/View;\n": 2.302585092994046, "putExtras(Landroid/os/Bundle;)Landroid/content/Intent;\n": 1.0986122886681098, "a(Landroid/content/Context;)Z\n": 2.4849066497880004, "onCreateOptionsMenu(Landroid/view/Menu;)Z\n": 3.295836866004329, "encode(Ljava/lang/String;Ljava/lang/String;)Ljava/lang/String;\n": 4.969813299576001, "setBackgroundColor(I)V\n": 5.545177444479562, "d(Ljava/lang/String;)V\n": 2.1972245773362196, "currentTimeMillis()J\n": 1.3862943611198906, "<init>(IIF)V\n": 2.1972245773362196, "getResourceAsStream(Ljava/lang/String;)Ljava/io/InputStream;\n": 16.993980968197437, "startActivityForResult(Landroid/content/Intent;I)V\n": 4.1588830833596715, "getCount()I\n": 1.6094379124341003, "getSharedPreferences(Ljava/lang/String;I)Landroid/content/SharedPreferences;\n": 2.772588722239781, "getSupportActionBar()Lcom/actionbarsherlock/app/ActionBar;\n": 5.1298987149230735, "getOpeningAdWebView()Lcom/google/ads/internal/AdWebView;\n": 2.0794415416798357, "i()V\n": 1.791759469228055, "setContentView(Landroid/view/View;Landroid/view/ViewGroup$LayoutParams;)V\n": 2.772588722239781, "isChecked()Z\n": 1.791759469228055, "a(Lcom/google/ads/internal/d;)V\n": 2.0794415416798357, "valueOf(I)Ljava/lang/String;\n": 2.772588722239781, "a(Ljava/lang/String;)V\n": 12.476649250079015, "getId()Ljava/lang/String;\n": 2.70805020110221, "getHeight()I\n": 4.1588830833596715, "onOptionsItemSelected(Lcom/actionbarsherlock/view/MenuItem;)Z\n": 5.1298987149230735, "substring(I)Ljava/lang/String;\n": 1.791759469228055, "setId(I)V\n": 4.1588830833596715, "b(Ljava/lang/String;Ljava/lang/Throwable;)V\n": 4.1588830833596715, "close()V\n": 5.493061443340549, "length()I\n": 5.545177444479562, "getConfiguration()Landroid/content/res/Configuration;\n": 1.6094379124341003, "S()V\n": 2.772588722239781, "putExtra(Ljava/lang/String;I)Landroid/content/Intent;\n": 2.772588722239781, "isShowing()Z\n": 2.1972245773362196, "getText(I)Ljava/lang/CharSequence;\n": 4.969813299576001, "a(Lcom/google/ads/internal/AdWebView;ZIZZ)V\n": 2.302585092994046, "b()Ljava/lang/String;\n": 4.394449154672439, "b()V\n": 6.591673732008658, "get(I)I\n": 2.3978952727983707, "setData(Landroid/net/Uri;)Landroid/content/Intent;\n": 1.0986122886681098, "v()V\n": 1.6094379124341003, "loadUrl(Ljava/lang/String;)V\n": 2.772588722239781, "printStackTrace()V\n": 8.317766166719343, "u()V\n": 1.3862943611198906, "setImageResource(I)V\n": 3.4657359027997265, "size()I\n": 6.931471805599453, "getAssets()Landroid/content/res/AssetManager;\n": 2.0794415416798357, "loadAnimation(Landroid/content/Context;I)Landroid/view/animation/Animation;\n": 4.1588830833596715, "addView(Landroid/view/View;)V\n": 6.931471805599453, "onClick(Landroid/view/View;)V\n": 2.0794415416798357, "getText()Landroid/text/Editable;\n": 4.1588830833596715, "a(I)V\n": 3.2188758248682006, "applyDimension(IFLandroid/util/DisplayMetrics;)F\n": 1.3862943611198906, "putExtra(Ljava/lang/String;Ljava/io/Serializable;)Landroid/content/Intent;\n": 1.791759469228055, "getActiveSession()Lcom/facebook/Session;\n": 2.995732273553991, "inflate(ILandroid/view/ViewGroup;)Landroid/view/View;\n": 2.1972245773362196, "dispatchTouchEvent(Landroid/view/MotionEvent;)Z\n": 2.302585092994046, "getWidth()I\n": 3.295836866004329, "getBoolean(Ljava/lang/String;)Z\n": 3.295836866004329, "setMargins(IIII)V\n": 2.1972245773362196, "setTitle(Ljava/lang/CharSequence;)Landroid/app/AlertDialog$Builder;\n": 2.1972245773362196, "invoke(Ljava/lang/Object;[Ljava/lang/Object;)Ljava/lang/Object;\n": 2.4849066497880004, "setClass(Landroid/content/Context;Ljava/lang/Class;)Landroid/content/Intent;\n": 2.302585092994046, "contains(Ljava/lang/CharSequence;)Z\n": 2.772588722239781, "putExtra(Ljava/lang/String;J)Landroid/content/Intent;\n": 1.6094379124341003, "getMetrics(Landroid/util/DisplayMetrics;)V\n": 1.6094379124341003, "onPrepareOptionsMenu(Landroid/view/Menu;)Z\n": 2.0794415416798357, "setResult(I)V\n": 3.295836866004329, "j()V\n": 1.791759469228055, "putExtra(Ljava/lang/String;Landroid/os/Parcelable;)Landroid/content/Intent;\n": 1.3862943611198906, "getDrawable(I)Landroid/graphics/drawable/Drawable;\n": 2.772588722239781, "putSerializable(Ljava/lang/String;Ljava/io/Serializable;)V\n": 1.791759469228055, "a(Ljava/lang/String;Ljava/lang/Throwable;)V\n": 3.2188758248682006, "getBaseContext()Landroid/content/Context;\n": 2.0794415416798357, "setProgress(I)V\n": 1.9459101490553132, "equalsIgnoreCase(Ljava/lang/String;)Z\n": 16.635532333438686, "getSettings()Landroid/webkit/WebSettings;\n": 3.4657359027997265, "getBooleanExtra(Ljava/lang/String;Z)Z\n": 3.295836866004329, "execute([Ljava/lang/Object;)Landroid/os/AsyncTask;\n": 4.394449154672439, "onKeyDown(ILandroid/view/KeyEvent;)Z\n": 4.852030263919617, "i(Ljava/lang/String;Ljava/lang/String;)V\n": 6.270988431858299,