{"valueOf(Ljava/lang/Object;)Ljava/lang/String;\n": 7.690286020676768, "cancel()V\n": 1.791759469228055, "append(Ljava/lang/Object;)Ljava/lang/StringBuilder;\n": 4.1588830833596715, "c(Ljava/lang/String;)V\n": 2.1972245773362196, "stopLoading()V\n": 1.3862943611198906, "get(I)Ljava/lang/Object;\n": 9.704060527839234, "getInt(Ljava/lang/String;)I\n": 2.0794415416798357, "put(Ljava/lang/String;Ljava/lang/String;)V\n": 2.8903717578961645, "setTextSize(F)V\n": 3.58351893845611, "setTextColor(I)V\n": 5.545177444479562, "intValue()I\n": 3.4657359027997265, "findPreference(Ljava/lang/CharSequence;)Landroid/preference/Preference;\n": 2.0794415416798357, "setJavaScriptEnabled(Z)V\n": 2.1972245773362196, "split(Ljava/lang/String;)[Ljava/lang/String;\n": 1.3862943611198906, "getSupportFragmentManager()Landroid/support/v4/app/FragmentManager;\n": 8.317766166719343, "containsKey(Ljava/lang/String;)Z\n": 1.791759469228055, "onCreateDialog(I)Landroid/app/Dialog;\n": 1.6094379124341003, "isEmpty(Ljava/lang/CharSequence;)Z\n": 5.545177444479562, "setNegativeButton(Ljava/lang/CharSequence;Landroid/content/DialogInterface$OnClickListener;)Landroid/app/AlertDialog$Builder;\n": 1.3862943611198906, "removeView(Landroid/view/View;)V\n": 1.0986122886681098, "putExtra(Ljava/lang/String;Z)Landroid/content/Intent;\n": 2.0794415416798357, "e()V\n": 3.295836866004329, "setSelected(Z)V\n": 2.4849066497880004, "get(Ljava/lang/Object;)Ljava/lang/Object;\n": 6.931471805599453, "setText(I)V\n": 2.772588722239781, "getParent()Landroid/view/ViewParent;\n": 1.0986122886681098, "getMessage()Ljava/lang/String;\n": 1.3862943611198906, "setDisplayHomeAsUpEnabled(Z)V\n": 1.9459101490553132, "getPackageManager()Landroid/content/pm/PackageManager;\n": 1.0986122886681098, "setChecked(Z)V\n": 1.3862943611198906, "postDelayed(Ljava/lang/Runnable;J)Z\n": 1.0986122886681098, "getApplication()Landroid/app/Application;\n": 1.791759469228055, "setEnabled(Z)V\n": 3.295836866004329, "gc()V\n": 2.5649493574615367, "onOptionsItemSelected(Lcom/actionbarsherlock/view/MenuItem;)Z\n": 2.5649493574615367, "findFragmentByTag(Ljava/lang/String;)Landroid/support/v4/app/Fragment;\n": 2.302585092994046, "putString(Ljava/lang/String;Ljava/lang/String;)Landroid/content/SharedPreferences$Editor;\n": 1.791759469228055, "post(Ljava/lang/Runnable;)Z\n": 3.2188758248682006, "setFlags(I)Landroid/content/Intent;\n": 1.3862943611198906, "build()Ljava/util/Map;\n": 7.65728279297819, "onRetainNonConfigurationInstance()Ljava/lang/Object;\n": 2.302585092994046, "schedule(Ljava/util/TimerTask;J)V\n": 2.5649493574615367, "putInt(Ljava/lang/String;I)V\n": 1.3862943611198906, "clear()V\n": 2.1972245773362196, "putExtras(Landroid/os/Bundle;)Landroid/content/Intent;\n": 1.0986122886681098, "startActivityForResult(Landroid/content/Intent;I)V\n": 2.772588722239781, "append(J)Ljava/lang/StringBuilder;\n": 1.9459101490553132, "runOnUiThread(Ljava/lang/Runnable;)V\n": 1.791759469228055, "a(Ljava/lang/String;)Z\n": 2.3978952727983707, "onCreateOptionsMenu(Landroid/view/Menu;)Z\n": 2.1972245773362196, "encode(Ljava/lang/String;Ljava/lang/String;)Ljava/lang/String;\n": 2.4849066497880004, "setBackgroundColor(I)V\n": 4.1588830833596715, "d(Ljava/lang/String;)V\n": 2.1972245773362196, "currentTimeMillis()J\n": 2.772588722239781, "<init>(IIF)V\n": 2.1972245773362196, "setResult(ILandroid/content/Intent;)V\n": 2.1972245773362196, "addAction(Ljava/lang/String;)V\n": 2.1972245773362196, "a(Ljava/lang/String;Ljava/lang/String;)V\n": 4.394449154672439, "getSharedPreferences(Ljava/lang/String;I)Landroid/content/SharedPreferences;\n": 2.772588722239781, "getSupportActionBar()Lcom/actionbarsherlock/app/ActionBar;\n": 2.5649493574615367, "i()V\n": 1.791759469228055, "setContentView(Landroid/view/View;Landroid/view/ViewGroup$LayoutParams;)V\n": 2.772588722239781, "valueOf(I)Ljava/lang/String;\n": 2.772588722239781, "setCancelable(Z)Landroid/app/AlertDialog$Builder;\n": 1.3862943611198906, "getId()Ljava/lang/String;\n": 2.70805020110221, "getHeight()I\n": 2.772588722239781, "send(Ljava/util/Map;)V\n": 7.742402021815782, "setData(Landroid/net/Uri;)Landroid/content/Intent;\n": 1.0986122886681098, "setId(I)V\n": 4.1588830833596715, "b(Ljava/lang/String;Ljava/lang/Throwable;)V\n": 2.772588722239781, "close()V\n": 3.295836866004329, "length()I\n": 6.238324625039508, "getConfiguration()Landroid/content/res/Configuration;\n": 1.6094379124341003, "getTitle()Ljava/lang/String;\n": 2.1972245773362196, "putExtra(Ljava/lang/String;I)Landroid/content/Intent;\n": 2.0794415416798357, "isShowing()Z\n": 2.1972245773362196, "getDefaultDisplay()Landroid/view/Display;\n": 2.1972245773362196, "b()Ljava/lang/String;\n": 2.1972245773362196, "b()V\n": 6.591673732008658, "onNewIntent(Landroid/content/Intent;)V\n": 1.3862943611198906, "loadUrl(Ljava/lang/String;)V\n": 2.772588722239781, "printStackTrace()V\n": 6.238324625039508, "replaceAll(Ljava/lang/String;Ljava/lang/String;)Ljava/lang/String;\n": 14.387371636790224, "setClickable(Z)V\n": 1.9459101490553132, "getContentResolver()Landroid/content/ContentResolver;\n": 1.3862943611198906, "getIdentifier(Ljava/lang/String;Ljava/lang/String;Ljava/lang/String;)I\n": 2.4849066497880004, "execute([Ljava/lang/Object;)Landroid/os/AsyncTask;\n": 4.394449154672439, "onClick(Landroid/view/View;)V\n": 2.772588722239781, "getText()Landroid/text/Editable;\n": 4.1588830833596715, "a(I)V\n": 4.828313737302301, "indexOf(Ljava/lang/String;)I\n": 2.0794415416798357, "applyDimension(IFLandroid/util/DisplayMetrics;)F\n": 1.3862943611198906, "getAssets()Landroid/content/res/AssetManager;\n": 2.0794415416798357, "inflate(ILandroid/view/ViewGroup;)Landroid/view/View;\n": 2.1972245773362196, "dispatchTouchEvent(Landroid/view/MotionEvent;)Z\n": 2.302585092994046, "getSimpleName()Ljava/lang/String;\n": 4.828313737302301, "getWidth()I\n": 2.1972245773362196, "getBoolean(Ljava/lang/String;)Z\n": 2.1972245773362196, "setMargins(IIII)V\n": 1.0986122886681098, "setTitle(Ljava/lang/CharSequence;)Landroid/app/AlertDialog$Builder;\n": 2.1972245773362196, "contains(Ljava/lang/CharSequence;)Z\n": 1.3862943611198906, "getMetrics(Landroid/util/DisplayMetrics;)V\n": 1.6094379124341003, "setResult(I)V\n": 1.0986122886681098, "j()V\n": 1.791759469228055, "putExtra(Ljava/lang/String;Landroid/os/Parcelable;)Landroid/content/Intent;\n": 1.3862943611198906, "makeText(Landroid/content/Context;Ljava/lang/CharSequence;I)Landroid/widget/Toast;\n": 2.1972245773362196, "setVolumeControlStream(I)V\n": 2.5649493574615367, "a(Ljava/lang/String;Ljava/lang/Throwable;)V\n": 1.6094379124341003, "getBooleanExtra(Ljava/lang/String;Z)Z\n": 3.295836866004329, "getStringExtra(Ljava/lang/String;)Ljava/lang/String;\n": 9.704060527839234, "equalsIgnoreCase(Ljava/lang/String;)Z\n": 6.931471805599453, "getSettings()Landroid/webkit/WebSettings;\n": 3.4657359027997265, "next()Ljava/lang/Object;\n": 2.772588722239781, "onKeyDown(ILandroid/view/KeyEvent;)Z\n": 4.1588830833596715, "i(Ljava/lang/String;Ljava/lang/String;)V\n": 18.812965295574898, "setImageDrawable(Landroid/graphics/drawable/Drawable;)V\n": 3.2188758248682006, "getDisplayMetrics()Landroid/util/DisplayMetrics;\n": 1.3862943611198906, "getQueryParameter(Ljava/lang/String;)Ljava/lang/String;\n": 2.3978952727983707, "isPlaying()Z\n": 2.302585092994046, "addView(Landroid/view/View;)V\n": 7.6246189861593985, "h()V\n": 1.3862943611198906, "onOptionsItemSelected(Landroid/view/MenuItem;)Z\n": 2.1972245773362196, "getLayoutParams()Landroid/view/ViewGroup$LayoutParams;\n": 3.2188758248682006, "c(Z)V\n": 2.5649493574615367, "N()V\n": 2.3978952727983707, "getAction()Ljava/lang/String;\n": 1.3862943611198906, "c()Z\n": 2.0794415416798357, "replace(Ljava/lang/CharSequence;Ljava/lang/CharSequence;)Ljava/lang/String;\n": 11.090354888959125, "a(Landroid/os/Bundle;)V\n": 1.9459101490553132, "getSupportActionBar()Landroid/support/v7/app/ActionBar;\n": 2.833213344056216, "a(IIII)Landroid/widget/RelativeLayout$LayoutParams;\n": 1.9459101490553132,