{"j()V\n": 1.791759469228055, "getHeight()I\n": 1.3862943611198906, "append(Ljava/lang/Object;)Ljava/lang/StringBuilder;\n": 1.3862943611198906, "c(Ljava/lang/String;)V\n": 4.394449154672439, "get(I)Ljava/lang/Object;\n": 17.328679513998633, "setFocusable(Z)V\n": 2.3978952727983707, "put(Ljava/lang/String;Ljava/lang/Object;)Lorg/json/JSONObject;\n": 3.1780538303479458, "getInt(Ljava/lang/String;)I\n": 1.3862943611198906, "a(Ljava/lang/String;Ljava/lang/String;)V\n": 10.986122886681098, "setTextSize(F)V\n": 1.791759469228055, "a(Ljava/lang/String;)Ljava/lang/String;\n": 2.1972245773362196, "split(Ljava/lang/String;)[Ljava/lang/String;\n": 1.3862943611198906, "getSupportFragmentManager()Landroid/support/v4/app/FragmentManager;\n": 4.1588830833596715, "onCreateDialog(I)Landroid/app/Dialog;\n": 1.6094379124341003, "isEmpty(Ljava/lang/CharSequence;)Z\n": 2.772588722239781, "runOnUiThread(Ljava/lang/Runnable;)V\n": 1.791759469228055, "putExtra(Ljava/lang/String;Z)Landroid/content/Intent;\n": 2.0794415416798357, "e()V\n": 3.295836866004329, "get(Ljava/lang/Object;)Ljava/lang/Object;\n": 6.931471805599453, "setText(I)V\n": 5.545177444479562, "getMessage()Ljava/lang/String;\n": 2.0794415416798357, "setSelection(I)V\n": 1.791759469228055, "setChecked(Z)V\n": 5.545177444479562, "postDelayed(Ljava/lang/Runnable;J)Z\n": 1.0986122886681098, "getApplication()Landroid/app/Application;\n": 3.58351893845611, "setEnabled(Z)V\n": 7.690286020676768, "onOptionsItemSelected(Lcom/actionbarsherlock/view/MenuItem;)Z\n": 2.5649493574615367, "post(Ljava/lang/Runnable;)Z\n": 1.6094379124341003, "setFlags(I)Landroid/content/Intent;\n": 2.772588722239781, "getColor(I)I\n": 4.828313737302301, "a(D)Ljava/lang/String;\n": 5.25227342804663, "putInt(Ljava/lang/String;I)V\n": 1.3862943611198906, "clear()V\n": 3.295836866004329, "d(Ljava/lang/String;Ljava/lang/String;)I\n": 2.772588722239781, "startActivityForResult(Landroid/content/Intent;I)V\n": 2.0794415416798357, "onCreateOptionsMenu(Landroid/view/Menu;)Z\n": 2.1972245773362196, "setBackgroundColor(I)V\n": 0.6931471805599453, "d(Ljava/lang/String;)V\n": 1.0986122886681098, "a()V\n": 6.238324625039508, "setBackgroundResource(I)V\n": 6.591673732008658, "setResult(ILandroid/content/Intent;)V\n": 2.1972245773362196, "getCount()I\n": 1.6094379124341003, "valueOf(I)Ljava/lang/String;\n": 4.1588830833596715, "i()V\n": 3.58351893845611, "isChecked()Z\n": 3.58351893845611, "setCancelable(Z)Landroid/app/AlertDialog$Builder;\n": 1.3862943611198906, "getString(I[Ljava/lang/Object;)Ljava/lang/String;\n": 1.9459101490553132, "substring(I)Ljava/lang/String;\n": 1.791759469228055, "close()V\n": 2.1972245773362196, "length()I\n": 9.010913347279288, "putExtra(Ljava/lang/String;I)Landroid/content/Intent;\n": 2.0794415416798357, "isShowing()Z\n": 1.0986122886681098, "valueOf(I)Ljava/lang/Integer;\n": 5.545177444479562, "e()Ljava/lang/String;\n": 2.70805020110221, "b()Ljava/lang/String;\n": 3.295836866004329, "b()V\n": 7.690286020676768, "get(I)I\n": 7.193685818395112, "q()V\n": 2.5649493574615367, "onNewIntent(Landroid/content/Intent;)V\n": 1.3862943611198906, "loadUrl(Ljava/lang/String;)V\n": 0.6931471805599453, "printStackTrace()V\n": 3.4657359027997265, "o()V\n": 2.3978952727983707, "setImageResource(I)V\n": 2.0794415416798357, "getIdentifier(Ljava/lang/String;Ljava/lang/String;Ljava/lang/String;)I\n": 4.969813299576001, "setPositiveButton(ILandroid/content/DialogInterface$OnClickListener;)Landroid/app/AlertDialog$Builder;\n": 1.3862943611198906, "onClick(Landroid/view/View;)V\n": 2.0794415416798357, "getText()Landroid/text/Editable;\n": 16.635532333438686, "a(I)V\n": 6.437751649736401, "setTitle(I)V\n": 3.58351893845611, "get(Ljava/lang/String;)Ljava/lang/Object;\n": 1.791759469228055, "inflate(ILandroid/view/ViewGroup;)Landroid/view/View;\n": 3.295836866004329, "setResult(I)V\n": 2.1972245773362196, "getSimpleName()Ljava/lang/String;\n": 1.6094379124341003, "getWidth()I\n": 1.0986122886681098, "getBoolean(Ljava/lang/String;)Z\n": 1.0986122886681098, "setMargins(IIII)V\n": 1.0986122886681098, "setTitle(Ljava/lang/CharSequence;)Landroid/app/AlertDialog$Builder;\n": 1.0986122886681098, "format(Ljava/util/Date;)Ljava/lang/String;\n": 2.0794415416798357, "setClass(Landroid/content/Context;Ljava/lang/Class;)Landroid/content/Intent;\n": 2.302585092994046, "contains(Ljava/lang/CharSequence;)Z\n": 2.772588722239781, "n()V\n": 2.302585092994046, "l()V\n": 4.394449154672439, "getInstance()Ljava/util/Calendar;\n": 1.9459101490553132, "putExtra(Ljava/lang/String;Landroid/os/Parcelable;)Landroid/content/Intent;\n": 1.3862943611198906, "getDrawable(I)Landroid/graphics/drawable/Drawable;\n": 4.1588830833596715, "indexOf(Ljava/lang/String;)I\n": 2.0794415416798357, "f()Z\n": 2.4849066497880004, "name()Ljava/lang/String;\n": 2.772588722239781, "valueOf(D)Ljava/lang/Double;\n": 2.6390573296152584, "b()Z\n": 1.3862943611198906, "equalsIgnoreCase(Ljava/lang/String;)Z\n": 11.090354888959125, "getSettings()Landroid/webkit/WebSettings;\n": 0.6931471805599453, "getBaseContext()Landroid/content/Context;\n": 2.0794415416798357, "execute([Ljava/lang/Object;)Landroid/os/AsyncTask;\n": 4.394449154672439, "onKeyDown(ILandroid/view/KeyEvent;)Z\n": 2.0794415416798357, "i(Ljava/lang/String;Ljava/lang/String;)V\n": 9.406482647787449, "getSerializableExtra(Ljava/lang/String;)Ljava/io/Serializable;\n": 2.772588722239781, "parseDouble(Ljava/lang/String;)D\n": 3.1780538303479458, "intValue()I\n": 4.1588830833596715, "makeText(Landroid/content/Context;Ljava/lang/CharSequence;I)Landroid/widget/Toast;\n": 1.0986122886681098, "h()V\n": 2.772588722239781, "onOptionsItemSelected(Landroid/view/MenuItem;)Z\n": 2.1972245773362196, "getLayoutParams()Landroid/view/ViewGroup$LayoutParams;\n": 3.2188758248682006, "m()V\n": 4.795790545596741, "c()Z\n": 2.0794415416798357, "replace(Ljava/lang/CharSequence;Ljava/lang/CharSequence;)Ljava/lang/String;\n": 2.772588722239781, "a(Landroid/os/Bundle;)V\n": 1.9459101490553132, "getSupportActionBar()Landroid/support/v7/app/ActionBar;\n": 2.833213344056216, "getTime()Ljava/util/Date;\n": 2.772588722239781, "setBackgroundDrawable(Landroid/graphics/drawable/Drawable;)V\n": 1.0986122886681098, "<init>(Ljava/lang/Runnable;)V\n": 1.791759469228055, "getStringExtra(Ljava/lang/String;)Ljava/lang/String;\n": 12.476649250079015, "overridePendingTransition(II)V\n": 3.58351893845611, "getSystemService(Ljava/lang/String;)Ljava/lang/Object;\n": 2.0794415416798357, "getId()I\n": 5.493061443340549, "getPackageName()Ljava/lang/String;\n": 4.394449154672439, "hasExtra(Ljava/lang/String;)Z\n": 1.791759469228055, "containsKey(Ljava/lang/String;)Z\n": 3.58351893845611, "isNullOrEmpty(Ljava/lang/String;)Z\n": 4.3694478524670215, "g()V\n": 3.295836866004329, "getStringArray(I)[Ljava/lang/String;\n": 1.9459101490553132, "setGravity(I)V\n": 1.3862943611198906, "getActionBar()Landroid/app/ActionBar;\n": 2.4849066497880004, "format(Ljava/lang/String;[Ljava/lang/Object;)Ljava/lang/String;\n": 5.545177444479562, "onConfigurationChanged(Landroid/content/res/Configuration;)V\n": 0.6931471805599453, "e(Ljava/lang/String;)V\n": 1.0986122886681098, "notifyDataSetChanged()V\n": 1.3862943611198906, "d()V\n": 4.394449154672439, "append(Z)Ljava/lang/StringBuilder;\n": 1.6094379124341003, "setTextColor(I)V\n": 5.545177444479562, "booleanValue()Z\n": 4.1588830833596715, "setPositiveButton(Ljava/lang/CharSequence;Landroid/content/DialogInterface$OnClickListener;)Landroid/app/AlertDialog$Builder;\n": 1.0986122886681098, "p()V\n": 2.4849066497880004, "addFlags(I)Landroid/content/Intent;\n": 2.1972245773362196, "removeAllViews()V\n": 0.6931471805599453, "addTextChangedListener(Landroid/text/TextWatcher;)V\n": 3.58351893845611, "a(Ljava/lang/String;)V\n": 4.852030263919617, "valueOf(Z)Ljava/lang/Boolean;\n": 4.394449154672439, "c()Ljava/lang/String;\n": 2.1972245773362196, "getName()Ljava/lang/String;\n": 5.493061443340549,