{"getHeight()I\n": 1.3862943611198906, "append(Ljava/lang/Object;)Ljava/lang/StringBuilder;\n": 2.772588722239781, "getColumnIndex(Ljava/lang/String;)I\n": 2.3978952727983707, "get(I)Ljava/lang/Object;\n": 9.010913347279288, "add(II)V\n": 3.044522437723423, "getCurrentItem()I\n": 2.3978952727983707, "getMenuInflater()Landroid/view/MenuInflater;\n": 1.3862943611198906, "getInt(Ljava/lang/String;)I\n": 2.0794415416798357, "d()Z\n": 2.302585092994046, "a(Ljava/lang/String;Ljava/lang/String;)V\n": 4.394449154672439, "setTextSize(F)V\n": 1.791759469228055, "getLong(Ljava/lang/String;)J\n": 1.791759469228055, "replace(ILandroid/support/v4/app/Fragment;)Landroid/support/v4/app/FragmentTransaction;\n": 2.302585092994046, "findPreference(Ljava/lang/CharSequence;)Landroid/preference/Preference;\n": 8.317766166719343, "setJavaScriptEnabled(Z)V\n": 1.0986122886681098, "split(Ljava/lang/String;)[Ljava/lang/String;\n": 1.3862943611198906, "getSupportFragmentManager()Landroid/support/v4/app/FragmentManager;\n": 8.317766166719343, "containsKey(Ljava/lang/String;)Z\n": 3.58351893845611, "onCreateDialog(I)Landroid/app/Dialog;\n": 1.6094379124341003, "isEmpty(Ljava/lang/CharSequence;)Z\n": 4.1588830833596715, "setNegativeButton(Ljava/lang/CharSequence;Landroid/content/DialogInterface$OnClickListener;)Landroid/app/AlertDialog$Builder;\n": 1.3862943611198906, "stopLoading()V\n": 1.3862943611198906, "putExtra(Ljava/lang/String;Z)Landroid/content/Intent;\n": 1.3862943611198906, "makeText(Landroid/content/Context;II)Landroid/widget/Toast;\n": 1.791759469228055, "e()V\n": 3.295836866004329, "get(Ljava/lang/Object;)Ljava/lang/Object;\n": 6.238324625039508, "setText(I)V\n": 8.317766166719343, "getMessage()Ljava/lang/String;\n": 2.0794415416798357, "a(Landroid/app/Activity;)V\n": 1.9459101490553132, "findItem(I)Lcom/actionbarsherlock/view/MenuItem;\n": 3.1780538303479458, "getPackageManager()Landroid/content/pm/PackageManager;\n": 1.0986122886681098, "setChecked(Z)V\n": 4.1588830833596715, "postDelayed(Ljava/lang/Runnable;J)Z\n": 1.0986122886681098, "floatValue()F\n": 3.1780538303479458, "getApplication()Landroid/app/Application;\n": 3.58351893845611, "setEnabled(Z)V\n": 4.394449154672439, "set(II)V\n": 6.437751649736401, "hasExtra(Ljava/lang/String;)Z\n": 3.58351893845611, "setBackgroundResource(I)V\n": 9.887510598012987, "putString(Ljava/lang/String;Ljava/lang/String;)Landroid/content/SharedPreferences$Editor;\n": 1.791759469228055, "post(Ljava/lang/Runnable;)Z\n": 1.6094379124341003, "setFlags(I)Landroid/content/Intent;\n": 1.3862943611198906, "getColor(I)I\n": 3.2188758248682006, "putInt(Ljava/lang/String;I)V\n": 1.3862943611198906, "clear()V\n": 2.1972245773362196, "putExtras(Landroid/os/Bundle;)Landroid/content/Intent;\n": 1.0986122886681098, "setMessage(I)Landroid/app/AlertDialog$Builder;\n": 1.791759469228055, "startActivityForResult(Landroid/content/Intent;I)V\n": 2.772588722239781, "setRequestedOrientation(I)V\n": 1.3862943611198906, "runOnUiThread(Ljava/lang/Runnable;)V\n": 1.791759469228055, "onCreateOptionsMenu(Landroid/view/Menu;)Z\n": 3.295836866004329, "v(Ljava/lang/String;Ljava/lang/String;)I\n": 2.6390573296152584, "getListView()Landroid/widget/ListView;\n": 2.302585092994046, "d(Ljava/lang/String;)V\n": 3.295836866004329, "setId(I)V\n": 1.3862943611198906, "onOptionsItemSelected(Lcom/actionbarsherlock/view/MenuItem;)Z\n": 10.259797429846147, "getChildCount()I\n": 1.9459101490553132, "setResult(ILandroid/content/Intent;)V\n": 2.1972245773362196, "getCount()I\n": 1.6094379124341003, "setSummary(Ljava/lang/CharSequence;)V\n": 2.4849066497880004, "getSharedPreferences(Ljava/lang/String;I)Landroid/content/SharedPreferences;\n": 2.772588722239781, "getSupportActionBar()Lcom/actionbarsherlock/app/ActionBar;\n": 10.259797429846147, "getTimeInMillis()J\n": 2.8903717578961645, "getSerializable(Ljava/lang/String;)Ljava/io/Serializable;\n": 1.3862943611198906, "i()V\n": 1.791759469228055, "setContentView(Landroid/view/View;Landroid/view/ViewGroup$LayoutParams;)V\n": 2.772588722239781, "isChecked()Z\n": 3.58351893845611, "toLowerCase()Ljava/lang/String;\n": 2.1972245773362196, "valueOf(I)Ljava/lang/String;\n": 6.931471805599453, "a(Ljava/lang/String;)V\n": 7.6246189861593985, "getString(I[Ljava/lang/Object;)Ljava/lang/String;\n": 5.8377304471659395, "setData(Landroid/net/Uri;)Landroid/content/Intent;\n": 1.0986122886681098, "b(Ljava/lang/String;Ljava/lang/Throwable;)V\n": 2.772588722239781, "close()V\n": 4.394449154672439, "length()I\n": 5.545177444479562, "setImageBitmap(Landroid/graphics/Bitmap;)V\n": 1.3862943611198906, "putExtra(Ljava/lang/String;I)Landroid/content/Intent;\n": 2.772588722239781, "e(Ljava/lang/String;Ljava/lang/String;)I\n": 3.295836866004329, "isShowing()Z\n": 1.0986122886681098, "getDefaultDisplay()Landroid/view/Display;\n": 1.0986122886681098, "b()Ljava/lang/String;\n": 1.0986122886681098, "b()V\n": 5.493061443340549, "get(I)I\n": 9.591581091193483, "t()V\n": 1.9459101490553132, "onNewIntent(Landroid/content/Intent;)V\n": 1.3862943611198906, "loadUrl(Ljava/lang/String;)V\n": 2.0794415416798357, "printStackTrace()V\n": 2.772588722239781, "u()V\n": 1.3862943611198906, "setClickable(Z)V\n": 1.9459101490553132, "getContentResolver()Landroid/content/ContentResolver;\n": 1.3862943611198906, "setTheme(I)V\n": 1.9459101490553132, "loadAnimation(Landroid/content/Context;I)Landroid/view/animation/Animation;\n": 2.0794415416798357, "execute([Ljava/lang/Object;)Landroid/os/AsyncTask;\n": 3.295836866004329, "onClick(Landroid/view/View;)V\n": 2.0794415416798357, "getText()Landroid/text/Editable;\n": 9.704060527839234, "a(I)V\n": 4.828313737302301, "setTitle(I)V\n": 5.375278407684165, "a(Landroid/content/Context;Ljava/lang/String;)V\n": 2.833213344056216, "inflate(ILandroid/view/ViewGroup;)Landroid/view/View;\n": 2.1972245773362196, "setCurrentItem(I)V\n": 1.9459101490553132, "setResult(I)V\n": 2.1972245773362196, "getSimpleName()Ljava/lang/String;\n": 3.2188758248682006, "getWidth()I\n": 1.0986122886681098, "getBoolean(Ljava/lang/String;)Z\n": 2.1972245773362196, "setMargins(IIII)V\n": 1.0986122886681098, "setTitle(Ljava/lang/CharSequence;)Landroid/app/AlertDialog$Builder;\n": 2.1972245773362196, "format(Ljava/util/Date;)Ljava/lang/String;\n": 2.0794415416798357, "setClass(Landroid/content/Context;Ljava/lang/Class;)Landroid/content/Intent;\n": 25.328436022934504, "contains(Ljava/lang/CharSequence;)Z\n": 1.3862943611198906, "putExtra(Ljava/lang/String;J)Landroid/content/Intent;\n": 1.6094379124341003, "getSupportMenuInflater()Lcom/actionbarsherlock/view/MenuInflater;\n": 2.9444389791664403, "onPrepareOptionsMenu(Landroid/view/Menu;)Z\n": 2.0794415416798357, "a()Ljava/lang/String;\n": 1.9459101490553132, "l()V\n": 2.1972245773362196, "getInstance()Ljava/util/Calendar;\n": 5.8377304471659395, "putExtra(Ljava/lang/String;Landroid/os/Parcelable;)Landroid/content/Intent;\n": 1.3862943611198906, "getDrawable(I)Landroid/graphics/drawable/Drawable;\n": 2.772588722239781, "putSerializable(Ljava/lang/String;Ljava/io/Serializable;)V\n": 1.791759469228055, "a(Ljava/lang/String;Ljava/lang/Throwable;)V\n": 1.6094379124341003, "getBaseContext()Landroid/content/Context;\n": 2.0794415416798357, "valueOf(D)Ljava/lang/Double;\n": 2.6390573296152584, "b()Z\n": 1.3862943611198906, "equalsIgnoreCase(Ljava/lang/String;)Z\n": 11.090354888959125, "getSettings()Landroid/webkit/WebSettings;\n": 1.3862943611198906, "getBooleanExtra(Ljava/lang/String;Z)Z\n": 3.295836866004329, "onKeyDown(ILandroid/view/KeyEvent;)Z\n": 2.772588722239781, "a()V\n": 6.238324625039508, "setImageDrawable(Landroid/graphics/drawable/Drawable;)V\n": 1.6094379124341003, "getDisplayMetrics()Landroid/util/DisplayMetrics;\n": 0.6931471805599453, "intValue()I\n": 3.4657359027997265, "addView(Landroid/view/View;)V\n": 4.852030263919617, "h()V\n": 2.772588722239781, "onOptionsItemSelected(Landroid/view/MenuItem;)Z\n": 5.493061443340549, "e(Ljava/lang/String;Ljava/lang/String;Ljava/lang/Throwable;)I\n": 2.302585092994046,