{"valueOf(Ljava/lang/Object;)Ljava/lang/String;\n": 9.887510598012987, "cancel()V\n": 3.58351893845611, "append(Ljava/lang/Object;)Ljava/lang/StringBuilder;\n": 2.772588722239781, "a(ILjava/lang/String;)V\n": 3.4011973816621555, "getColumnIndex(Ljava/lang/String;)I\n": 2.3978952727983707, "get(I)Ljava/lang/Object;\n": 11.090354888959125, "c()V\n": 4.394449154672439, "getMenuInflater()Landroid/view/MenuInflater;\n": 1.3862943611198906, "getInt(Ljava/lang/String;)I\n": 1.3862943611198906, "put(Ljava/lang/String;Ljava/lang/String;)V\n": 2.8903717578961645, "setTextSize(F)V\n": 1.791759469228055, "a(Ljava/lang/String;)Ljava/lang/String;\n": 4.394449154672439, "getText()Landroid/text/Editable;\n": 6.931471805599453, "findPreference(Ljava/lang/CharSequence;)Landroid/preference/Preference;\n": 4.1588830833596715, "setJavaScriptEnabled(Z)V\n": 1.0986122886681098, "split(Ljava/lang/String;)[Ljava/lang/String;\n": 4.1588830833596715, "getSupportFragmentManager()Landroid/support/v4/app/FragmentManager;\n": 8.317766166719343, "containsKey(Ljava/lang/String;)Z\n": 3.58351893845611, "getPackageName()Ljava/lang/String;\n": 3.295836866004329, "onCreateDialog(I)Landroid/app/Dialog;\n": 1.6094379124341003, "isEmpty(Ljava/lang/CharSequence;)Z\n": 8.317766166719343, "onCreateOptionsMenu(Landroid/view/Menu;)Z\n": 3.295836866004329, "removeView(Landroid/view/View;)V\n": 1.0986122886681098, "putExtra(Ljava/lang/String;Z)Landroid/content/Intent;\n": 2.0794415416798357, "makeText(Landroid/content/Context;II)Landroid/widget/Toast;\n": 1.791759469228055, "<init>(Landroid/content/Context;I)V\n": 1.9459101490553132, "setSelected(Z)V\n": 2.4849066497880004, "get(Ljava/lang/Object;)Ljava/lang/Object;\n": 6.931471805599453, "setText(I)V\n": 2.772588722239781, "getMessage()Ljava/lang/String;\n": 1.3862943611198906, "a(Landroid/app/Activity;)V\n": 1.9459101490553132, "setSelection(I)V\n": 1.791759469228055, "getPackageManager()Landroid/content/pm/PackageManager;\n": 1.0986122886681098, "setChecked(Z)V\n": 4.1588830833596715, "postDelayed(Ljava/lang/Runnable;J)Z\n": 1.0986122886681098, "getApplication()Landroid/app/Application;\n": 3.58351893845611, "setEnabled(Z)V\n": 5.493061443340549, "contains(Ljava/lang/Object;)Z\n": 1.791759469228055, "stop()V\n": 6.907755278982138, "onOptionsItemSelected(Lcom/actionbarsherlock/view/MenuItem;)Z\n": 2.5649493574615367, "putString(Ljava/lang/String;Ljava/lang/String;)Landroid/content/SharedPreferences$Editor;\n": 1.791759469228055, "post(Ljava/lang/Runnable;)Z\n": 3.2188758248682006, "d(Ljava/lang/String;Ljava/lang/String;)I\n": 5.545177444479562, "getColor(I)I\n": 3.2188758248682006, "resume()V\n": 2.70805020110221, "putInt(Ljava/lang/String;I)V\n": 1.3862943611198906, "clear()V\n": 3.295836866004329, "putExtras(Landroid/os/Bundle;)Landroid/content/Intent;\n": 1.0986122886681098, "setMessage(I)Landroid/app/AlertDialog$Builder;\n": 1.791759469228055, "startActivityForResult(Landroid/content/Intent;I)V\n": 2.772588722239781, "runOnUiThread(Ljava/lang/Runnable;)V\n": 1.791759469228055, "setArguments(Landroid/os/Bundle;)V\n": 2.302585092994046, "setNegativeButton(Ljava/lang/CharSequence;Landroid/content/DialogInterface$OnClickListener;)Landroid/app/AlertDialog$Builder;\n": 1.3862943611198906, "encode(Ljava/lang/String;Ljava/lang/String;)Ljava/lang/String;\n": 2.4849066497880004, "setLayoutParams(Landroid/view/ViewGroup$LayoutParams;)V\n": 5.545177444479562, "d(Ljava/lang/String;)V\n": 2.1972245773362196, "getListView()Landroid/widget/ListView;\n": 2.302585092994046, "<init>(IIF)V\n": 2.1972245773362196, "setResult(ILandroid/content/Intent;)V\n": 3.295836866004329, "getCount()I\n": 1.6094379124341003, "setSummary(Ljava/lang/CharSequence;)V\n": 2.4849066497880004, "getSharedPreferences(Ljava/lang/String;I)Landroid/content/SharedPreferences;\n": 2.772588722239781, "getSupportActionBar()Lcom/actionbarsherlock/app/ActionBar;\n": 5.1298987149230735, "getSerializable(Ljava/lang/String;)Ljava/io/Serializable;\n": 2.772588722239781, "iterator()Ljava/util/Iterator;\n": 4.1588830833596715, "i()V\n": 1.791759469228055, "setContentView(Landroid/view/View;Landroid/view/ViewGroup$LayoutParams;)V\n": 1.3862943611198906, "b(Ljava/lang/String;Ljava/lang/String;)Z\n": 5.030437921392435, "isChecked()Z\n": 1.791759469228055, "format(Ljava/lang/String;[Ljava/lang/Object;)Ljava/lang/String;\n": 5.545177444479562, "toLowerCase()Ljava/lang/String;\n": 2.1972245773362196, "valueOf(I)Ljava/lang/String;\n": 4.1588830833596715, "setCancelable(Z)Landroid/app/AlertDialog$Builder;\n": 2.772588722239781, "getString(I[Ljava/lang/Object;)Ljava/lang/String;\n": 1.9459101490553132, "substring(I)Ljava/lang/String;\n": 1.791759469228055, "setId(I)V\n": 2.772588722239781, "b(Ljava/lang/String;Ljava/lang/Throwable;)V\n": 1.3862943611198906, "close()V\n": 4.394449154672439, "length()I\n": 6.931471805599453, "size()I\n": 9.704060527839234, "putExtra(Ljava/lang/String;I)Landroid/content/Intent;\n": 2.0794415416798357, "c(Ljava/lang/String;)V\n": 2.1972245773362196, "isShowing()Z\n": 1.0986122886681098, "getDefaultDisplay()Landroid/view/Display;\n": 3.295836866004329, "b()Ljava/lang/String;\n": 2.1972245773362196, "b()V\n": 5.493061443340549, "get(I)I\n": 4.795790545596741, "setData(Landroid/net/Uri;)Landroid/content/Intent;\n": 1.0986122886681098, "onNewIntent(Landroid/content/Intent;)V\n": 1.3862943611198906, "printStackTrace()V\n": 4.1588830833596715, "replaceAll(Ljava/lang/String;Ljava/lang/String;)Ljava/lang/String;\n": 2.3978952727983707, "setImageResource(I)V\n": 2.772588722239781, "decodeStream(Ljava/io/InputStream;Landroid/graphics/Rect;Landroid/graphics/BitmapFactory$Options;)Landroid/graphics/Bitmap;\n": 3.044522437723423, "loadAnimation(Landroid/content/Context;I)Landroid/view/animation/Animation;\n": 2.0794415416798357, "execute([Ljava/lang/Object;)Landroid/os/AsyncTask;\n": 4.394449154672439, "setButton(ILjava/lang/CharSequence;Landroid/content/DialogInterface$OnClickListener;)V\n": 3.332204510175204, "onClick(Landroid/view/View;)V\n": 2.772588722239781, "registerReceiver(Landroid/content/BroadcastReceiver;Landroid/content/IntentFilter;)Landroid/content/Intent;\n": 1.6094379124341003, "a(I)V\n": 3.2188758248682006, "setTitle(I)V\n": 1.791759469228055, "inflate(ILandroid/view/ViewGroup;)Landroid/view/View;\n": 3.295836866004329, "setResult(I)V\n": 2.1972245773362196, "getSimpleName()Ljava/lang/String;\n": 3.2188758248682006, "getWidth()I\n": 2.1972245773362196, "getBoolean(Ljava/lang/String;)Z\n": 2.1972245773362196, "setMargins(IIII)V\n": 1.0986122886681098, "setTitle(Ljava/lang/CharSequence;)Landroid/app/AlertDialog$Builder;\n": 2.1972245773362196, "format(Ljava/util/Date;)Ljava/lang/String;\n": 2.0794415416798357, "notifyDataSetChanged()V\n": 2.772588722239781, "contains(Ljava/lang/CharSequence;)Z\n": 4.1588830833596715, "getMetrics(Landroid/util/DisplayMetrics;)V\n": 1.6094379124341003, "l()V\n": 2.1972245773362196, "getInstance()Ljava/util/Calendar;\n": 1.9459101490553132, "putExtra(Ljava/lang/String;Landroid/os/Parcelable;)Landroid/content/Intent;\n": 1.3862943611198906, "getDrawable(I)Landroid/graphics/drawable/Drawable;\n": 4.1588830833596715, "setVolumeControlStream(I)V\n": 2.5649493574615367, "c(Ljava/lang/String;)Ljava/lang/String;\n": 3.5553480614894135, "next()Ljava/lang/Object;\n": 4.1588830833596715, "a(Ljava/lang/String;Ljava/lang/String;)V\n": 4.394449154672439, "getStringExtra(Ljava/lang/String;)Ljava/lang/String;\n": 7.6246189861593985, "equalsIgnoreCase(Ljava/lang/String;)Z\n": 9.704060527839234, "getSettings()Landroid/webkit/WebSettings;\n": 2.772588722239781, "getBaseContext()Landroid/content/Context;\n": 2.0794415416798357, "onKeyDown(ILandroid/view/KeyEvent;)Z\n": 2.772588722239781, "showToast(Ljava/lang/String;)V\n": 4.110873864173311, "i(Ljava/lang/String;Ljava/lang/String;)V\n": 3.1354942159291497,