{"getHeight()I\n": 1.3862943611198906, "append(Ljava/lang/Object;)Ljava/lang/StringBuilder;\n": 2.0794415416798357, "setHint(Ljava/lang/CharSequence;)V\n": 2.70805020110221, "getColumnIndex(Ljava/lang/String;)I\n": 2.3978952727983707, "get(I)Ljava/lang/Object;\n": 17.328679513998633, "getMenuInflater()Landroid/view/MenuInflater;\n": 1.3862943611198906, "getInt(Ljava/lang/String;)I\n": 2.772588722239781, "put(Ljava/lang/String;Ljava/lang/String;)V\n": 2.8903717578961645, "setTextSize(F)V\n": 1.791759469228055, "findPreference(Ljava/lang/CharSequence;)Landroid/preference/Preference;\n": 2.0794415416798357, "split(Ljava/lang/String;)[Ljava/lang/String;\n": 4.1588830833596715, "getSupportFragmentManager()Landroid/support/v4/app/FragmentManager;\n": 9.704060527839234, "c(Ljava/lang/String;)V\n": 2.1972245773362196, "onCreateDialog(I)Landroid/app/Dialog;\n": 1.6094379124341003, "isEmpty(Ljava/lang/CharSequence;)Z\n": 12.476649250079015, "onCreateOptionsMenu(Landroid/view/Menu;)Z\n": 3.295836866004329, "getLatitude()D\n": 2.6390573296152584, "getBaseContext()Landroid/content/Context;\n": 2.0794415416798357, "putExtra(Ljava/lang/String;Z)Landroid/content/Intent;\n": 2.0794415416798357, "makeText(Landroid/content/Context;II)Landroid/widget/Toast;\n": 1.791759469228055, "e()V\n": 3.295836866004329, "setSelected(Z)V\n": 4.969813299576001, "get(Ljava/lang/Object;)Ljava/lang/Object;\n": 10.39720770839918, "setText(I)V\n": 4.1588830833596715, "getParent()Landroid/view/ViewParent;\n": 1.0986122886681098, "getMessage()Ljava/lang/String;\n": 0.6931471805599453, "commit()Z\n": 1.0986122886681098, "getJSONObject(I)Lorg/json/JSONObject;\n": 5.780743515792329, "setChecked(Z)V\n": 2.772588722239781, "postDelayed(Ljava/lang/Runnable;J)Z\n": 1.0986122886681098, "setOnItemClickListener(Landroid/widget/AdapterView$OnItemClickListener;)V\n": 3.295836866004329, "setIcon(I)Landroid/app/AlertDialog$Builder;\n": 1.9459101490553132, "getApplication()Landroid/app/Application;\n": 1.791759469228055, "setEnabled(Z)V\n": 5.493061443340549, "contains(Ljava/lang/Object;)Z\n": 1.791759469228055, "onOptionsItemSelected(Lcom/actionbarsherlock/view/MenuItem;)Z\n": 5.1298987149230735, "findFragmentByTag(Ljava/lang/String;)Landroid/support/v4/app/Fragment;\n": 4.605170185988092, "putString(Ljava/lang/String;Ljava/lang/String;)Landroid/content/SharedPreferences$Editor;\n": 1.791759469228055, "post(Ljava/lang/Runnable;)Z\n": 1.6094379124341003, "setFlags(I)Landroid/content/Intent;\n": 1.3862943611198906, "getColor(I)I\n": 4.828313737302301, "putInt(Ljava/lang/String;I)V\n": 2.772588722239781, "clear()V\n": 5.493061443340549, "d(Ljava/lang/String;Ljava/lang/String;)I\n": 4.1588830833596715, "setMessage(I)Landroid/app/AlertDialog$Builder;\n": 1.791759469228055, "startActivityForResult(Landroid/content/Intent;I)V\n": 2.0794415416798357, "runOnUiThread(Ljava/lang/Runnable;)V\n": 1.791759469228055, "setArguments(Landroid/os/Bundle;)V\n": 2.302585092994046, "setNegativeButton(Ljava/lang/CharSequence;Landroid/content/DialogInterface$OnClickListener;)Landroid/app/AlertDialog$Builder;\n": 1.3862943611198906, "setBackgroundColor(I)V\n": 2.0794415416798357, "d(Ljava/lang/String;)V\n": 1.0986122886681098, "currentTimeMillis()J\n": 1.3862943611198906, "setBackgroundResource(I)V\n": 5.493061443340549, "setResult(ILandroid/content/Intent;)V\n": 2.1972245773362196, "getCount()I\n": 1.6094379124341003, "a(Ljava/lang/String;Ljava/lang/String;)V\n": 2.1972245773362196, "getSharedPreferences(Ljava/lang/String;I)Landroid/content/SharedPreferences;\n": 1.3862943611198906, "valueOf(I)Ljava/lang/String;\n": 5.545177444479562, "getSerializable(Ljava/lang/String;)Ljava/io/Serializable;\n": 2.772588722239781, "iterator()Ljava/util/Iterator;\n": 5.545177444479562, "i()V\n": 3.58351893845611, "isChecked()Z\n": 1.791759469228055, "parseFloat(Ljava/lang/String;)F\n": 3.58351893845611, "toLowerCase()Ljava/lang/String;\n": 2.1972245773362196, "getSupportActionBar()Lcom/actionbarsherlock/app/ActionBar;\n": 5.1298987149230735, "getId()Ljava/lang/String;\n": 2.70805020110221, "getString(I[Ljava/lang/Object;)Ljava/lang/String;\n": 1.9459101490553132, "substring(I)Ljava/lang/String;\n": 1.791759469228055, "setId(I)V\n": 1.3862943611198906, "close()V\n": 2.1972245773362196, "length()I\n": 9.010913347279288, "optJSONObject(Ljava/lang/String;)Lorg/json/JSONObject;\n": 9.85450737031441, "addFlags(I)Landroid/content/Intent;\n": 1.0986122886681098, "optJSONArray(Ljava/lang/String;)Lorg/json/JSONArray;\n": 3.6635616461296463, "putExtra(Ljava/lang/String;I)Landroid/content/Intent;\n": 2.0794415416798357, "e(Ljava/lang/String;Ljava/lang/String;)I\n": 2.1972245773362196, "isShowing()Z\n": 1.0986122886681098, "getDefaultDisplay()Landroid/view/Display;\n": 1.0986122886681098, "b()Ljava/lang/String;\n": 1.0986122886681098, "b()V\n": 6.591673732008658, "get(I)I\n": 9.591581091193483, "onNewIntent(Landroid/content/Intent;)V\n": 1.3862943611198906, "loadUrl(Ljava/lang/String;)V\n": 1.3862943611198906, "printStackTrace()V\n": 6.931471805599453, "replaceAll(Ljava/lang/String;Ljava/lang/String;)Ljava/lang/String;\n": 2.3978952727983707, "setImageResource(I)V\n": 2.772588722239781, "loadAnimation(Landroid/content/Context;I)Landroid/view/animation/Animation;\n": 2.0794415416798357, "setPositiveButton(ILandroid/content/DialogInterface$OnClickListener;)Landroid/app/AlertDialog$Builder;\n": 1.3862943611198906, "onClick(Landroid/view/View;)V\n": 2.0794415416798357, "getText()Landroid/text/Editable;\n": 11.090354888959125, "a(I)V\n": 9.656627474604601, "setTitle(I)V\n": 1.791759469228055, "putExtra(Ljava/lang/String;Ljava/io/Serializable;)Landroid/content/Intent;\n": 5.375278407684165, "get(Ljava/lang/String;)Ljava/lang/Object;\n": 1.791759469228055, "inflate(ILandroid/view/ViewGroup;)Landroid/view/View;\n": 3.295836866004329, "setResult(I)V\n": 1.0986122886681098, "getSimpleName()Ljava/lang/String;\n": 3.2188758248682006, "getWidth()I\n": 1.0986122886681098, "getBoolean(Ljava/lang/String;)Z\n": 2.1972245773362196, "setMargins(IIII)V\n": 1.0986122886681098, "setTitle(Ljava/lang/CharSequence;)Landroid/app/AlertDialog$Builder;\n": 2.1972245773362196, "format(Ljava/util/Date;)Ljava/lang/String;\n": 2.0794415416798357, "contains(Ljava/lang/CharSequence;)Z\n": 4.1588830833596715, "l()V\n": 2.1972245773362196, "getInstance()Ljava/util/Calendar;\n": 3.8918202981106265, "putExtra(Ljava/lang/String;Landroid/os/Parcelable;)Landroid/content/Intent;\n": 2.772588722239781, "getDrawable(I)Landroid/graphics/drawable/Drawable;\n": 4.1588830833596715, "putSerializable(Ljava/lang/String;Ljava/io/Serializable;)V\n": 7.16703787691222, "name()Ljava/lang/String;\n": 8.317766166719343, "valueOf(D)Ljava/lang/Double;\n": 2.6390573296152584, "getStringExtra(Ljava/lang/String;)Ljava/lang/String;\n": 6.238324625039508, "equalsIgnoreCase(Ljava/lang/String;)Z\n": 18.021826694558577, "getSettings()Landroid/webkit/WebSettings;\n": 1.3862943611198906, "getBooleanExtra(Ljava/lang/String;Z)Z\n": 3.295836866004329, "execute([Ljava/lang/Object;)Landroid/os/AsyncTask;\n": 3.295836866004329, "onKeyDown(ILandroid/view/KeyEvent;)Z\n": 2.0794415416798357, "showToast(Ljava/lang/String;)V\n": 4.110873864173311, "a()V\n": 5.545177444479562, "getSerializableExtra(Ljava/lang/String;)Ljava/io/Serializable;\n": 2.772588722239781, "getQueryParameter(Ljava/lang/String;)Ljava/lang/String;\n": 2.3978952727983707, "parseDouble(Ljava/lang/String;)D\n": 3.1780538303479458, "intValue()I\n": 2.772588722239781, "addView(Landroid/view/View;)V\n": 4.852030263919617, "h()V\n": 2.772588722239781, "onOptionsItemSelected(Landroid/view/MenuItem;)Z\n": 4.394449154672439, "getLayoutParams()Landroid/view/ViewGroup$LayoutParams;\n": 1.6094379124341003, "setTextSize(IF)V\n": 2.70805020110221, "b(Ljava/lang/String;)Z\n": 3.091042453358316, "isFinishing()Z\n": 1.0986122886681098, "c()Z\n": 2.0794415416798357, "replace(Ljava/lang/CharSequence;Ljava/lang/CharSequence;)Ljava/lang/String;\n": 2.772588722239781,