{"valueOf(Ljava/lang/Object;)Ljava/lang/String;\n": 6.591673732008658, "cancel()V\n": 1.791759469228055, "append(Ljava/lang/Object;)Ljava/lang/StringBuilder;\n": 2.772588722239781, "stopLoading()V\n": 1.3862943611198906, "get(I)Ljava/lang/Object;\n": 13.16979643063896, "getCurrentItem()I\n": 7.193685818395112, "getMenuInflater()Landroid/view/MenuInflater;\n": 2.772588722239781, "getInt(Ljava/lang/String;)I\n": 2.0794415416798357, "a(Ljava/lang/String;Ljava/lang/String;)V\n": 2.1972245773362196, "setTextSize(F)V\n": 1.791759469228055, "setTextColor(I)V\n": 2.772588722239781, "replace(ILandroid/support/v4/app/Fragment;)Landroid/support/v4/app/FragmentTransaction;\n": 2.302585092994046, "findPreference(Ljava/lang/CharSequence;)Landroid/preference/Preference;\n": 4.1588830833596715, "setJavaScriptEnabled(Z)V\n": 2.1972245773362196, "getSupportFragmentManager()Landroid/support/v4/app/FragmentManager;\n": 12.476649250079015, "containsKey(Ljava/lang/String;)Z\n": 3.58351893845611, "onCreateDialog(I)Landroid/app/Dialog;\n": 1.6094379124341003, "isEmpty(Ljava/lang/CharSequence;)Z\n": 5.545177444479562, "onCreateOptionsMenu(Landroid/view/Menu;)Z\n": 4.394449154672439, "removeView(Landroid/view/View;)V\n": 1.0986122886681098, "putExtra(Ljava/lang/String;Z)Landroid/content/Intent;\n": 1.3862943611198906, "e()V\n": 2.1972245773362196, "setSelected(Z)V\n": 2.4849066497880004, "get(Ljava/lang/Object;)Ljava/lang/Object;\n": 6.931471805599453, "setText(I)V\n": 1.3862943611198906, "getParent()Landroid/view/ViewParent;\n": 1.0986122886681098, "getMessage()Ljava/lang/String;\n": 2.772588722239781, "findItem(I)Lcom/actionbarsherlock/view/MenuItem;\n": 3.1780538303479458, "getPackageManager()Landroid/content/pm/PackageManager;\n": 1.0986122886681098, "setWebChromeClient(Landroid/webkit/WebChromeClient;)V\n": 1.3862943611198906, "postDelayed(Ljava/lang/Runnable;J)Z\n": 2.1972245773362196, "getApplication()Landroid/app/Application;\n": 8.958797346140274, "setEnabled(Z)V\n": 3.295836866004329, "setOnPageChangeListener(Landroid/support/v4/view/ViewPager$OnPageChangeListener;)V\n": 2.0794415416798357, "onOptionsItemSelected(Lcom/actionbarsherlock/view/MenuItem;)Z\n": 5.1298987149230735, "findFragmentByTag(Ljava/lang/String;)Landroid/support/v4/app/Fragment;\n": 2.302585092994046, "putString(Ljava/lang/String;Ljava/lang/String;)Landroid/content/SharedPreferences$Editor;\n": 3.58351893845611, "post(Ljava/lang/Runnable;)Z\n": 1.6094379124341003, "setFlags(I)Landroid/content/Intent;\n": 1.3862943611198906, "getColor(I)I\n": 3.2188758248682006, "putInt(Ljava/lang/String;I)V\n": 2.772588722239781, "addView(Landroid/view/View;)V\n": 4.852030263919617, "putExtras(Landroid/os/Bundle;)Landroid/content/Intent;\n": 1.0986122886681098, "setMessage(I)Landroid/app/AlertDialog$Builder;\n": 1.791759469228055, "startActivityForResult(Landroid/content/Intent;I)V\n": 2.0794415416798357, "setArguments(Landroid/os/Bundle;)V\n": 2.302585092994046, "setNegativeButton(Ljava/lang/CharSequence;Landroid/content/DialogInterface$OnClickListener;)Landroid/app/AlertDialog$Builder;\n": 1.3862943611198906, "encode(Ljava/lang/String;Ljava/lang/String;)Ljava/lang/String;\n": 2.4849066497880004, "setBackgroundColor(I)V\n": 2.772588722239781, "d(Ljava/lang/String;)V\n": 2.1972245773362196, "setId(I)V\n": 2.772588722239781, "setBackgroundResource(I)V\n": 3.295836866004329, "setResult(ILandroid/content/Intent;)V\n": 2.1972245773362196, "getCount()I\n": 1.6094379124341003, "getSharedPreferences(Ljava/lang/String;I)Landroid/content/SharedPreferences;\n": 2.772588722239781, "getSupportActionBar()Lcom/actionbarsherlock/app/ActionBar;\n": 7.694848072384611, "i()V\n": 1.791759469228055, "setContentView(Landroid/view/View;Landroid/view/ViewGroup$LayoutParams;)V\n": 1.3862943611198906, "getBoolean(I)Z\n": 3.044522437723423, "valueOf(I)Ljava/lang/String;\n": 2.772588722239781, "setCancelable(Z)Landroid/app/AlertDialog$Builder;\n": 1.3862943611198906, "getId()Ljava/lang/String;\n": 2.70805020110221, "getHeight()I\n": 2.772588722239781, "b(Ljava/lang/String;Ljava/lang/Throwable;)V\n": 1.3862943611198906, "close()V\n": 3.295836866004329, "length()I\n": 6.931471805599453, "getConfiguration()Landroid/content/res/Configuration;\n": 1.6094379124341003, "getChildCount()I\n": 1.9459101490553132, "setHomeButtonEnabled(Z)V\n": 2.5649493574615367, "putExtra(Ljava/lang/String;I)Landroid/content/Intent;\n": 2.0794415416798357, "w(Ljava/lang/String;Ljava/lang/String;)I\n": 2.5649493574615367, "isShowing()Z\n": 1.0986122886681098, "getDefaultDisplay()Landroid/view/Display;\n": 2.1972245773362196, "b()Ljava/lang/String;\n": 1.0986122886681098, "b()V\n": 4.394449154672439, "onNewIntent(Landroid/content/Intent;)V\n": 2.772588722239781, "printStackTrace()V\n": 5.545177444479562, "setImageResource(I)V\n": 2.0794415416798357, "size()I\n": 10.39720770839918, "setTheme(I)V\n": 1.9459101490553132, "loadAnimation(Landroid/content/Context;I)Landroid/view/animation/Animation;\n": 2.0794415416798357, "execute([Ljava/lang/Object;)Landroid/os/AsyncTask;\n": 4.394449154672439, "onClick(Landroid/view/View;)V\n": 1.3862943611198906, "getText()Landroid/text/Editable;\n": 4.1588830833596715, "a(I)V\n": 1.6094379124341003, "setTitle(I)V\n": 1.791759469228055, "inflate(ILandroid/view/ViewGroup;)Landroid/view/View;\n": 2.1972245773362196, "setCurrentItem(I)V\n": 3.8918202981106265, "dispatchTouchEvent(Landroid/view/MotionEvent;)Z\n": 2.302585092994046, "getSimpleName()Ljava/lang/String;\n": 4.828313737302301, "getWidth()I\n": 1.0986122886681098, "getBoolean(Ljava/lang/String;)Z\n": 2.1972245773362196, "setMargins(IIII)V\n": 1.0986122886681098, "setTitle(Ljava/lang/CharSequence;)Landroid/app/AlertDialog$Builder;\n": 2.1972245773362196, "setClass(Landroid/content/Context;Ljava/lang/Class;)Landroid/content/Intent;\n": 4.605170185988092, "contains(Ljava/lang/CharSequence;)Z\n": 2.772588722239781, "onPrepareOptionsMenu(Landroid/view/Menu;)Z\n": 2.0794415416798357, "setResult(I)V\n": 2.1972245773362196, "putSerializable(Ljava/lang/String;Ljava/io/Serializable;)V\n": 1.791759469228055, "putExtra(Ljava/lang/String;Landroid/os/Parcelable;)Landroid/content/Intent;\n": 1.3862943611198906, "getDrawable(I)Landroid/graphics/drawable/Drawable;\n": 4.1588830833596715, "indexOf(Ljava/lang/String;)I\n": 2.0794415416798357, "setData(Landroid/net/Uri;)Landroid/content/Intent;\n": 1.0986122886681098, "getBooleanExtra(Ljava/lang/String;Z)Z\n": 3.295836866004329, "getStringExtra(Ljava/lang/String;)Ljava/lang/String;\n": 9.010913347279288, "equalsIgnoreCase(Ljava/lang/String;)Z\n": 15.249237972318797, "getSettings()Landroid/webkit/WebSettings;\n": 4.852030263919617, "setBuiltInZoomControls(Z)V\n": 1.791759469228055, "next()Ljava/lang/Object;\n": 3.4657359027997265, "onKeyDown(ILandroid/view/KeyEvent;)Z\n": 3.4657359027997265, "i(Ljava/lang/String;Ljava/lang/String;)V\n": 3.1354942159291497, "setImageDrawable(Landroid/graphics/drawable/Drawable;)V\n": 1.6094379124341003, "getSerializableExtra(Ljava/lang/String;)Ljava/io/Serializable;\n": 1.3862943611198906, "intValue()I\n": 2.0794415416798357, "makeText(Landroid/content/Context;Ljava/lang/CharSequence;I)Landroid/widget/Toast;\n": 4.394449154672439, "h()V\n": 1.3862943611198906, "onOptionsItemSelected(Landroid/view/MenuItem;)Z\n": 6.591673732008658, "e(Ljava/lang/String;Ljava/lang/String;Ljava/lang/Throwable;)I\n": 2.302585092994046, "getLayoutParams()Landroid/view/ViewGroup$LayoutParams;\n": 3.2188758248682006, "append(Z)Ljava/lang/StringBuilder;\n": 1.6094379124341003, "getAction()Ljava/lang/String;\n": 1.3862943611198906, "loadUrl(Ljava/lang/String;)V\n": 2.772588722239781, "getFragmentManager()Landroid/app/FragmentManager;\n": 3.2188758248682006, "replace(Ljava/lang/CharSequence;Ljava/lang/CharSequence;)Ljava/lang/String;\n": 6.931471805599453, "getSupportActionBar()Landroid/support/v7/app/ActionBar;\n": 8.49964003216865, "c()Ljava/util/LinkedHashMap;\n": 5.375278407684165,