{"valueOf(Ljava/lang/Object;)Ljava/lang/String;\n": 9.887510598012987, "getHeight()I\n": 1.3862943611198906, "append(Ljava/lang/Object;)Ljava/lang/StringBuilder;\n": 2.0794415416798357, "getColumnIndex(Ljava/lang/String;)I\n": 7.193685818395112, "get(I)Ljava/lang/Object;\n": 6.238324625039508, "getMenuInflater()Landroid/view/MenuInflater;\n": 2.772588722239781, "getInt(Ljava/lang/String;)I\n": 2.0794415416798357, "a(Ljava/lang/String;Ljava/lang/String;)V\n": 2.1972245773362196, "setTextSize(F)V\n": 1.791759469228055, "findPreference(Ljava/lang/CharSequence;)Landroid/preference/Preference;\n": 2.0794415416798357, "setTheme(I)V\n": 1.9459101490553132, "getSupportFragmentManager()Landroid/support/v4/app/FragmentManager;\n": 6.931471805599453, "containsKey(Ljava/lang/String;)Z\n": 1.791759469228055, "onCreateDialog(I)Landroid/app/Dialog;\n": 1.6094379124341003, "isEmpty(Ljava/lang/CharSequence;)Z\n": 5.545177444479562, "onCreateOptionsMenu(Landroid/view/Menu;)Z\n": 3.295836866004329, "stopLoading()V\n": 1.3862943611198906, "putExtra(Ljava/lang/String;Z)Landroid/content/Intent;\n": 1.3862943611198906, "e()V\n": 3.295836866004329, "get(Ljava/lang/Object;)Ljava/lang/Object;\n": 8.317766166719343, "setText(I)V\n": 2.772588722239781, "getParent()Landroid/view/ViewParent;\n": 1.0986122886681098, "getMessage()Ljava/lang/String;\n": 2.0794415416798357, "setSelection(I)V\n": 1.791759469228055, "getPackageManager()Landroid/content/pm/PackageManager;\n": 1.0986122886681098, "setChecked(Z)V\n": 31.884770305757485, "postDelayed(Ljava/lang/Runnable;J)Z\n": 1.0986122886681098, "setIcon(I)Landroid/app/AlertDialog$Builder;\n": 1.9459101490553132, "getApplication()Landroid/app/Application;\n": 1.791759469228055, "setEnabled(Z)V\n": 3.295836866004329, "setBackgroundResource(I)V\n": 9.887510598012987, "putString(Ljava/lang/String;Ljava/lang/String;)Landroid/content/SharedPreferences$Editor;\n": 1.791759469228055, "post(Ljava/lang/Runnable;)Z\n": 1.6094379124341003, "setFlags(I)Landroid/content/Intent;\n": 2.772588722239781, "getColor(I)I\n": 3.2188758248682006, "putInt(Ljava/lang/String;I)V\n": 2.772588722239781, "clear()V\n": 2.1972245773362196, "putExtras(Landroid/os/Bundle;)Landroid/content/Intent;\n": 2.1972245773362196, "setMessage(I)Landroid/app/AlertDialog$Builder;\n": 3.58351893845611, "append(J)Ljava/lang/StringBuilder;\n": 1.9459101490553132, "moveToFirst()Z\n": 1.9459101490553132, "setNegativeButton(Ljava/lang/CharSequence;Landroid/content/DialogInterface$OnClickListener;)Landroid/app/AlertDialog$Builder;\n": 1.3862943611198906, "<init>(Landroid/content/Context;I)V\n": 1.9459101490553132, "getListView()Landroid/widget/ListView;\n": 2.302585092994046, "d(Ljava/lang/String;)V\n": 1.0986122886681098, "setId(I)V\n": 1.3862943611198906, "onOptionsItemSelected(Lcom/actionbarsherlock/view/MenuItem;)Z\n": 5.1298987149230735, "startActivityForResult(Landroid/content/Intent;I)V\n": 2.0794415416798357, "getCount()I\n": 1.6094379124341003, "getSharedPreferences(Ljava/lang/String;I)Landroid/content/SharedPreferences;\n": 2.772588722239781, "valueOf(I)Ljava/lang/String;\n": 2.772588722239781, "getTimeInMillis()J\n": 2.8903717578961645, "setOnItemSelectedListener(Landroid/widget/AdapterView$OnItemSelectedListener;)V\n": 2.1972245773362196, "isChecked()Z\n": 3.58351893845611, "a(Lcom/google/ads/internal/d;)V\n": 2.0794415416798357, "getSupportActionBar()Lcom/actionbarsherlock/app/ActionBar;\n": 5.1298987149230735, "setCancelable(Z)Landroid/app/AlertDialog$Builder;\n": 1.3862943611198906, "getId()Ljava/lang/String;\n": 2.70805020110221, "getString(I[Ljava/lang/Object;)Ljava/lang/String;\n": 1.9459101490553132, "setData(Landroid/net/Uri;)Landroid/content/Intent;\n": 1.0986122886681098, "b(Ljava/lang/String;Ljava/lang/Throwable;)V\n": 4.1588830833596715, "close()V\n": 4.394449154672439, "length()I\n": 6.238324625039508, "getConfiguration()Landroid/content/res/Configuration;\n": 1.6094379124341003, "getLong(Ljava/lang/String;J)J\n": 2.3978952727983707, "setOnItemClickListener(Landroid/widget/AdapterView$OnItemClickListener;)V\n": 3.295836866004329, "putExtra(Ljava/lang/String;I)Landroid/content/Intent;\n": 2.0794415416798357, "isShowing()Z\n": 2.1972245773362196, "a(Lcom/google/ads/internal/AdWebView;ZIZZ)V\n": 2.302585092994046, "b()Ljava/lang/String;\n": 1.0986122886681098, "b()V\n": 5.493061443340549, "get(I)I\n": 7.193685818395112, "onNewIntent(Landroid/content/Intent;)V\n": 1.3862943611198906, "loadUrl(Ljava/lang/String;)V\n": 2.0794415416798357, "printStackTrace()V\n": 3.4657359027997265, "replaceAll(Ljava/lang/String;Ljava/lang/String;)Ljava/lang/String;\n": 4.795790545596741, "setImageResource(I)V\n": 4.1588830833596715, "getContentResolver()Landroid/content/ContentResolver;\n": 1.3862943611198906, "setJavaScriptEnabled(Z)V\n": 1.0986122886681098, "startsWith(Ljava/lang/String;)Z\n": 1.3862943611198906, "execute([Ljava/lang/Object;)Landroid/os/AsyncTask;\n": 2.1972245773362196, "onClick(Landroid/view/View;)V\n": 2.0794415416798357, "getText()Landroid/text/Editable;\n": 11.090354888959125, "a(I)V\n": 3.2188758248682006, "applyDimension(IFLandroid/util/DisplayMetrics;)F\n": 1.3862943611198906, "c()Ljava/util/LinkedHashMap;\n": 5.375278407684165, "get(Ljava/lang/String;)Ljava/lang/Object;\n": 1.791759469228055, "inflate(ILandroid/view/ViewGroup;)Landroid/view/View;\n": 2.1972245773362196, "setResult(I)V\n": 1.0986122886681098, "getSimpleName()Ljava/lang/String;\n": 1.6094379124341003, "getWidth()I\n": 1.0986122886681098, "getBoolean(Ljava/lang/String;)Z\n": 2.1972245773362196, "setMargins(IIII)V\n": 1.0986122886681098, "setTitle(Ljava/lang/CharSequence;)Landroid/app/AlertDialog$Builder;\n": 3.295836866004329, "format(Ljava/util/Date;)Ljava/lang/String;\n": 2.0794415416798357, "setClass(Landroid/content/Context;Ljava/lang/Class;)Landroid/content/Intent;\n": 2.302585092994046, "contains(Ljava/lang/CharSequence;)Z\n": 2.772588722239781, "getInstance()Ljava/util/Calendar;\n": 3.8918202981106265, "putExtra(Ljava/lang/String;Landroid/os/Parcelable;)Landroid/content/Intent;\n": 1.3862943611198906, "getSelectedItemPosition()I\n": 2.995732273553991, "a(Ljava/lang/String;Ljava/lang/Throwable;)V\n": 3.2188758248682006, "name()Ljava/lang/String;\n": 8.317766166719343, "getStringExtra(Ljava/lang/String;)Ljava/lang/String;\n": 3.4657359027997265, "equalsIgnoreCase(Ljava/lang/String;)Z\n": 9.704060527839234, "getSettings()Landroid/webkit/WebSettings;\n": 2.0794415416798357, "getBaseContext()Landroid/content/Context;\n": 2.0794415416798357, "onKeyDown(ILandroid/view/KeyEvent;)Z\n": 2.772588722239781, "i(Ljava/lang/String;Ljava/lang/String;)V\n": 3.1354942159291497, "setImageDrawable(Landroid/graphics/drawable/Drawable;)V\n": 3.2188758248682006, "getDisplayMetrics()Landroid/util/DisplayMetrics;\n": 0.6931471805599453, "getQueryParameter(Ljava/lang/String;)Ljava/lang/String;\n": 2.3978952727983707, "append(I)Ljava/lang/StringBuilder;\n": 6.238324625039508, "parseDouble(Ljava/lang/String;)D\n": 3.1780538303479458, "addView(Landroid/view/View;)V\n": 4.1588830833596715, "h()V\n": 1.3862943611198906, "onOptionsItemSelected(Landroid/view/MenuItem;)Z\n": 4.394449154672439, "getLayoutParams()Landroid/view/ViewGroup$LayoutParams;\n": 8.047189562170502, "removeView(Landroid/view/View;)V\n": 1.0986122886681098, "getAction()Ljava/lang/String;\n": 1.3862943611198906, "c()Z\n": 2.0794415416798357, "replace(Ljava/lang/CharSequence;Ljava/lang/CharSequence;)Ljava/lang/String;\n": 2.772588722239781, "i()Lcom/google/ads/n;\n": 2.5649493574615367, "getSupportActionBar()Landroid/support/v7/app/ActionBar;\n": 2.833213344056216, "run()V\n": 5.666426688112432, "onCreateOptionsMenu(Lcom/actionbarsherlock/view/Menu;)Z\n": 2.6390573296152584, "getData()Landroid/net/Uri;\n": 1.0986122886681098, "putBoolean(Ljava/lang/String;Z)Landroid/content/SharedPreferences$Editor;\n": 3.2188758248682006, "setBackgroundDrawable(Landroid/graphics/drawable/Drawable;)V\n": 1.0986122886681098,