{"getHeight()I\n": 4.1588830833596715, "append(Ljava/lang/Object;)Ljava/lang/StringBuilder;\n": 3.4657359027997265, "c(Ljava/lang/String;)V\n": 2.1972245773362196, "getColumnIndex(Ljava/lang/String;)I\n": 2.3978952727983707, "get(I)Ljava/lang/Object;\n": 8.317766166719343, "requestLayout()V\n": 1.3862943611198906, "a(Landroid/app/Activity;)V\n": 1.9459101490553132, "getInt(Ljava/lang/String;)I\n": 2.772588722239781, "d()Z\n": 2.302585092994046, "a(Ljava/lang/String;Ljava/lang/String;)V\n": 8.788898309344878, "setTextSize(F)V\n": 5.375278407684165, "toLowerCase()Ljava/lang/String;\n": 2.1972245773362196, "a(Ljava/lang/String;)Ljava/lang/String;\n": 2.1972245773362196, "setTextColor(I)V\n": 13.862943611198906, "findPreference(Ljava/lang/CharSequence;)Landroid/preference/Preference;\n": 18.71497387511852, "setJavaScriptEnabled(Z)V\n": 1.0986122886681098, "split(Ljava/lang/String;)[Ljava/lang/String;\n": 4.1588830833596715, "getSupportFragmentManager()Landroid/support/v4/app/FragmentManager;\n": 1.3862943611198906, "isEmpty(Ljava/lang/CharSequence;)Z\n": 8.317766166719343, "setNegativeButton(Ljava/lang/CharSequence;Landroid/content/DialogInterface$OnClickListener;)Landroid/app/AlertDialog$Builder;\n": 5.545177444479562, "stopLoading()V\n": 1.3862943611198906, "getBoolean(Ljava/lang/String;)Z\n": 1.0986122886681098, "makeText(Landroid/content/Context;II)Landroid/widget/Toast;\n": 5.375278407684165, "e()V\n": 6.591673732008658, "a(Ljava/lang/String;)I\n": 3.4339872044851463, "get(Ljava/lang/Object;)Ljava/lang/Object;\n": 6.931471805599453, "setText(I)V\n": 5.545177444479562, "getParent()Landroid/view/ViewParent;\n": 2.1972245773362196, "getMessage()Ljava/lang/String;\n": 1.3862943611198906, "setOnCancelListener(Landroid/content/DialogInterface$OnCancelListener;)V\n": 2.1972245773362196, "getPackageManager()Landroid/content/pm/PackageManager;\n": 6.591673732008658, "startsWith(Ljava/lang/String;)Z\n": 1.3862943611198906, "setChecked(Z)V\n": 4.1588830833596715, "postDelayed(Ljava/lang/Runnable;J)Z\n": 2.1972245773362196, "setClassName(Ljava/lang/String;Ljava/lang/String;)Landroid/content/Intent;\n": 1.9459101490553132, "putExtra(Ljava/lang/String;Z)Landroid/content/Intent;\n": 2.0794415416798357, "setIcon(I)Landroid/app/AlertDialog$Builder;\n": 3.8918202981106265, "getApplication()Landroid/app/Application;\n": 1.791759469228055, "setEnabled(Z)V\n": 9.887510598012987, "contains(Ljava/lang/Object;)Z\n": 1.791759469228055, "launchAdActivity(Lcom/google/ads/internal/d;Lcom/google/ads/internal/e;)V\n": 2.0794415416798357, "moveToNext()Z\n": 4.969813299576001, "putString(Ljava/lang/String;Ljava/lang/String;)Landroid/content/SharedPreferences$Editor;\n": 5.375278407684165, "post(Ljava/lang/Runnable;)Z\n": 1.6094379124341003, "setFlags(I)Landroid/content/Intent;\n": 2.772588722239781, "getColor(I)I\n": 1.6094379124341003, "debug(Ljava/lang/String;)V\n": 4.543294782270004, "max(II)I\n": 2.5649493574615367, "destroy()V\n": 1.0986122886681098, "clear()V\n": 4.394449154672439, "d(Ljava/lang/String;Ljava/lang/String;)I\n": 6.931471805599453, "a(Landroid/content/Context;)Z\n": 2.4849066497880004, "a(Ljava/lang/String;)Z\n": 2.3978952727983707, "onCreateOptionsMenu(Landroid/view/Menu;)Z\n": 1.0986122886681098, "<init>(Landroid/content/Context;I)V\n": 5.8377304471659395, "setBackgroundColor(I)V\n": 3.4657359027997265, "setView(Landroid/view/View;)Landroid/app/AlertDialog$Builder;\n": 1.9459101490553132, "addAction(Ljava/lang/String;)V\n": 2.1972245773362196, "setBackgroundResource(I)V\n": 27.465307216702744, "setComponent(Landroid/content/ComponentName;)Landroid/content/Intent;\n": 2.0794415416798357, "startActivityForResult(Landroid/content/Intent;I)V\n": 2.772588722239781, "getCount()I\n": 4.828313737302301, "setSummary(Ljava/lang/CharSequence;)V\n": 2.4849066497880004, "getSharedPreferences(Ljava/lang/String;I)Landroid/content/SharedPreferences;\n": 6.931471805599453, "getSupportActionBar()Lcom/actionbarsherlock/app/ActionBar;\n": 2.5649493574615367, "inflate(Landroid/content/Context;ILandroid/view/ViewGroup;)Landroid/view/View;\n": 9.656627474604601, "getInstance()Lcom/google/analytics/tracking/android/EasyTracker;\n": 8.221747728346623, "setContentView(Landroid/view/View;Landroid/view/ViewGroup$LayoutParams;)V\n": 1.3862943611198906, "isChecked()Z\n": 3.58351893845611, "a(Lcom/google/ads/internal/d;)V\n": 2.0794415416798357, "valueOf(I)Ljava/lang/String;\n": 5.545177444479562, "b()Ljava/lang/String;\n": 2.1972245773362196, "setCancelable(Z)Landroid/app/AlertDialog$Builder;\n": 1.3862943611198906, "getString(I[Ljava/lang/Object;)Ljava/lang/String;\n": 1.9459101490553132, "substring(I)Ljava/lang/String;\n": 3.58351893845611, "c(I)V\n": 2.6390573296152584, "b(Ljava/lang/String;Ljava/lang/Throwable;)V\n": 2.772588722239781, "close()V\n": 14.281959752685427, "length()I\n": 4.852030263919617, "removeDialog(I)V\n": 3.7376696182833684, "getChildCount()I\n": 1.9459101490553132, "putExtra(Ljava/lang/String;I)Landroid/content/Intent;\n": 3.4657359027997265, "d(Z)V\n": 1.6094379124341003, "isShowing()Z\n": 2.1972245773362196, "getText(I)Ljava/lang/CharSequence;\n": 2.4849066497880004, "a(Lcom/google/ads/internal/AdWebView;ZIZZ)V\n": 2.302585092994046, "getDecorView()Landroid/view/View;\n": 2.3978952727983707, "b()V\n": 10.986122886681098, "setData(Landroid/net/Uri;)Landroid/content/Intent;\n": 2.1972245773362196, "onNewIntent(Landroid/content/Intent;)V\n": 1.3862943611198906, "loadUrl(Ljava/lang/String;)V\n": 1.3862943611198906, "printStackTrace()V\n": 6.931471805599453, "u()V\n": 1.3862943611198906, "setImageResource(I)V\n": 2.0794415416798357, "size()I\n": 9.704060527839234, "loadAnimation(Landroid/content/Context;I)Landroid/view/animation/Animation;\n": 2.0794415416798357, "execute([Ljava/lang/Object;)Landroid/os/AsyncTask;\n": 5.493061443340549, "onClick(Landroid/view/View;)V\n": 3.4657359027997265, "registerReceiver(Landroid/content/BroadcastReceiver;Landroid/content/IntentFilter;)Landroid/content/Intent;\n": 3.2188758248682006, "a(I)V\n": 8.047189562170502, "setTitle(I)V\n": 1.791759469228055, "a(Landroid/content/Context;Ljava/lang/String;)V\n": 2.833213344056216, "inflate(ILandroid/view/ViewGroup;)Landroid/view/View;\n": 2.1972245773362196, "setId(I)V\n": 1.3862943611198906, "setResult(I)V\n": 2.1972245773362196, "getWidth()I\n": 4.394449154672439, "getReadableDatabase()Landroid/database/sqlite/SQLiteDatabase;\n": 4.890349128221754, "setMargins(IIII)V\n": 2.1972245773362196, "setTitle(Ljava/lang/CharSequence;)Landroid/app/AlertDialog$Builder;\n": 3.295836866004329, "getInstalledApplications(I)Ljava/util/List;\n": 9.169934957341145, "contains(Ljava/lang/CharSequence;)Z\n": 1.3862943611198906, "n()V\n": 2.302585092994046, "l()V\n": 2.1972245773362196, "getSharedPreferences()Landroid/content/SharedPreferences;\n": 2.995732273553991, "putExtra(Ljava/lang/String;Landroid/os/Parcelable;)Landroid/content/Intent;\n": 2.772588722239781, "a(Ljava/lang/String;Ljava/lang/Throwable;)V\n": 1.6094379124341003, "setOnDismissListener(Landroid/content/DialogInterface$OnDismissListener;)V\n": 5.1298987149230735, "setAlpha(I)V\n": 5.666426688112432, "getStringExtra(Ljava/lang/String;)Ljava/lang/String;\n": 6.238324625039508, "equalsIgnoreCase(Ljava/lang/String;)Z\n": 2.772588722239781, "getExternalStorageDirectory()Ljava/io/File;\n": 1.9459101490553132, "getSettings()Landroid/webkit/WebSettings;\n": 1.3862943611198906, "addCategory(Ljava/lang/String;)Landroid/content/Intent;\n": 1.791759469228055, "getBooleanExtra(Ljava/lang/String;Z)Z\n": 2.1972245773362196, "onKeyDown(ILandroid/view/KeyEvent;)Z\n": 3.4657359027997265, "i(Ljava/lang/String;Ljava/lang/String;)V\n": 3.1354942159291497, "setImageDrawable(Landroid/graphics/drawable/Drawable;)V\n": 1.6094379124341003, "getDisplayMetrics()Landroid/util/DisplayMetrics;\n": 1.3862943611198906, "append(I)Ljava/lang/StringBuilder;\n": 6.238324625039508, "intValue()I\n": 2.772588722239781,