{"fromFile(Ljava/io/File;)Landroid/net/Uri;\n": 2.1972245773362196, "append(Ljava/lang/Object;)Ljava/lang/StringBuilder;\n": 2.772588722239781, "c(Ljava/lang/String;)V\n": 2.1972245773362196, "stopLoading()V\n": 1.3862943611198906, "get(I)Ljava/lang/Object;\n": 9.704060527839234, "setCancelable(Z)V\n": 1.6094379124341003, "loadAd(Lcom/google/android/gms/ads/AdRequest;)V\n": 2.6390573296152584, "getInt(Ljava/lang/String;)I\n": 2.0794415416798357, "put(Ljava/lang/String;Ljava/lang/String;)V\n": 2.8903717578961645, "mkdirs()Z\n": 2.3978952727983707, "c(I)V\n": 2.6390573296152584, "setOrientation(I)V\n": 1.3862943611198906, "setJavaScriptEnabled(Z)V\n": 1.0986122886681098, "split(Ljava/lang/String;)[Ljava/lang/String;\n": 1.3862943611198906, "getSupportFragmentManager()Landroid/support/v4/app/FragmentManager;\n": 5.545177444479562, "containsKey(Ljava/lang/String;)Z\n": 3.58351893845611, "onCreateDialog(I)Landroid/app/Dialog;\n": 1.6094379124341003, "isEmpty(Ljava/lang/CharSequence;)Z\n": 5.545177444479562, "onCreateOptionsMenu(Landroid/view/Menu;)Z\n": 2.1972245773362196, "removeView(Landroid/view/View;)V\n": 1.0986122886681098, "putExtras(Landroid/os/Bundle;)Landroid/content/Intent;\n": 2.1972245773362196, "putExtra(Ljava/lang/String;Z)Landroid/content/Intent;\n": 2.772588722239781, "makeText(Landroid/content/Context;II)Landroid/widget/Toast;\n": 1.791759469228055, "getAbsolutePath()Ljava/lang/String;\n": 3.8918202981106265, "setSelected(Z)V\n": 4.969813299576001, "valueOf(J)Ljava/lang/Long;\n": 1.791759469228055, "setText(I)V\n": 4.1588830833596715, "getParent()Landroid/view/ViewParent;\n": 1.0986122886681098, "getMessage()Ljava/lang/String;\n": 1.3862943611198906, "setDisplayHomeAsUpEnabled(Z)V\n": 1.9459101490553132, "getPackageManager()Landroid/content/pm/PackageManager;\n": 1.0986122886681098, "startsWith(Ljava/lang/String;)Z\n": 1.3862943611198906, "setChecked(Z)V\n": 2.772588722239781, "postDelayed(Ljava/lang/Runnable;J)Z\n": 2.1972245773362196, "getApplication()Landroid/app/Application;\n": 1.791759469228055, "setEnabled(Z)V\n": 5.493061443340549, "contains(Ljava/lang/Object;)Z\n": 1.791759469228055, "gc()V\n": 7.694848072384611, "getBitmap()Landroid/graphics/Bitmap;\n": 2.995732273553991, "putString(Ljava/lang/String;Ljava/lang/String;)Landroid/content/SharedPreferences$Editor;\n": 1.791759469228055, "post(Ljava/lang/Runnable;)Z\n": 3.2188758248682006, "setFlags(I)Landroid/content/Intent;\n": 1.3862943611198906, "getColor(I)I\n": 1.6094379124341003, "<init>(Lcom/aviary/android/feather/FeatherActivity;)V\n": 5.25227342804663, "max(II)I\n": 2.5649493574615367, "clear()V\n": 3.295836866004329, "getTag()Ljava/lang/Object;\n": 1.9459101490553132, "setMessage(I)Landroid/app/AlertDialog$Builder;\n": 3.58351893845611, "startActivityForResult(Landroid/content/Intent;I)V\n": 3.4657359027997265, "start()V\n": 2.772588722239781, "append(J)Ljava/lang/StringBuilder;\n": 1.9459101490553132, "runOnUiThread(Ljava/lang/Runnable;)V\n": 3.58351893845611, "moveToFirst()Z\n": 1.9459101490553132, "setNegativeButton(Ljava/lang/CharSequence;Landroid/content/DialogInterface$OnClickListener;)Landroid/app/AlertDialog$Builder;\n": 1.3862943611198906, "<init>(Landroid/content/Context;I)V\n": 1.9459101490553132, "setBackgroundColor(I)V\n": 2.772588722239781, "d(Ljava/lang/String;)V\n": 1.0986122886681098, "setId(I)V\n": 1.3862943611198906, "setBackgroundResource(I)V\n": 7.690286020676768, "setResult(ILandroid/content/Intent;)V\n": 4.394449154672439, "getCount()I\n": 1.6094379124341003, "a(Ljava/lang/String;Ljava/lang/String;)V\n": 6.591673732008658, "getSharedPreferences(Ljava/lang/String;I)Landroid/content/SharedPreferences;\n": 4.1588830833596715, "valueOf(I)Ljava/lang/String;\n": 4.1588830833596715, "parseInt(Ljava/lang/String;)I\n": 2.1972245773362196, "i()V\n": 3.58351893845611, "setContentView(Landroid/view/View;Landroid/view/ViewGroup$LayoutParams;)V\n": 1.3862943611198906, "isChecked()Z\n": 1.791759469228055, "<init>(Ljava/lang/Runnable;)V\n": 1.791759469228055, "asList([Ljava/lang/Object;)Ljava/util/List;\n": 2.3978952727983707, "getHeight()I\n": 11.090354888959125, "substring(I)Ljava/lang/String;\n": 1.791759469228055, "format(Ljava/lang/String;[Ljava/lang/Object;)Ljava/lang/String;\n": 2.772588722239781, "b(Ljava/lang/String;Ljava/lang/Throwable;)V\n": 2.772588722239781, "close()V\n": 5.493061443340549, "length()I\n": 3.4657359027997265, "getChildCount()I\n": 1.9459101490553132, "putExtra(Ljava/lang/String;I)Landroid/content/Intent;\n": 3.4657359027997265, "isShowing()Z\n": 2.1972245773362196, "getText(I)Ljava/lang/CharSequence;\n": 4.969813299576001, "getDefaultDisplay()Landroid/view/Display;\n": 2.1972245773362196, "b()Ljava/lang/String;\n": 1.0986122886681098, "b()V\n": 8.788898309344878, "setData(Landroid/net/Uri;)Landroid/content/Intent;\n": 2.1972245773362196, "q()V\n": 2.5649493574615367, "onNewIntent(Landroid/content/Intent;)V\n": 1.3862943611198906, "findPreference(Ljava/lang/CharSequence;)Landroid/preference/Preference;\n": 4.1588830833596715, "printStackTrace()V\n": 8.317766166719343, "setImageResource(I)V\n": 4.852030263919617, "size()I\n": 9.010913347279288, "get(Ljava/lang/Object;)Ljava/lang/Object;\n": 4.852030263919617, "loadAnimation(Landroid/content/Context;I)Landroid/view/animation/Animation;\n": 2.0794415416798357, "execute([Ljava/lang/Object;)Landroid/os/AsyncTask;\n": 4.394449154672439, "onClick(Landroid/view/View;)V\n": 2.0794415416798357, "getText()Landroid/text/Editable;\n": 2.772588722239781, "a(I)V\n": 6.437751649736401, "setTitle(I)V\n": 1.791759469228055, "inflate(ILandroid/view/ViewGroup;)Landroid/view/View;\n": 3.295836866004329, "setResult(I)V\n": 2.1972245773362196, "getSimpleName()Ljava/lang/String;\n": 3.2188758248682006, "getWidth()I\n": 8.788898309344878, "getBoolean(Ljava/lang/String;)Z\n": 2.1972245773362196, "setMargins(IIII)V\n": 1.0986122886681098, "setTitle(Ljava/lang/CharSequence;)Landroid/app/AlertDialog$Builder;\n": 1.0986122886681098, "notifyDataSetChanged()V\n": 2.772588722239781, "contains(Ljava/lang/CharSequence;)Z\n": 2.772588722239781, "getMetrics(Landroid/util/DisplayMetrics;)V\n": 1.6094379124341003, "n()V\n": 2.302585092994046, "setBackgroundDrawable(Landroid/graphics/drawable/Drawable;)V\n": 2.1972245773362196, "l()V\n": 2.1972245773362196, "putSerializable(Ljava/lang/String;Ljava/io/Serializable;)V\n": 1.791759469228055, "putExtra(Ljava/lang/String;Landroid/os/Parcelable;)Landroid/content/Intent;\n": 2.772588722239781, "a(Ljava/lang/String;Ljava/lang/Throwable;)V\n": 1.6094379124341003, "getBooleanExtra(Ljava/lang/String;Z)Z\n": 2.1972245773362196, "setProgress(I)V\n": 1.9459101490553132, "equalsIgnoreCase(Ljava/lang/String;)Z\n": 4.1588830833596715, "getExternalStorageDirectory()Ljava/io/File;\n": 3.8918202981106265, "getSettings()Landroid/webkit/WebSettings;\n": 1.3862943611198906, "next()Ljava/lang/Object;\n": 2.772588722239781, "onKeyDown(ILandroid/view/KeyEvent;)Z\n": 4.852030263919617, "abs(F)F\n": 3.6109179126442243, "setImageDrawable(Landroid/graphics/drawable/Drawable;)V\n": 1.6094379124341003, "getDisplayMetrics()Landroid/util/DisplayMetrics;\n": 1.3862943611198906, "intValue()I\n": 2.772588722239781, "addView(Landroid/view/View;)V\n": 4.1588830833596715, "setType(Ljava/lang/String;)Landroid/content/Intent;\n": 2.1972245773362196, "onOptionsItemSelected(Landroid/view/MenuItem;)Z\n": 3.295836866004329, "getLayoutParams()Landroid/view/ViewGroup$LayoutParams;\n": 4.828313737302301, "c(Z)V\n": 2.5649493574615367, "N()V\n": 2.3978952727983707, "append(Z)Ljava/lang/StringBuilder;\n": 1.6094379124341003, "getAction()Ljava/lang/String;\n": 1.3862943611198906, "putInt(Ljava/lang/String;I)V\n": 2.772588722239781, "c()Z\n": 2.0794415416798357, "getFragmentManager()Landroid/app/FragmentManager;\n": 3.2188758248682006, "replace(Ljava/lang/CharSequence;Ljava/lang/CharSequence;)Ljava/lang/String;\n": 1.3862943611198906,