{"getHeight()I\n": 2.772588722239781, "append(Ljava/lang/Object;)Ljava/lang/StringBuilder;\n": 2.772588722239781, "d(Ljava/lang/String;Ljava/lang/String;)I\n": 4.1588830833596715, "getColumnIndex(Ljava/lang/String;)I\n": 4.795790545596741, "get(I)Ljava/lang/Object;\n": 9.010913347279288, "getMenuInflater()Landroid/view/MenuInflater;\n": 1.3862943611198906, "getInt(Ljava/lang/String;)I\n": 1.3862943611198906, "d()Z\n": 2.302585092994046, "a(Ljava/lang/String;Ljava/lang/String;)V\n": 4.394449154672439, "a(Ljava/lang/String;)Ljava/lang/String;\n": 2.1972245773362196, "setTextColor(I)V\n": 5.545177444479562, "findPreference(Ljava/lang/CharSequence;)Landroid/preference/Preference;\n": 14.55609079175885, "setTheme(I)V\n": 1.9459101490553132, "split(Ljava/lang/String;)[Ljava/lang/String;\n": 1.3862943611198906, "getSupportFragmentManager()Landroid/support/v4/app/FragmentManager;\n": 4.1588830833596715, "containsKey(Ljava/lang/String;)Z\n": 3.58351893845611, "c(Ljava/lang/String;)V\n": 2.1972245773362196, "onCreateDialog(I)Landroid/app/Dialog;\n": 1.6094379124341003, "isEmpty(Ljava/lang/CharSequence;)Z\n": 8.317766166719343, "onCreateOptionsMenu(Landroid/view/Menu;)Z\n": 2.1972245773362196, "removeView(Landroid/view/View;)V\n": 1.0986122886681098, "putExtras(Landroid/os/Bundle;)Landroid/content/Intent;\n": 1.0986122886681098, "putExtra(Ljava/lang/String;Z)Landroid/content/Intent;\n": 2.0794415416798357, "makeText(Landroid/content/Context;II)Landroid/widget/Toast;\n": 5.375278407684165, "e()V\n": 5.493061443340549, "setSelected(Z)V\n": 2.4849066497880004, "get(Ljava/lang/Object;)Ljava/lang/Object;\n": 4.1588830833596715, "setText(I)V\n": 9.704060527839234, "getPath()Ljava/lang/String;\n": 1.791759469228055, "getMessage()Ljava/lang/String;\n": 1.3862943611198906, "setDisplayHomeAsUpEnabled(Z)V\n": 1.9459101490553132, "getPackageManager()Landroid/content/pm/PackageManager;\n": 2.1972245773362196, "setChecked(Z)V\n": 8.317766166719343, "getAbsolutePath()Ljava/lang/String;\n": 3.8918202981106265, "format(Ljava/util/Date;)Ljava/lang/String;\n": 2.0794415416798357, "setIcon(I)Landroid/app/AlertDialog$Builder;\n": 1.9459101490553132, "getApplication()Landroid/app/Application;\n": 1.791759469228055, "removeMessages(I)V\n": 2.8903717578961645, "contains(Ljava/lang/Object;)Z\n": 1.791759469228055, "hasExtra(Ljava/lang/String;)Z\n": 3.58351893845611, "onOptionsItemSelected(Lcom/actionbarsherlock/view/MenuItem;)Z\n": 2.5649493574615367, "moveToNext()Z\n": 2.4849066497880004, "putString(Ljava/lang/String;Ljava/lang/String;)Landroid/content/SharedPreferences$Editor;\n": 1.791759469228055, "post(Ljava/lang/Runnable;)Z\n": 1.6094379124341003, "setFlags(I)Landroid/content/Intent;\n": 2.772588722239781, "getColor(I)I\n": 3.2188758248682006, "putInt(Ljava/lang/String;I)V\n": 2.772588722239781, "clear()V\n": 4.394449154672439, "getTag()Ljava/lang/Object;\n": 1.9459101490553132, "setMessage(I)Landroid/app/AlertDialog$Builder;\n": 3.58351893845611, "startActivityForResult(Landroid/content/Intent;I)V\n": 2.772588722239781, "start()V\n": 2.0794415416798357, "append(J)Ljava/lang/StringBuilder;\n": 1.9459101490553132, "runOnUiThread(Ljava/lang/Runnable;)V\n": 1.791759469228055, "setNegativeButton(Ljava/lang/CharSequence;Landroid/content/DialogInterface$OnClickListener;)Landroid/app/AlertDialog$Builder;\n": 1.3862943611198906, "<init>(Landroid/content/Context;I)V\n": 1.9459101490553132, "getListView()Landroid/widget/ListView;\n": 2.302585092994046, "setView(Landroid/view/View;)Landroid/app/AlertDialog$Builder;\n": 1.9459101490553132, "addAction(Ljava/lang/String;)V\n": 2.1972245773362196, "setBackgroundResource(I)V\n": 4.394449154672439, "setResult(ILandroid/content/Intent;)V\n": 2.1972245773362196, "getCount()I\n": 3.2188758248682006, "setSummary(Ljava/lang/CharSequence;)V\n": 4.969813299576001, "getSharedPreferences(Ljava/lang/String;I)Landroid/content/SharedPreferences;\n": 4.1588830833596715, "getSupportActionBar()Lcom/actionbarsherlock/app/ActionBar;\n": 5.1298987149230735, "getTimeInMillis()J\n": 2.8903717578961645, "i()V\n": 3.58351893845611, "isChecked()Z\n": 5.375278407684165, "toLowerCase()Ljava/lang/String;\n": 2.1972245773362196, "valueOf(I)Ljava/lang/String;\n": 2.772588722239781, "setCancelable(Z)Landroid/app/AlertDialog$Builder;\n": 1.3862943611198906, "getString(I[Ljava/lang/Object;)Ljava/lang/String;\n": 3.8918202981106265, "substring(I)Ljava/lang/String;\n": 1.791759469228055, "c(I)V\n": 2.6390573296152584, "b(Ljava/lang/String;Ljava/lang/Throwable;)V\n": 1.3862943611198906, "close()V\n": 5.493061443340549, "length()I\n": 6.931471805599453, "putExtra(Ljava/lang/String;I)Landroid/content/Intent;\n": 2.772588722239781, "isShowing()Z\n": 1.0986122886681098, "getText(I)Ljava/lang/CharSequence;\n": 2.4849066497880004, "getDefaultDisplay()Landroid/view/Display;\n": 1.0986122886681098, "b()Ljava/lang/String;\n": 2.1972245773362196, "b()V\n": 9.887510598012987, "get(I)I\n": 4.795790545596741, "onNewIntent(Landroid/content/Intent;)V\n": 2.772588722239781, "loadUrl(Ljava/lang/String;)V\n": 1.3862943611198906, "printStackTrace()V\n": 5.545177444479562, "setImageResource(I)V\n": 3.4657359027997265, "size()I\n": 9.010913347279288, "loadAnimation(Landroid/content/Context;I)Landroid/view/animation/Animation;\n": 2.0794415416798357, "execute([Ljava/lang/Object;)Landroid/os/AsyncTask;\n": 2.1972245773362196, "onClick(Landroid/view/View;)V\n": 2.0794415416798357, "registerReceiver(Landroid/content/BroadcastReceiver;Landroid/content/IntentFilter;)Landroid/content/Intent;\n": 1.6094379124341003, "a(I)V\n": 8.047189562170502, "setTitle(I)V\n": 3.58351893845611, "inflate(ILandroid/view/ViewGroup;)Landroid/view/View;\n": 3.295836866004329, "setId(I)V\n": 1.3862943611198906, "setResult(I)V\n": 2.1972245773362196, "getSimpleName()Ljava/lang/String;\n": 1.6094379124341003, "getWidth()I\n": 2.1972245773362196, "getBoolean(Ljava/lang/String;)Z\n": 1.0986122886681098, "setMargins(IIII)V\n": 1.0986122886681098, "setTitle(Ljava/lang/CharSequence;)Landroid/app/AlertDialog$Builder;\n": 1.0986122886681098, "invoke(Ljava/lang/Object;[Ljava/lang/Object;)Ljava/lang/Object;\n": 2.4849066497880004, "notifyDataSetChanged()V\n": 2.772588722239781, "contains(Ljava/lang/CharSequence;)Z\n": 1.3862943611198906, "putExtra(Ljava/lang/String;J)Landroid/content/Intent;\n": 1.6094379124341003, "n()V\n": 2.302585092994046, "setBackgroundDrawable(Landroid/graphics/drawable/Drawable;)V\n": 2.1972245773362196, "l()V\n": 2.1972245773362196, "getInstance()Ljava/util/Calendar;\n": 1.9459101490553132, "putExtra(Ljava/lang/String;Landroid/os/Parcelable;)Landroid/content/Intent;\n": 1.3862943611198906, "getDrawable(I)Landroid/graphics/drawable/Drawable;\n": 4.1588830833596715, "indexOf(Ljava/lang/String;)I\n": 4.1588830833596715, "setData(Landroid/net/Uri;)Landroid/content/Intent;\n": 1.0986122886681098, "getBaseContext()Landroid/content/Context;\n": 2.0794415416798357, "setProgress(I)V\n": 1.9459101490553132, "equalsIgnoreCase(Ljava/lang/String;)Z\n": 5.545177444479562, "getSettings()Landroid/webkit/WebSettings;\n": 0.6931471805599453, "getBooleanExtra(Ljava/lang/String;Z)Z\n": 3.295836866004329, "onKeyDown(ILandroid/view/KeyEvent;)Z\n": 2.772588722239781, "i(Ljava/lang/String;Ljava/lang/String;)V\n": 3.1354942159291497, "setImageDrawable(Landroid/graphics/drawable/Drawable;)V\n": 1.6094379124341003, "getDisplayMetrics()Landroid/util/DisplayMetrics;\n": 0.6931471805599453, "intValue()I\n": 3.4657359027997265, "addView(Landroid/view/View;)V\n": 3.4657359027997265, "setType(Ljava/lang/String;)Landroid/content/Intent;\n": 1.0986122886681098, "onOptionsItemSelected(Landroid/view/MenuItem;)Z\n": 4.394449154672439, "getLayoutParams()Landroid/view/ViewGroup$LayoutParams;\n": 1.6094379124341003, "setTitle(I)Landroid/app/AlertDialog$Builder;\n": 3.2188758248682006, "getAction()Ljava/lang/String;\n": 2.772588722239781, "c()Z\n": 2.0794415416798357,