{"valueOf(Ljava/lang/Object;)Ljava/lang/String;\n": 6.591673732008658, "cancel()V\n": 1.791759469228055, "append(Ljava/lang/Object;)Ljava/lang/StringBuilder;\n": 2.772588722239781, "c(Ljava/lang/String;)V\n": 2.1972245773362196, "getColumnIndex(Ljava/lang/String;)I\n": 11.989476363991853, "get(I)Ljava/lang/Object;\n": 8.317766166719343, "valueOf(Ljava/lang/String;)Ljava/lang/Float;\n": 4.406719247264253, "getCurrentItem()I\n": 2.3978952727983707, "getMenuInflater()Landroid/view/MenuInflater;\n": 2.772588722239781, "getInt(Ljava/lang/String;)I\n": 1.3862943611198906, "a(Ljava/lang/String;Ljava/lang/String;)V\n": 4.394449154672439, "setTextSize(F)V\n": 5.375278407684165, "replace(ILandroid/support/v4/app/Fragment;)Landroid/support/v4/app/FragmentTransaction;\n": 2.302585092994046, "setOrientation(I)V\n": 1.3862943611198906, "setTheme(I)V\n": 1.9459101490553132, "a(Ljava/lang/String;[Ljava/lang/Object;)V\n": 4.727387818712341, "getSupportFragmentManager()Landroid/support/v4/app/FragmentManager;\n": 6.931471805599453, "containsKey(Ljava/lang/String;)Z\n": 1.791759469228055, "onCreateDialog(I)Landroid/app/Dialog;\n": 1.6094379124341003, "isEmpty(Ljava/lang/CharSequence;)Z\n": 6.931471805599453, "onCreateOptionsMenu(Landroid/view/Menu;)Z\n": 4.394449154672439, "stopLoading()V\n": 1.3862943611198906, "putExtra(Ljava/lang/String;Z)Landroid/content/Intent;\n": 1.3862943611198906, "makeText(Landroid/content/Context;II)Landroid/widget/Toast;\n": 1.791759469228055, "getAbsolutePath()Ljava/lang/String;\n": 1.9459101490553132, "get(Ljava/lang/Object;)Ljava/lang/Object;\n": 6.238324625039508, "setText(I)V\n": 2.772588722239781, "getParent()Landroid/view/ViewParent;\n": 1.0986122886681098, "getMessage()Ljava/lang/String;\n": 1.3862943611198906, "a(Landroid/app/Activity;)V\n": 1.9459101490553132, "setSelection(I)V\n": 1.791759469228055, "getPackageManager()Landroid/content/pm/PackageManager;\n": 1.0986122886681098, "setChecked(Z)V\n": 1.3862943611198906, "postDelayed(Ljava/lang/Runnable;J)Z\n": 1.0986122886681098, "floatValue()F\n": 25.424430642783566, "setIcon(I)Landroid/app/AlertDialog$Builder;\n": 1.9459101490553132, "getApplication()Landroid/app/Application;\n": 1.791759469228055, "setEnabled(Z)V\n": 3.295836866004329, "h()V\n": 2.772588722239781, "getInt(I)I\n": 4.969813299576001, "findFragmentByTag(Ljava/lang/String;)Landroid/support/v4/app/Fragment;\n": 2.302585092994046, "moveToNext()Z\n": 2.4849066497880004, "putString(Ljava/lang/String;Ljava/lang/String;)Landroid/content/SharedPreferences$Editor;\n": 1.791759469228055, "post(Ljava/lang/Runnable;)Z\n": 3.2188758248682006, "setFlags(I)Landroid/content/Intent;\n": 1.3862943611198906, "getColor(I)I\n": 3.2188758248682006, "setBackgroundResource(I)V\n": 5.493061443340549, "putInt(Ljava/lang/String;I)V\n": 1.3862943611198906, "clear()V\n": 3.295836866004329, "d(Ljava/lang/String;Ljava/lang/String;)I\n": 6.931471805599453, "setMessage(I)Landroid/app/AlertDialog$Builder;\n": 1.791759469228055, "runOnUiThread(Ljava/lang/Runnable;)V\n": 1.791759469228055, "moveToFirst()Z\n": 1.9459101490553132, "setNegativeButton(Ljava/lang/CharSequence;Landroid/content/DialogInterface$OnClickListener;)Landroid/app/AlertDialog$Builder;\n": 2.772588722239781, "encode(Ljava/lang/String;Ljava/lang/String;)Ljava/lang/String;\n": 2.4849066497880004, "setBackgroundColor(I)V\n": 4.852030263919617, "d(Ljava/lang/String;)V\n": 3.295836866004329, "getListView()Landroid/widget/ListView;\n": 2.302585092994046, "<init>(IIF)V\n": 2.1972245773362196, "startActivityForResult(Landroid/content/Intent;I)V\n": 2.772588722239781, "getCount()I\n": 3.2188758248682006, "putInt(Ljava/lang/String;I)Landroid/content/SharedPreferences$Editor;\n": 1.9459101490553132, "getSharedPreferences(Ljava/lang/String;I)Landroid/content/SharedPreferences;\n": 2.772588722239781, "valueOf(I)Ljava/lang/String;\n": 2.772588722239781, "setSummary(Ljava/lang/CharSequence;)V\n": 2.4849066497880004, "iterator()Ljava/util/Iterator;\n": 2.0794415416798357, "a(I)Ljava/lang/String;\n": 3.258096538021482, "i()V\n": 1.791759469228055, "setContentView(Landroid/view/View;Landroid/view/ViewGroup$LayoutParams;)V\n": 1.3862943611198906, "format(Ljava/lang/String;[Ljava/lang/Object;)Ljava/lang/String;\n": 4.1588830833596715, "getSupportActionBar()Lcom/actionbarsherlock/app/ActionBar;\n": 5.1298987149230735, "setCancelable(Z)Landroid/app/AlertDialog$Builder;\n": 2.772588722239781, "getInstance(Landroid/content/Context;)Lcom/google/analytics/tracking/android/EasyTracker;\n": 3.784189633918261, "onOptionsItemSelected(Lcom/actionbarsherlock/view/MenuItem;)Z\n": 2.5649493574615367, "setData(Landroid/net/Uri;)Landroid/content/Intent;\n": 1.0986122886681098, "setId(I)V\n": 1.3862943611198906, "b(Ljava/lang/String;Ljava/lang/Throwable;)V\n": 2.772588722239781, "close()V\n": 8.788898309344878, "length()I\n": 7.6246189861593985, "getConfiguration()Landroid/content/res/Configuration;\n": 1.6094379124341003, "getTitle()Ljava/lang/String;\n": 2.1972245773362196, "S()V\n": 2.772588722239781, "putExtra(Ljava/lang/String;I)Landroid/content/Intent;\n": 2.0794415416798357, "d(Z)V\n": 1.6094379124341003, "isShowing()Z\n": 3.295836866004329, "getText(I)Ljava/lang/CharSequence;\n": 2.4849066497880004, "getDefaultDisplay()Landroid/view/Display;\n": 1.0986122886681098, "b()Ljava/lang/String;\n": 2.1972245773362196, "b()V\n": 6.591673732008658, "get(I)I\n": 2.3978952727983707, "onNewIntent(Landroid/content/Intent;)V\n": 2.772588722239781, "findPreference(Ljava/lang/CharSequence;)Landroid/preference/Preference;\n": 6.238324625039507, "printStackTrace()V\n": 4.852030263919617, "u()V\n": 1.3862943611198906, "setImageResource(I)V\n": 2.772588722239781, "getContentResolver()Landroid/content/ContentResolver;\n": 1.3862943611198906, "setJavaScriptEnabled(Z)V\n": 1.0986122886681098, "startsWith(Ljava/lang/String;)Z\n": 2.772588722239781, "addView(Landroid/view/View;)V\n": 4.852030263919617, "onClick(Landroid/view/View;)V\n": 1.3862943611198906, "getText()Landroid/text/Editable;\n": 5.545177444479562, "a(I)V\n": 4.828313737302301, "setTitle(I)V\n": 3.58351893845611, "applyDimension(IFLandroid/util/DisplayMetrics;)F\n": 1.3862943611198906, "split(Ljava/lang/String;)[Ljava/lang/String;\n": 1.3862943611198906, "getAssets()Landroid/content/res/AssetManager;\n": 2.0794415416798357, "inflate(ILandroid/view/ViewGroup;)Landroid/view/View;\n": 2.1972245773362196, "setCurrentItem(I)V\n": 1.9459101490553132, "dispatchTouchEvent(Landroid/view/MotionEvent;)Z\n": 2.302585092994046, "getSimpleName()Ljava/lang/String;\n": 1.6094379124341003, "getWidth()I\n": 1.0986122886681098, "getBoolean(Ljava/lang/String;)Z\n": 1.0986122886681098, "setMargins(IIII)V\n": 1.0986122886681098, "setTitle(Ljava/lang/CharSequence;)Landroid/app/AlertDialog$Builder;\n": 2.1972245773362196, "setClass(Landroid/content/Context;Ljava/lang/Class;)Landroid/content/Intent;\n": 2.302585092994046, "contains(Ljava/lang/CharSequence;)Z\n": 1.3862943611198906, "getMetrics(Landroid/util/DisplayMetrics;)V\n": 1.6094379124341003, "onPrepareOptionsMenu(Landroid/view/Menu;)Z\n": 2.0794415416798357, "setResult(I)V\n": 2.1972245773362196, "l()V\n": 2.1972245773362196, "putSerializable(Ljava/lang/String;Ljava/io/Serializable;)V\n": 1.791759469228055, "putExtra(Ljava/lang/String;Landroid/os/Parcelable;)Landroid/content/Intent;\n": 1.3862943611198906, "getDrawable(I)Landroid/graphics/drawable/Drawable;\n": 1.3862943611198906, "getHeight()I\n": 1.3862943611198906, "a(Ljava/lang/String;Ljava/lang/Throwable;)V\n": 1.6094379124341003, "getBaseContext()Landroid/content/Context;\n": 4.1588830833596715, "getStringExtra(Ljava/lang/String;)Ljava/lang/String;\n": 7.6246189861593985, "equalsIgnoreCase(Ljava/lang/String;)Z\n": 5.545177444479562, "getExternalStorageDirectory()Ljava/io/File;\n": 1.9459101490553132, "getSettings()Landroid/webkit/WebSettings;\n": 2.772588722239781, "setBuiltInZoomControls(Z)V\n": 1.791759469228055, "getBooleanExtra(Ljava/lang/String;Z)Z\n": 3.295836866004329,