{"cancel()V\n": 1.791759469228055, "append(Ljava/lang/Object;)Ljava/lang/StringBuilder;\n": 2.0794415416798357, "getColumnIndex(Ljava/lang/String;)I\n": 2.3978952727983707, "get(I)Ljava/lang/Object;\n": 11.78350206951907, "getCurrentItem()I\n": 2.3978952727983707, "getMenuInflater()Landroid/view/MenuInflater;\n": 1.3862943611198906, "getInt(Ljava/lang/String;)I\n": 2.0794415416798357, "getTitle()Ljava/lang/CharSequence;\n": 2.833213344056216, "put(Ljava/lang/String;Ljava/lang/String;)V\n": 2.8903717578961645, "setTextSize(F)V\n": 1.791759469228055, "setTextColor(I)V\n": 5.545177444479562, "replace(ILandroid/support/v4/app/Fragment;)Landroid/support/v4/app/FragmentTransaction;\n": 2.302585092994046, "findPreference(Ljava/lang/CharSequence;)Landroid/preference/Preference;\n": 2.0794415416798357, "setJavaScriptEnabled(Z)V\n": 1.0986122886681098, "getSupportFragmentManager()Landroid/support/v4/app/FragmentManager;\n": 12.476649250079015, "isEmpty(Ljava/lang/CharSequence;)Z\n": 9.704060527839234, "onCreateOptionsMenu(Landroid/view/Menu;)Z\n": 3.295836866004329, "putExtra(Ljava/lang/String;Z)Landroid/content/Intent;\n": 2.0794415416798357, "makeText(Landroid/content/Context;II)Landroid/widget/Toast;\n": 1.791759469228055, "e()V\n": 2.1972245773362196, "setSelected(Z)V\n": 2.4849066497880004, "get(Ljava/lang/Object;)Ljava/lang/Object;\n": 4.1588830833596715, "setText(I)V\n": 2.772588722239781, "getMessage()Ljava/lang/String;\n": 1.3862943611198906, "commit()Z\n": 3.295836866004329, "setTitle(Ljava/lang/CharSequence;)Landroid/app/AlertDialog$Builder;\n": 2.1972245773362196, "setChecked(Z)V\n": 4.1588830833596715, "postDelayed(Ljava/lang/Runnable;J)Z\n": 1.0986122886681098, "getApplication()Landroid/app/Application;\n": 12.542316284596385, "setEnabled(Z)V\n": 4.394449154672439, "onOptionsItemSelected(Lcom/actionbarsherlock/view/MenuItem;)Z\n": 2.5649493574615367, "findFragmentByTag(Ljava/lang/String;)Landroid/support/v4/app/Fragment;\n": 2.302585092994046, "putString(Ljava/lang/String;Ljava/lang/String;)Landroid/content/SharedPreferences$Editor;\n": 3.58351893845611, "post(Ljava/lang/Runnable;)Z\n": 3.2188758248682006, "setFlags(I)Landroid/content/Intent;\n": 1.3862943611198906, "build()Ljava/util/Map;\n": 3.828641396489095, "putInt(Ljava/lang/String;I)V\n": 2.772588722239781, "put(Ljava/lang/String;Ljava/lang/Object;)Lorg/json/JSONObject;\n": 9.534161491043838, "d(Ljava/lang/String;Ljava/lang/String;)I\n": 4.1588830833596715, "setMessage(I)Landroid/app/AlertDialog$Builder;\n": 1.791759469228055, "startActivityForResult(Landroid/content/Intent;I)V\n": 2.772588722239781, "setRequestedOrientation(I)V\n": 0.6931471805599453, "setArguments(Landroid/os/Bundle;)V\n": 2.302585092994046, "setNegativeButton(Ljava/lang/CharSequence;Landroid/content/DialogInterface$OnClickListener;)Landroid/app/AlertDialog$Builder;\n": 1.3862943611198906, "<init>(Landroid/content/Context;I)V\n": 1.9459101490553132, "setBackgroundColor(I)V\n": 2.0794415416798357, "d(Ljava/lang/String;)V\n": 1.0986122886681098, "currentTimeMillis()J\n": 1.3862943611198906, "setBackgroundResource(I)V\n": 6.591673732008658, "setResult(ILandroid/content/Intent;)V\n": 3.295836866004329, "getCount()I\n": 3.2188758248682006, "a(Ljava/lang/String;Ljava/lang/String;)V\n": 2.1972245773362196, "getSharedPreferences(Ljava/lang/String;I)Landroid/content/SharedPreferences;\n": 4.1588830833596715, "valueOf(I)Ljava/lang/String;\n": 2.772588722239781, "getSerializable(Ljava/lang/String;)Ljava/io/Serializable;\n": 1.3862943611198906, "start()V\n": 1.3862943611198906, "i()V\n": 1.791759469228055, "isChecked()Z\n": 1.791759469228055, "dismiss()V\n": 2.1972245773362196, "getSelectedItemPosition()I\n": 2.995732273553991, "setCancelable(Z)Landroid/app/AlertDialog$Builder;\n": 2.772588722239781, "getId()Ljava/lang/String;\n": 2.70805020110221, "getString(I[Ljava/lang/Object;)Ljava/lang/String;\n": 1.9459101490553132, "send(Ljava/util/Map;)V\n": 3.871201010907891, "setId(I)V\n": 1.3862943611198906, "close()V\n": 3.295836866004329, "length()I\n": 8.317766166719343, "getChildCount()I\n": 1.9459101490553132, "getTitle()Ljava/lang/String;\n": 2.1972245773362196, "getSupportActionBar()Lcom/actionbarsherlock/app/ActionBar;\n": 10.259797429846147, "putExtra(Ljava/lang/String;I)Landroid/content/Intent;\n": 2.0794415416798357, "isShowing()Z\n": 1.0986122886681098, "getDefaultDisplay()Landroid/view/Display;\n": 1.0986122886681098, "b()Ljava/lang/String;\n": 1.0986122886681098, "v(Ljava/lang/String;Ljava/lang/String;)V\n": 17.161837764593564, "get(I)I\n": 2.3978952727983707, "onNewIntent(Landroid/content/Intent;)V\n": 2.772588722239781, "printStackTrace()V\n": 4.852030263919617, "replaceAll(Ljava/lang/String;Ljava/lang/String;)Ljava/lang/String;\n": 2.3978952727983707, "setImageResource(I)V\n": 2.0794415416798357, "size()I\n": 10.39720770839918, "loadAnimation(Landroid/content/Context;I)Landroid/view/animation/Animation;\n": 2.0794415416798357, "setPositiveButton(ILandroid/content/DialogInterface$OnClickListener;)Landroid/app/AlertDialog$Builder;\n": 1.3862943611198906, "onClick(Landroid/view/View;)V\n": 2.0794415416798357, "getText()Landroid/text/Editable;\n": 13.862943611198906, "a(I)V\n": 1.6094379124341003, "setTitle(I)V\n": 1.791759469228055, "get(Ljava/lang/String;)Ljava/lang/Object;\n": 1.791759469228055, "inflate(ILandroid/view/ViewGroup;)Landroid/view/View;\n": 3.295836866004329, "setCurrentItem(I)V\n": 1.9459101490553132, "setResult(I)V\n": 2.1972245773362196, "getSimpleName()Ljava/lang/String;\n": 3.2188758248682006, "getWidth()I\n": 1.0986122886681098, "getBoolean(Ljava/lang/String;)Z\n": 2.1972245773362196, "setMargins(IIII)V\n": 1.0986122886681098, "getJSONObject(I)Lorg/json/JSONObject;\n": 2.8903717578961645, "setClass(Landroid/content/Context;Ljava/lang/Class;)Landroid/content/Intent;\n": 2.302585092994046, "contains(Ljava/lang/CharSequence;)Z\n": 4.1588830833596715, "onPrepareOptionsMenu(Landroid/view/Menu;)Z\n": 2.0794415416798357, "setBackgroundDrawable(Landroid/graphics/drawable/Drawable;)V\n": 2.1972245773362196, "putSerializable(Ljava/lang/String;Ljava/io/Serializable;)V\n": 3.58351893845611, "putExtra(Ljava/lang/String;Landroid/os/Parcelable;)Landroid/content/Intent;\n": 1.3862943611198906, "getDrawable(I)Landroid/graphics/drawable/Drawable;\n": 4.1588830833596715, "getHeight()I\n": 2.772588722239781, "setData(Landroid/net/Uri;)Landroid/content/Intent;\n": 1.0986122886681098, "next()Ljava/lang/Object;\n": 3.4657359027997265, "getStringExtra(Ljava/lang/String;)Ljava/lang/String;\n": 8.317766166719343, "equalsIgnoreCase(Ljava/lang/String;)Z\n": 8.317766166719343, "getSettings()Landroid/webkit/WebSettings;\n": 2.772588722239781, "getBaseContext()Landroid/content/Context;\n": 2.0794415416798357, "onKeyDown(ILandroid/view/KeyEvent;)Z\n": 2.772588722239781, "i(Ljava/lang/String;Ljava/lang/String;)V\n": 9.406482647787449, "setImageDrawable(Landroid/graphics/drawable/Drawable;)V\n": 1.6094379124341003, "getSerializableExtra(Ljava/lang/String;)Ljava/io/Serializable;\n": 4.1588830833596715, "getQueryParameter(Ljava/lang/String;)Ljava/lang/String;\n": 4.795790545596741, "addView(Landroid/view/View;)V\n": 4.852030263919617, "setType(Ljava/lang/String;)Landroid/content/Intent;\n": 1.0986122886681098, "onOptionsItemSelected(Landroid/view/MenuItem;)Z\n": 5.493061443340549, "getLayoutParams()Landroid/view/ViewGroup$LayoutParams;\n": 3.2188758248682006, "getAction()Ljava/lang/String;\n": 2.772588722239781, "loadUrl(Ljava/lang/String;)V\n": 1.3862943611198906, "getFragmentManager()Landroid/app/FragmentManager;\n": 3.2188758248682006, "replace(Ljava/lang/CharSequence;Ljava/lang/CharSequence;)Ljava/lang/String;\n": 2.772588722239781, "getSupportActionBar()Landroid/support/v7/app/ActionBar;\n": 5.666426688112432, "onCreateOptionsMenu(Lcom/actionbarsherlock/view/Menu;)Z\n": 2.6390573296152584,