{"cancel()V\n": 1.791759469228055, "append(Ljava/lang/Object;)Ljava/lang/StringBuilder;\n": 2.0794415416798357, "c(Ljava/lang/String;)V\n": 2.1972245773362196, "getColumnIndex(Ljava/lang/String;)I\n": 2.3978952727983707, "get(I)Ljava/lang/Object;\n": 6.931471805599453, "getCurrentItem()I\n": 2.3978952727983707, "getMenuInflater()Landroid/view/MenuInflater;\n": 1.3862943611198906, "getInt(Ljava/lang/String;)I\n": 2.0794415416798357, "d()Z\n": 2.302585092994046, "a(Ljava/lang/String;Ljava/lang/String;)V\n": 8.788898309344878, "c(I)V\n": 2.6390573296152584, "setTextColor(I)V\n": 4.1588830833596715, "findPreference(Ljava/lang/CharSequence;)Landroid/preference/Preference;\n": 4.1588830833596715, "setJavaScriptEnabled(Z)V\n": 1.0986122886681098, "split(Ljava/lang/String;)[Ljava/lang/String;\n": 1.3862943611198906, "getSupportFragmentManager()Landroid/support/v4/app/FragmentManager;\n": 8.317766166719343, "onCreateDialog(I)Landroid/app/Dialog;\n": 1.6094379124341003, "isEmpty(Ljava/lang/CharSequence;)Z\n": 9.704060527839234, "setNegativeButton(Ljava/lang/CharSequence;Landroid/content/DialogInterface$OnClickListener;)Landroid/app/AlertDialog$Builder;\n": 1.3862943611198906, "removeView(Landroid/view/View;)V\n": 1.0986122886681098, "putExtra(Ljava/lang/String;Z)Landroid/content/Intent;\n": 2.772588722239781, "makeText(Landroid/content/Context;II)Landroid/widget/Toast;\n": 3.58351893845611, "e()V\n": 4.394449154672439, "setSelected(Z)V\n": 4.969813299576001, "get(Ljava/lang/Object;)Ljava/lang/Object;\n": 6.931471805599453, "setText(I)V\n": 5.545177444479562, "getPath()Ljava/lang/String;\n": 1.791759469228055, "getMessage()Ljava/lang/String;\n": 1.3862943611198906, "commit()Z\n": 2.1972245773362196, "getPackageManager()Landroid/content/pm/PackageManager;\n": 1.0986122886681098, "setChecked(Z)V\n": 4.1588830833596715, "postDelayed(Ljava/lang/Runnable;J)Z\n": 2.1972245773362196, "w()V\n": 1.791759469228055, "getApplication()Landroid/app/Application;\n": 5.375278407684165, "setEnabled(Z)V\n": 5.493061443340549, "contains(Ljava/lang/Object;)Z\n": 1.791759469228055, "setBackgroundResource(I)V\n": 4.394449154672439, "findFragmentByTag(Ljava/lang/String;)Landroid/support/v4/app/Fragment;\n": 2.302585092994046, "putString(Ljava/lang/String;Ljava/lang/String;)Landroid/content/SharedPreferences$Editor;\n": 1.791759469228055, "<init>(Landroid/app/Activity;)V\n": 1.6094379124341003, "setFlags(I)Landroid/content/Intent;\n": 1.3862943611198906, "getColor(I)I\n": 3.2188758248682006, "putInt(Ljava/lang/String;I)V\n": 2.772588722239781, "clear()V\n": 4.394449154672439, "d(Ljava/lang/String;Ljava/lang/String;)I\n": 2.772588722239781, "setMessage(I)Landroid/app/AlertDialog$Builder;\n": 1.791759469228055, "startActivityForResult(Landroid/content/Intent;I)V\n": 3.4657359027997265, "a(Ljava/lang/String;I)Ljava/lang/String;\n": 4.912654885736052, "append(J)Ljava/lang/StringBuilder;\n": 1.9459101490553132, "runOnUiThread(Ljava/lang/Runnable;)V\n": 3.58351893845611, "a(Ljava/lang/String;)Z\n": 2.3978952727983707, "setArguments(Landroid/os/Bundle;)V\n": 2.302585092994046, "onCreateOptionsMenu(Landroid/view/Menu;)Z\n": 3.295836866004329, "<init>(Landroid/content/Context;I)V\n": 1.9459101490553132, "setBackgroundColor(I)V\n": 2.772588722239781, "d(Ljava/lang/String;)V\n": 2.1972245773362196, "currentTimeMillis()J\n": 2.772588722239781, "onOptionsItemSelected(Lcom/actionbarsherlock/view/MenuItem;)Z\n": 2.5649493574615367, "setResult(ILandroid/content/Intent;)V\n": 3.295836866004329, "getCount()I\n": 1.6094379124341003, "getSharedPreferences(Ljava/lang/String;I)Landroid/content/SharedPreferences;\n": 2.772588722239781, "valueOf(I)Ljava/lang/String;\n": 4.1588830833596715, "getSerializable(Ljava/lang/String;)Ljava/io/Serializable;\n": 1.3862943611198906, "i()V\n": 3.58351893845611, "isChecked()Z\n": 1.791759469228055, "getSupportActionBar()Lcom/actionbarsherlock/app/ActionBar;\n": 2.5649493574615367, "setCancelable(Z)Landroid/app/AlertDialog$Builder;\n": 1.3862943611198906, "getId()Ljava/lang/String;\n": 2.70805020110221, "getString(I[Ljava/lang/Object;)Ljava/lang/String;\n": 3.8918202981106265, "setId(I)V\n": 1.3862943611198906, "b(Ljava/lang/String;Ljava/lang/Throwable;)V\n": 1.3862943611198906, "close()V\n": 4.394449154672439, "length()I\n": 6.931471805599453, "setOnItemClickListener(Landroid/widget/AdapterView$OnItemClickListener;)V\n": 2.1972245773362196, "putExtra(Ljava/lang/String;I)Landroid/content/Intent;\n": 3.4657359027997265, "d(Z)V\n": 1.6094379124341003, "e(Ljava/lang/String;Ljava/lang/String;)I\n": 2.1972245773362196, "isShowing()Z\n": 1.0986122886681098, "getText(I)Ljava/lang/CharSequence;\n": 2.4849066497880004, "getDefaultDisplay()Landroid/view/Display;\n": 1.0986122886681098, "e()Ljava/lang/String;\n": 2.70805020110221, "b()Ljava/lang/String;\n": 3.295836866004329, "b()V\n": 8.788898309344878, "get(I)I\n": 2.3978952727983707, "t()V\n": 1.9459101490553132, "q()V\n": 2.5649493574615367, "v()V\n": 1.6094379124341003, "loadUrl(Ljava/lang/String;)V\n": 2.772588722239781, "printStackTrace()V\n": 6.238324625039508, "replaceAll(Ljava/lang/String;Ljava/lang/String;)Ljava/lang/String;\n": 2.3978952727983707, "setImageResource(I)V\n": 2.772588722239781, "getContentResolver()Landroid/content/ContentResolver;\n": 2.772588722239781, "loadAnimation(Landroid/content/Context;I)Landroid/view/animation/Animation;\n": 2.0794415416798357, "setPositiveButton(ILandroid/content/DialogInterface$OnClickListener;)Landroid/app/AlertDialog$Builder;\n": 2.772588722239781, "onClick(Landroid/view/View;)V\n": 2.0794415416798357, "getText()Landroid/text/Editable;\n": 9.704060527839234, "a(I)V\n": 6.437751649736401, "setTitle(I)V\n": 1.791759469228055, "inflate(ILandroid/view/ViewGroup;)Landroid/view/View;\n": 2.1972245773362196, "setResult(I)V\n": 3.295836866004329, "getSimpleName()Ljava/lang/String;\n": 3.2188758248682006, "getWidth()I\n": 2.1972245773362196, "getBoolean(Ljava/lang/String;)Z\n": 2.1972245773362196, "setMargins(IIII)V\n": 1.0986122886681098, "setTitle(Ljava/lang/CharSequence;)Landroid/app/AlertDialog$Builder;\n": 1.0986122886681098, "setClass(Landroid/content/Context;Ljava/lang/Class;)Landroid/content/Intent;\n": 2.302585092994046, "contains(Ljava/lang/CharSequence;)Z\n": 2.772588722239781, "putExtra(Ljava/lang/String;J)Landroid/content/Intent;\n": 1.6094379124341003, "n()V\n": 2.302585092994046, "l()V\n": 2.1972245773362196, "putSerializable(Ljava/lang/String;Ljava/io/Serializable;)V\n": 3.58351893845611, "putExtra(Ljava/lang/String;Landroid/os/Parcelable;)Landroid/content/Intent;\n": 2.772588722239781, "getDrawable(I)Landroid/graphics/drawable/Drawable;\n": 2.772588722239781, "getHeight()I\n": 2.772588722239781, "setData(Landroid/net/Uri;)Landroid/content/Intent;\n": 1.0986122886681098, "next()Ljava/lang/Object;\n": 3.4657359027997265, "getStringExtra(Ljava/lang/String;)Ljava/lang/String;\n": 10.39720770839918, "equalsIgnoreCase(Ljava/lang/String;)Z\n": 8.317766166719343, "getSettings()Landroid/webkit/WebSettings;\n": 1.3862943611198906, "getBooleanExtra(Ljava/lang/String;Z)Z\n": 4.394449154672439, "onKeyDown(ILandroid/view/KeyEvent;)Z\n": 3.4657359027997265, "i(Ljava/lang/String;Ljava/lang/String;)V\n": 12.541976863716599, "setImageDrawable(Landroid/graphics/drawable/Drawable;)V\n": 1.6094379124341003, "getSerializableExtra(Ljava/lang/String;)Ljava/io/Serializable;\n": 2.772588722239781, "getQueryParameter(Ljava/lang/String;)Ljava/lang/String;\n": 2.3978952727983707, "intValue()I\n": 2.0794415416798357, "makeText(Landroid/content/Context;Ljava/lang/CharSequence;I)Landroid/widget/Toast;\n": 4.394449154672439, "setType(Ljava/lang/String;)Landroid/content/Intent;\n": 1.0986122886681098, "onOptionsItemSelected(Landroid/view/MenuItem;)Z\n": 5.493061443340549, "getLayoutParams()Landroid/view/ViewGroup$LayoutParams;\n": 3.2188758248682006, "c(Z)V\n": 2.5649493574615367, "setTextSize(IF)V\n": 2.70805020110221, "getAction()Ljava/lang/String;\n": 1.3862943611198906,