{"valueOf(Ljava/lang/Object;)Ljava/lang/String;\n": 8.788898309344878, "cancel()V\n": 1.791759469228055, "append(Ljava/lang/Object;)Ljava/lang/StringBuilder;\n": 2.0794415416798357, "showSpinner()V\n": 5.267858159063328, "getColumnIndex(Ljava/lang/String;)I\n": 4.795790545596741, "get(I)Ljava/lang/Object;\n": 12.476649250079015, "getCurrentItem()I\n": 2.3978952727983707, "getMenuInflater()Landroid/view/MenuInflater;\n": 1.3862943611198906, "getInt(Ljava/lang/String;)I\n": 1.3862943611198906, "a(Ljava/lang/String;Ljava/lang/String;)V\n": 2.1972245773362196, "setTextSize(F)V\n": 1.791759469228055, "a(Ljava/lang/String;)Ljava/lang/String;\n": 2.1972245773362196, "setTextColor(I)V\n": 5.545177444479562, "replace(ILandroid/support/v4/app/Fragment;)Landroid/support/v4/app/FragmentTransaction;\n": 2.302585092994046, "findPreference(Ljava/lang/CharSequence;)Landroid/preference/Preference;\n": 2.0794415416798357, "setJavaScriptEnabled(Z)V\n": 1.0986122886681098, "getSupportFragmentManager()Landroid/support/v4/app/FragmentManager;\n": 12.476649250079015, "containsKey(Ljava/lang/String;)Z\n": 3.58351893845611, "isEmpty(Ljava/lang/CharSequence;)Z\n": 4.1588830833596715, "setNegativeButton(Ljava/lang/CharSequence;Landroid/content/DialogInterface$OnClickListener;)Landroid/app/AlertDialog$Builder;\n": 1.3862943611198906, "removeView(Landroid/view/View;)V\n": 1.0986122886681098, "putExtra(Ljava/lang/String;Z)Landroid/content/Intent;\n": 2.772588722239781, "e()V\n": 2.1972245773362196, "setSelected(Z)V\n": 12.424533248940001, "get(Ljava/lang/Object;)Ljava/lang/Object;\n": 7.6246189861593985, "setText(I)V\n": 4.1588830833596715, "getParent()Landroid/view/ViewParent;\n": 1.0986122886681098, "getMessage()Ljava/lang/String;\n": 0.6931471805599453, "findItem(I)Lcom/actionbarsherlock/view/MenuItem;\n": 3.1780538303479458, "setTitle(Ljava/lang/CharSequence;)Landroid/app/AlertDialog$Builder;\n": 1.0986122886681098, "setChecked(Z)V\n": 6.931471805599453, "postDelayed(Ljava/lang/Runnable;J)Z\n": 2.1972245773362196, "getApplication()Landroid/app/Application;\n": 7.16703787691222, "setEnabled(Z)V\n": 4.394449154672439, "contains(Ljava/lang/Object;)Z\n": 1.791759469228055, "getInt(I)I\n": 2.4849066497880004, "findFragmentByTag(Ljava/lang/String;)Landroid/support/v4/app/Fragment;\n": 2.302585092994046, "putString(Ljava/lang/String;Ljava/lang/String;)Landroid/content/SharedPreferences$Editor;\n": 1.791759469228055, "post(Ljava/lang/Runnable;)Z\n": 1.6094379124341003, "setFlags(I)Landroid/content/Intent;\n": 1.3862943611198906, "getColor(I)I\n": 4.828313737302301, "putInt(Ljava/lang/String;I)V\n": 2.772588722239781, "clear()V\n": 2.1972245773362196, "putExtras(Landroid/os/Bundle;)Landroid/content/Intent;\n": 1.0986122886681098, "startActivityForResult(Landroid/content/Intent;I)V\n": 2.0794415416798357, "append(J)Ljava/lang/StringBuilder;\n": 1.9459101490553132, "setArguments(Landroid/os/Bundle;)V\n": 2.302585092994046, "onCreateOptionsMenu(Landroid/view/Menu;)Z\n": 2.1972245773362196, "setLayoutParams(Landroid/view/ViewGroup$LayoutParams;)V\n": 4.852030263919617, "d(Ljava/lang/String;)V\n": 1.0986122886681098, "getCount()I\n": 1.6094379124341003, "onOptionsItemSelected(Lcom/actionbarsherlock/view/MenuItem;)Z\n": 7.694848072384611, "setResult(ILandroid/content/Intent;)V\n": 1.0986122886681098, "a()V\n": 2.772588722239781, "put(Ljava/lang/String;I)Lorg/json/JSONObject;\n": 3.8918202981106265, "getSharedPreferences(Ljava/lang/String;I)Landroid/content/SharedPreferences;\n": 2.772588722239781, "getSupportActionBar()Lcom/actionbarsherlock/app/ActionBar;\n": 7.694848072384611, "isChecked()Z\n": 5.375278407684165, "dismiss()V\n": 1.0986122886681098, "valueOf(I)Ljava/lang/String;\n": 5.545177444479562, "getId()Ljava/lang/String;\n": 2.70805020110221, "getHeight()I\n": 1.3862943611198906, "setData(Landroid/net/Uri;)Landroid/content/Intent;\n": 1.0986122886681098, "setId(I)V\n": 2.772588722239781, "b(Ljava/lang/String;Ljava/lang/Throwable;)V\n": 1.3862943611198906, "close()V\n": 3.295836866004329, "length()I\n": 7.6246189861593985, "getChildCount()I\n": 1.9459101490553132, "setHomeButtonEnabled(Z)V\n": 2.5649493574615367, "putExtra(Ljava/lang/String;I)Landroid/content/Intent;\n": 2.772588722239781, "isShowing()Z\n": 1.0986122886681098, "getDefaultDisplay()Landroid/view/Display;\n": 1.0986122886681098, "b()Ljava/lang/String;\n": 1.0986122886681098, "v(Ljava/lang/String;Ljava/lang/String;)V\n": 8.580918882296782, "get(I)I\n": 2.3978952727983707, "invalidateViews()V\n": 3.828641396489095, "onNewIntent(Landroid/content/Intent;)V\n": 1.3862943611198906, "printStackTrace()V\n": 4.1588830833596715, "setImageResource(I)V\n": 3.4657359027997265, "getContentResolver()Landroid/content/ContentResolver;\n": 1.3862943611198906, "setPositiveButton(ILandroid/content/DialogInterface$OnClickListener;)Landroid/app/AlertDialog$Builder;\n": 1.3862943611198906, "onClick(Landroid/view/View;)V\n": 4.1588830833596715, "getText()Landroid/text/Editable;\n": 5.545177444479562, "a(I)V\n": 1.6094379124341003, "setTitle(I)V\n": 1.791759469228055, "applyDimension(IFLandroid/util/DisplayMetrics;)F\n": 1.3862943611198906, "get(Ljava/lang/String;)Ljava/lang/Object;\n": 1.791759469228055, "inflate(ILandroid/view/ViewGroup;)Landroid/view/View;\n": 5.493061443340549, "setCurrentItem(I)V\n": 1.9459101490553132, "setResult(I)V\n": 1.0986122886681098, "getSimpleName()Ljava/lang/String;\n": 3.2188758248682006, "getWidth()I\n": 1.0986122886681098, "getBoolean(Ljava/lang/String;)Z\n": 1.0986122886681098, "setMargins(IIII)V\n": 1.0986122886681098, "getJSONObject(I)Lorg/json/JSONObject;\n": 2.8903717578961645, "getPackageManager()Landroid/content/pm/PackageManager;\n": 1.0986122886681098, "contains(Ljava/lang/CharSequence;)Z\n": 2.772588722239781, "putExtra(Ljava/lang/String;J)Landroid/content/Intent;\n": 1.6094379124341003, "putExtra(Ljava/lang/String;Landroid/os/Parcelable;)Landroid/content/Intent;\n": 1.3862943611198906, "a(Ljava/lang/String;Ljava/lang/Throwable;)V\n": 1.6094379124341003, "next()Ljava/lang/Object;\n": 6.238324625039508, "valueOf(D)Ljava/lang/Double;\n": 10.556229318461034, "getStringExtra(Ljava/lang/String;)Ljava/lang/String;\n": 10.39720770839918, "equalsIgnoreCase(Ljava/lang/String;)Z\n": 11.090354888959125, "getSettings()Landroid/webkit/WebSettings;\n": 2.772588722239781, "getBaseContext()Landroid/content/Context;\n": 2.0794415416798357, "execute([Ljava/lang/Object;)Landroid/os/AsyncTask;\n": 6.591673732008658, "onKeyDown(ILandroid/view/KeyEvent;)Z\n": 1.3862943611198906, "i(Ljava/lang/String;Ljava/lang/String;)V\n": 3.1354942159291497, "setImageDrawable(Landroid/graphics/drawable/Drawable;)V\n": 1.6094379124341003, "getSerializableExtra(Ljava/lang/String;)Ljava/io/Serializable;\n": 2.772588722239781, "addView(Landroid/view/View;)V\n": 6.931471805599453, "h()V\n": 1.3862943611198906, "onOptionsItemSelected(Landroid/view/MenuItem;)Z\n": 5.493061443340549, "getLayoutParams()Landroid/view/ViewGroup$LayoutParams;\n": 1.6094379124341003, "setTextSize(IF)V\n": 2.70805020110221, "append(Z)Ljava/lang/StringBuilder;\n": 1.6094379124341003, "isFinishing()Z\n": 1.0986122886681098, "loadUrl(Ljava/lang/String;)V\n": 1.3862943611198906, "replace(Ljava/lang/CharSequence;Ljava/lang/CharSequence;)Ljava/lang/String;\n": 1.3862943611198906, "addView(Landroid/view/View;Landroid/view/ViewGroup$LayoutParams;)V\n": 2.0794415416798357, "setBackgroundResource(I)V\n": 4.394449154672439, "onCreateOptionsMenu(Lcom/actionbarsherlock/view/Menu;)Z\n": 5.278114659230517, "getData()Landroid/net/Uri;\n": 1.0986122886681098, "putBoolean(Ljava/lang/String;Z)Landroid/content/SharedPreferences$Editor;\n": 1.6094379124341003, "setBackgroundDrawable(Landroid/graphics/drawable/Drawable;)V\n": 2.1972245773362196, "setVisible(Z)Lcom/actionbarsherlock/view/MenuItem;\n": 3.367295829986474, "addRule(I)V\n": 3.295836866004329, "edit()Landroid/content/SharedPreferences$Editor;\n": 2.1972245773362196, "cancel(Z)Z\n": 2.302585092994046,