{"valueOf(Ljava/lang/Object;)Ljava/lang/String;\n": 7.690286020676768, "getHeight()I\n": 2.772588722239781, "append(Ljava/lang/Object;)Ljava/lang/StringBuilder;\n": 11.78350206951907, "d(Ljava/lang/String;Ljava/lang/String;)I\n": 2.772588722239781, "getColumnIndex(Ljava/lang/String;)I\n": 2.3978952727983707, "get(I)Ljava/lang/Object;\n": 6.931471805599453, "valueOf(Ljava/lang/String;)Ljava/lang/Float;\n": 22.033596236321266, "getMenuInflater()Landroid/view/MenuInflater;\n": 1.3862943611198906, "getInt(Ljava/lang/String;)I\n": 0.6931471805599453, "d()Z\n": 2.302585092994046, "a(Ljava/lang/String;Ljava/lang/String;)V\n": 6.591673732008658, "setTextSize(F)V\n": 1.791759469228055, "a(Ljava/lang/String;)Ljava/lang/String;\n": 2.1972245773362196, "setTextColor(I)V\n": 5.545177444479562, "findPreference(Ljava/lang/CharSequence;)Landroid/preference/Preference;\n": 10.39720770839918, "setTheme(I)V\n": 1.9459101490553132, "split(Ljava/lang/String;)[Ljava/lang/String;\n": 1.3862943611198906, "getSupportFragmentManager()Landroid/support/v4/app/FragmentManager;\n": 2.772588722239781, "c(Ljava/lang/String;)V\n": 2.1972245773362196, "onCreateDialog(I)Landroid/app/Dialog;\n": 1.6094379124341003, "isEmpty(Ljava/lang/CharSequence;)Z\n": 8.317766166719343, "removeView(Landroid/view/View;)V\n": 1.0986122886681098, "putExtras(Landroid/os/Bundle;)Landroid/content/Intent;\n": 1.0986122886681098, "putExtra(Ljava/lang/String;Z)Landroid/content/Intent;\n": 1.3862943611198906, "makeText(Landroid/content/Context;II)Landroid/widget/Toast;\n": 3.58351893845611, "e()V\n": 6.591673732008658, "setSelected(Z)V\n": 2.4849066497880004, "get(Ljava/lang/Object;)Ljava/lang/Object;\n": 4.1588830833596715, "setOnCheckedChangeListener(Landroid/widget/CompoundButton$OnCheckedChangeListener;)V\n": 2.0794415416798357, "getPath()Ljava/lang/String;\n": 1.791759469228055, "getMessage()Ljava/lang/String;\n": 0.6931471805599453, "commit()Z\n": 3.295836866004329, "getPackageManager()Landroid/content/pm/PackageManager;\n": 2.1972245773362196, "setChecked(Z)V\n": 5.545177444479562, "postDelayed(Ljava/lang/Runnable;J)Z\n": 1.0986122886681098, "floatValue()F\n": 15.890269151739728, "setIcon(I)Landroid/app/AlertDialog$Builder;\n": 1.9459101490553132, "getApplication()Landroid/app/Application;\n": 1.791759469228055, "setEnabled(Z)V\n": 7.690286020676768, "contains(Ljava/lang/Object;)Z\n": 1.791759469228055, "hasExtra(Ljava/lang/String;)Z\n": 1.791759469228055, "onOptionsItemSelected(Lcom/actionbarsherlock/view/MenuItem;)Z\n": 2.5649493574615367, "putString(Ljava/lang/String;Ljava/lang/String;)Landroid/content/SharedPreferences$Editor;\n": 1.791759469228055, "post(Ljava/lang/Runnable;)Z\n": 1.6094379124341003, "setFlags(I)Landroid/content/Intent;\n": 1.3862943611198906, "getColor(I)I\n": 4.828313737302301, "clear()V\n": 2.1972245773362196, "<init>(Ljava/io/Reader;)V\n": 2.995732273553991, "setMessage(I)Landroid/app/AlertDialog$Builder;\n": 1.791759469228055, "startActivityForResult(Landroid/content/Intent;I)V\n": 2.0794415416798357, "start()V\n": 2.772588722239781, "a(Ljava/lang/String;)Z\n": 2.3978952727983707, "onCreateOptionsMenu(Landroid/view/Menu;)Z\n": 2.1972245773362196, "setBackgroundColor(I)V\n": 2.772588722239781, "d(Ljava/lang/String;)V\n": 2.1972245773362196, "addAction(Ljava/lang/String;)V\n": 2.1972245773362196, "setBackgroundResource(I)V\n": 35.15559323737951, "setResult(ILandroid/content/Intent;)V\n": 2.1972245773362196, "getCount()I\n": 1.6094379124341003, "setSummary(Ljava/lang/CharSequence;)V\n": 2.4849066497880004, "getSharedPreferences(Ljava/lang/String;I)Landroid/content/SharedPreferences;\n": 2.772588722239781, "getSupportActionBar()Lcom/actionbarsherlock/app/ActionBar;\n": 2.5649493574615367, "iterator()Ljava/util/Iterator;\n": 3.4657359027997265, "a(I)Ljava/lang/String;\n": 3.258096538021482, "put(ILjava/lang/Object;)V\n": 62.844821130396376, "setContentView(Landroid/view/View;Landroid/view/ViewGroup$LayoutParams;)V\n": 1.3862943611198906, "addTextChangedListener(Landroid/text/TextWatcher;)V\n": 1.791759469228055, "isChecked()Z\n": 3.58351893845611, "valueOf(I)Ljava/lang/String;\n": 5.545177444479562, "getString(I[Ljava/lang/Object;)Ljava/lang/String;\n": 7.783640596221253, "substring(I)Ljava/lang/String;\n": 1.791759469228055, "c(I)V\n": 2.6390573296152584, "b(Ljava/lang/String;Ljava/lang/Throwable;)V\n": 1.3862943611198906, "close()V\n": 5.493061443340549, "length()I\n": 5.545177444479562, "getConfiguration()Landroid/content/res/Configuration;\n": 1.6094379124341003, "putExtra(Ljava/lang/String;I)Landroid/content/Intent;\n": 2.772588722239781, "isShowing()Z\n": 2.1972245773362196, "getText(I)Ljava/lang/CharSequence;\n": 2.4849066497880004, "valueOf(I)Ljava/lang/Integer;\n": 6.238324625039508, "b()Ljava/lang/String;\n": 2.1972245773362196, "b()V\n": 13.183347464017316, "get(I)I\n": 2.3978952727983707, "setData(Landroid/net/Uri;)Landroid/content/Intent;\n": 1.0986122886681098, "q()V\n": 2.5649493574615367, "onNewIntent(Landroid/content/Intent;)V\n": 1.3862943611198906, "loadUrl(Ljava/lang/String;)V\n": 1.3862943611198906, "printStackTrace()V\n": 5.545177444479562, "setImageResource(I)V\n": 2.772588722239781, "round(D)J\n": 17.63180262308081, "listFiles()[Ljava/io/File;\n": 3.1780538303479458, "startsWith(Ljava/lang/String;)Z\n": 1.3862943611198906, "setPositiveButton(ILandroid/content/DialogInterface$OnClickListener;)Landroid/app/AlertDialog$Builder;\n": 2.772588722239781, "onClick(Landroid/view/View;)V\n": 2.772588722239781, "getText()Landroid/text/Editable;\n": 5.545177444479562, "a(I)V\n": 11.266065387038703, "setTitle(I)V\n": 3.58351893845611, "a(Landroid/content/Context;Ljava/lang/String;)V\n": 2.833213344056216, "inflate(ILandroid/view/ViewGroup;)Landroid/view/View;\n": 3.295836866004329, "setId(I)V\n": 1.3862943611198906, "setResult(I)V\n": 2.1972245773362196, "getSimpleName()Ljava/lang/String;\n": 1.6094379124341003, "getWidth()I\n": 2.1972245773362196, "getBoolean(Ljava/lang/String;)Z\n": 1.0986122886681098, "setTitle(Ljava/lang/CharSequence;)Landroid/app/AlertDialog$Builder;\n": 1.0986122886681098, "setClass(Landroid/content/Context;Ljava/lang/Class;)Landroid/content/Intent;\n": 2.302585092994046, "contains(Ljava/lang/CharSequence;)Z\n": 2.772588722239781, "onPrepareOptionsMenu(Landroid/view/Menu;)Z\n": 2.0794415416798357, "n()V\n": 2.302585092994046, "l()V\n": 4.394449154672439, "getInstance()Ljava/util/Calendar;\n": 1.9459101490553132, "putExtra(Ljava/lang/String;Landroid/os/Parcelable;)Landroid/content/Intent;\n": 1.3862943611198906, "indexOf(Ljava/lang/String;)I\n": 2.0794415416798357, "a(Ljava/lang/String;Ljava/lang/Throwable;)V\n": 1.6094379124341003, "next()Ljava/lang/Object;\n": 3.4657359027997265, "setProgress(I)V\n": 1.9459101490553132, "equalsIgnoreCase(Ljava/lang/String;)Z\n": 5.545177444479562, "getExternalStorageDirectory()Ljava/io/File;\n": 3.8918202981106265, "getSettings()Landroid/webkit/WebSettings;\n": 0.6931471805599453, "getBaseContext()Landroid/content/Context;\n": 2.0794415416798357, "execute([Ljava/lang/Object;)Landroid/os/AsyncTask;\n": 2.1972245773362196, "onKeyDown(ILandroid/view/KeyEvent;)Z\n": 3.4657359027997265, "i(Ljava/lang/String;Ljava/lang/String;)V\n": 3.1354942159291497, "setImageDrawable(Landroid/graphics/drawable/Drawable;)V\n": 1.6094379124341003, "getDisplayMetrics()Landroid/util/DisplayMetrics;\n": 0.6931471805599453, "intValue()I\n": 2.772588722239781, "addView(Landroid/view/View;)V\n": 4.852030263919617, "setType(Ljava/lang/String;)Landroid/content/Intent;\n": 1.0986122886681098, "onOptionsItemSelected(Landroid/view/MenuItem;)Z\n": 3.295836866004329, "getLayoutParams()Landroid/view/ViewGroup$LayoutParams;\n": 1.6094379124341003, "c(Z)V\n": 2.5649493574615367, "N()V\n": 2.3978952727983707, "b(Ljava/lang/String;)Z\n": 3.091042453358316, "getAction()Ljava/lang/String;\n": 1.3862943611198906, "append(C)Ljava/lang/StringBuilder;\n": 5.278114659230517,