{"valueOf(Ljava/lang/Object;)Ljava/lang/String;\n": 15.380572041353537, "cancel()V\n": 1.791759469228055, "append(Ljava/lang/Object;)Ljava/lang/StringBuilder;\n": 2.0794415416798357, "c(Ljava/lang/String;)V\n": 2.1972245773362196, "getColumnIndex(Ljava/lang/String;)I\n": 2.3978952727983707, "get(I)Ljava/lang/Object;\n": 13.862943611198906, "getMenuInflater()Landroid/view/MenuInflater;\n": 1.3862943611198906, "getInt(Ljava/lang/String;)I\n": 2.0794415416798357, "a(Ljava/lang/String;Ljava/lang/String;)V\n": 4.394449154672439, "setTextSize(F)V\n": 1.791759469228055, "a(Ljava/lang/String;)Ljava/lang/String;\n": 2.1972245773362196, "findPreference(Ljava/lang/CharSequence;)Landroid/preference/Preference;\n": 4.1588830833596715, "setJavaScriptEnabled(Z)V\n": 1.0986122886681098, "split(Ljava/lang/String;)[Ljava/lang/String;\n": 4.1588830833596715, "getSupportFragmentManager()Landroid/support/v4/app/FragmentManager;\n": 5.545177444479562, "getPackageName()Ljava/lang/String;\n": 1.0986122886681098, "onCreateDialog(I)Landroid/app/Dialog;\n": 1.6094379124341003, "isEmpty(Ljava/lang/CharSequence;)Z\n": 11.090354888959125, "setNegativeButton(Ljava/lang/CharSequence;Landroid/content/DialogInterface$OnClickListener;)Landroid/app/AlertDialog$Builder;\n": 1.3862943611198906, "getLatitude()D\n": 2.6390573296152584, "putExtra(Ljava/lang/String;Z)Landroid/content/Intent;\n": 1.3862943611198906, "makeText(Landroid/content/Context;II)Landroid/widget/Toast;\n": 1.791759469228055, "e()V\n": 3.295836866004329, "setSelected(Z)V\n": 2.4849066497880004, "get(Ljava/lang/Object;)Ljava/lang/Object;\n": 6.238324625039508, "setText(I)V\n": 5.545177444479562, "getParent()Landroid/view/ViewParent;\n": 1.0986122886681098, "getMessage()Ljava/lang/String;\n": 1.3862943611198906, "commit()Z\n": 2.1972245773362196, "setTitle(Ljava/lang/CharSequence;)Landroid/app/AlertDialog$Builder;\n": 2.1972245773362196, "setChecked(Z)V\n": 4.1588830833596715, "postDelayed(Ljava/lang/Runnable;J)Z\n": 1.0986122886681098, "setIcon(I)Landroid/app/AlertDialog$Builder;\n": 1.9459101490553132, "getApplication()Landroid/app/Application;\n": 3.58351893845611, "setEnabled(Z)V\n": 6.591673732008658, "onOptionsItemSelected(Lcom/actionbarsherlock/view/MenuItem;)Z\n": 5.1298987149230735, "findFragmentByTag(Ljava/lang/String;)Landroid/support/v4/app/Fragment;\n": 2.302585092994046, "putString(Ljava/lang/String;Ljava/lang/String;)Landroid/content/SharedPreferences$Editor;\n": 3.58351893845611, "post(Ljava/lang/Runnable;)Z\n": 1.6094379124341003, "setFlags(I)Landroid/content/Intent;\n": 1.3862943611198906, "getColor(I)I\n": 3.2188758248682006, "putInt(Ljava/lang/String;I)V\n": 2.772588722239781, "put(Ljava/lang/String;Ljava/lang/Object;)Lorg/json/JSONObject;\n": 9.534161491043838, "putExtras(Landroid/os/Bundle;)Landroid/content/Intent;\n": 1.0986122886681098, "setMessage(I)Landroid/app/AlertDialog$Builder;\n": 1.791759469228055, "startActivityForResult(Landroid/content/Intent;I)V\n": 2.772588722239781, "runOnUiThread(Ljava/lang/Runnable;)V\n": 1.791759469228055, "onCreateOptionsMenu(Landroid/view/Menu;)Z\n": 4.394449154672439, "v(Ljava/lang/String;Ljava/lang/String;)I\n": 2.6390573296152584, "setLayoutParams(Landroid/view/ViewGroup$LayoutParams;)V\n": 3.4657359027997265, "d(Ljava/lang/String;)V\n": 1.0986122886681098, "currentTimeMillis()J\n": 1.3862943611198906, "setBackgroundResource(I)V\n": 6.591673732008658, "setResult(ILandroid/content/Intent;)V\n": 3.295836866004329, "getCount()I\n": 1.6094379124341003, "setSummary(Ljava/lang/CharSequence;)V\n": 2.4849066497880004, "getSharedPreferences(Ljava/lang/String;I)Landroid/content/SharedPreferences;\n": 2.772588722239781, "getSupportActionBar()Lcom/actionbarsherlock/app/ActionBar;\n": 7.694848072384611, "getSerializable(Ljava/lang/String;)Ljava/io/Serializable;\n": 1.3862943611198906, "i()V\n": 3.58351893845611, "setContentView(Landroid/view/View;Landroid/view/ViewGroup$LayoutParams;)V\n": 1.3862943611198906, "isChecked()Z\n": 1.791759469228055, "format(Ljava/lang/String;[Ljava/lang/Object;)Ljava/lang/String;\n": 4.1588830833596715, "valueOf(I)Ljava/lang/String;\n": 5.545177444479562, "setCancelable(Z)Landroid/app/AlertDialog$Builder;\n": 2.772588722239781, "getInstance(Landroid/content/Context;)Lcom/google/analytics/tracking/android/EasyTracker;\n": 3.784189633918261, "setId(I)V\n": 1.3862943611198906, "b(Ljava/lang/String;Ljava/lang/Throwable;)V\n": 1.3862943611198906, "close()V\n": 4.394449154672439, "length()I\n": 6.931471805599453, "putExtra(Ljava/lang/String;I)Landroid/content/Intent;\n": 2.772588722239781, "e(Ljava/lang/String;Ljava/lang/String;)I\n": 1.0986122886681098, "isShowing()Z\n": 1.0986122886681098, "getText(I)Ljava/lang/CharSequence;\n": 2.4849066497880004, "getDefaultDisplay()Landroid/view/Display;\n": 1.0986122886681098, "e()Ljava/lang/String;\n": 2.70805020110221, "b()Ljava/lang/String;\n": 4.394449154672439, "b()V\n": 5.493061443340549, "get(I)I\n": 4.795790545596741, "onNewIntent(Landroid/content/Intent;)V\n": 1.3862943611198906, "loadUrl(Ljava/lang/String;)V\n": 1.3862943611198906, "printStackTrace()V\n": 4.852030263919617, "setImageResource(I)V\n": 2.772588722239781, "startsWith(Ljava/lang/String;)Z\n": 1.3862943611198906, "setPositiveButton(ILandroid/content/DialogInterface$OnClickListener;)Landroid/app/AlertDialog$Builder;\n": 2.772588722239781, "onClick(Landroid/view/View;)V\n": 2.0794415416798357, "getText()Landroid/text/Editable;\n": 11.090354888959125, "a(I)V\n": 4.828313737302301, "setTitle(I)V\n": 3.58351893845611, "a(Landroid/content/Context;Ljava/lang/String;)V\n": 2.833213344056216, "inflate(ILandroid/view/ViewGroup;)Landroid/view/View;\n": 3.295836866004329, "setResult(I)V\n": 2.1972245773362196, "getSimpleName()Ljava/lang/String;\n": 3.2188758248682006, "addAction(Ljava/lang/String;)V\n": 2.1972245773362196, "getWidth()I\n": 1.0986122886681098, "getBoolean(Ljava/lang/String;)Z\n": 2.1972245773362196, "setMargins(IIII)V\n": 1.0986122886681098, "hideSoftInputFromWindow(Landroid/os/IBinder;I)Z\n": 1.9459101490553132, "format(Ljava/util/Date;)Ljava/lang/String;\n": 2.0794415416798357, "setClass(Landroid/content/Context;Ljava/lang/Class;)Landroid/content/Intent;\n": 2.302585092994046, "contains(Ljava/lang/CharSequence;)Z\n": 4.1588830833596715, "getWindowToken()Landroid/os/IBinder;\n": 1.9459101490553132, "setBackgroundDrawable(Landroid/graphics/drawable/Drawable;)V\n": 2.1972245773362196, "l()V\n": 2.1972245773362196, "getInstance()Ljava/util/Calendar;\n": 1.9459101490553132, "putExtra(Ljava/lang/String;Landroid/os/Parcelable;)Landroid/content/Intent;\n": 2.772588722239781, "getDrawable(I)Landroid/graphics/drawable/Drawable;\n": 5.545177444479562, "putSerializable(Ljava/lang/String;Ljava/io/Serializable;)V\n": 1.791759469228055, "setData(Landroid/net/Uri;)Landroid/content/Intent;\n": 1.0986122886681098, "next()Ljava/lang/Object;\n": 4.1588830833596715, "valueOf(D)Ljava/lang/Double;\n": 2.6390573296152584, "getStringExtra(Ljava/lang/String;)Ljava/lang/String;\n": 7.6246189861593985, "equalsIgnoreCase(Ljava/lang/String;)Z\n": 6.931471805599453, "getSettings()Landroid/webkit/WebSettings;\n": 2.0794415416798357, "getBaseContext()Landroid/content/Context;\n": 4.1588830833596715, "execute([Ljava/lang/Object;)Landroid/os/AsyncTask;\n": 4.394449154672439, "onKeyDown(ILandroid/view/KeyEvent;)Z\n": 3.4657359027997265, "a()V\n": 5.545177444479562, "setImageDrawable(Landroid/graphics/drawable/Drawable;)V\n": 3.2188758248682006, "getDisplayMetrics()Landroid/util/DisplayMetrics;\n": 0.6931471805599453, "getQueryParameter(Ljava/lang/String;)Ljava/lang/String;\n": 2.3978952727983707, "parseDouble(Ljava/lang/String;)D\n": 3.1780538303479458, "intValue()I\n": 2.772588722239781, "makeText(Landroid/content/Context;Ljava/lang/CharSequence;I)Landroid/widget/Toast;\n": 4.394449154672439, "h()V\n": 2.772588722239781, "<init>(DD)V\n": 6.437751649736401, "getLayoutParams()Landroid/view/ViewGroup$LayoutParams;\n": 1.6094379124341003,