{"cancel()V\n": 3.58351893845611, "append(Ljava/lang/Object;)Ljava/lang/StringBuilder;\n": 3.4657359027997265, "c(Ljava/lang/String;)V\n": 4.394449154672439, "getColumnIndex(Ljava/lang/String;)I\n": 2.3978952727983707, "get(I)Ljava/lang/Object;\n": 7.6246189861593985, "requestLayout()V\n": 1.3862943611198906, "getMenuInflater()Landroid/view/MenuInflater;\n": 1.3862943611198906, "getInt(Ljava/lang/String;)I\n": 1.3862943611198906, "a(Ljava/lang/String;Ljava/lang/String;)V\n": 2.1972245773362196, "setTextSize(F)V\n": 1.791759469228055, "setTextColor(I)V\n": 5.545177444479562, "replace(ILandroid/support/v4/app/Fragment;)Landroid/support/v4/app/FragmentTransaction;\n": 2.302585092994046, "setOrientation(I)V\n": 1.3862943611198906, "setTheme(I)V\n": 1.9459101490553132, "split(Ljava/lang/String;)[Ljava/lang/String;\n": 1.3862943611198906, "getSupportFragmentManager()Landroid/support/v4/app/FragmentManager;\n": 5.545177444479562, "containsKey(Ljava/lang/String;)Z\n": 1.791759469228055, "onCreateDialog(I)Landroid/app/Dialog;\n": 1.6094379124341003, "isEmpty(Ljava/lang/CharSequence;)Z\n": 8.317766166719343, "a(I)I\n": 3.2188758248682006, "setNegativeButton(Ljava/lang/CharSequence;Landroid/content/DialogInterface$OnClickListener;)Landroid/app/AlertDialog$Builder;\n": 1.3862943611198906, "stopLoading()V\n": 1.3862943611198906, "putExtra(Ljava/lang/String;Z)Landroid/content/Intent;\n": 1.3862943611198906, "makeText(Landroid/content/Context;II)Landroid/widget/Toast;\n": 1.791759469228055, "<init>(Landroid/content/Context;I)V\n": 1.9459101490553132, "setSelected(Z)V\n": 2.4849066497880004, "get(Ljava/lang/Object;)Ljava/lang/Object;\n": 8.317766166719343, "setText(I)V\n": 4.1588830833596715, "getParent()Landroid/view/ViewParent;\n": 1.0986122886681098, "getMessage()Ljava/lang/String;\n": 2.0794415416798357, "addPreference(Landroid/preference/Preference;)Z\n": 3.4965075614664802, "setSelection(I)V\n": 1.791759469228055, "setTitle(Ljava/lang/CharSequence;)Landroid/app/AlertDialog$Builder;\n": 2.1972245773362196, "startsWith(Ljava/lang/String;)Z\n": 1.3862943611198906, "setChecked(Z)V\n": 2.772588722239781, "postDelayed(Ljava/lang/Runnable;J)Z\n": 2.1972245773362196, "setIcon(I)Landroid/app/AlertDialog$Builder;\n": 1.9459101490553132, "getApplication()Landroid/app/Application;\n": 3.58351893845611, "removeMessages(I)V\n": 5.780743515792329, "hasExtra(Ljava/lang/String;)Z\n": 1.791759469228055, "setBackgroundResource(I)V\n": 3.295836866004329, "putString(Ljava/lang/String;Ljava/lang/String;)Landroid/content/SharedPreferences$Editor;\n": 1.791759469228055, "post(Ljava/lang/Runnable;)Z\n": 3.2188758248682006, "setFlags(I)Landroid/content/Intent;\n": 1.3862943611198906, "getColor(I)I\n": 1.6094379124341003, "putInt(Ljava/lang/String;I)V\n": 1.3862943611198906, "clear()V\n": 4.394449154672439, "putExtras(Landroid/os/Bundle;)Landroid/content/Intent;\n": 1.0986122886681098, "setMessage(I)Landroid/app/AlertDialog$Builder;\n": 1.791759469228055, "append(J)Ljava/lang/StringBuilder;\n": 1.9459101490553132, "runOnUiThread(Ljava/lang/Runnable;)V\n": 1.791759469228055, "onCreateOptionsMenu(Landroid/view/Menu;)Z\n": 3.295836866004329, "encode(Ljava/lang/String;Ljava/lang/String;)Ljava/lang/String;\n": 2.4849066497880004, "setBackgroundColor(I)V\n": 3.4657359027997265, "d(Ljava/lang/String;)V\n": 3.295836866004329, "addAction(Ljava/lang/String;)V\n": 6.591673732008658, "onOptionsItemSelected(Lcom/actionbarsherlock/view/MenuItem;)Z\n": 2.5649493574615367, "startActivityForResult(Landroid/content/Intent;I)V\n": 2.772588722239781, "getCount()I\n": 1.6094379124341003, "setSummary(Ljava/lang/CharSequence;)V\n": 2.4849066497880004, "getSharedPreferences(Ljava/lang/String;I)Landroid/content/SharedPreferences;\n": 1.3862943611198906, "getSupportActionBar()Lcom/actionbarsherlock/app/ActionBar;\n": 2.5649493574615367, "getOpeningAdWebView()Lcom/google/ads/internal/AdWebView;\n": 2.0794415416798357, "setContentView(Landroid/view/View;Landroid/view/ViewGroup$LayoutParams;)V\n": 1.3862943611198906, "loadUrl(Ljava/lang/String;)V\n": 1.3862943611198906, "format(Ljava/lang/String;[Ljava/lang/Object;)Ljava/lang/String;\n": 2.772588722239781, "getDefaultSharedPreferences(Landroid/content/Context;)Landroid/content/SharedPreferences;\n": 3.58351893845611, "a(Lcom/google/ads/internal/d;)V\n": 2.0794415416798357, "valueOf(I)Ljava/lang/String;\n": 2.772588722239781, "getString(I[Ljava/lang/Object;)Ljava/lang/String;\n": 1.9459101490553132, "substring(I)Ljava/lang/String;\n": 1.791759469228055, "setId(I)V\n": 2.772588722239781, "getInstance()Landroid/webkit/CookieSyncManager;\n": 2.1972245773362196, "close()V\n": 4.394449154672439, "length()I\n": 4.852030263919617, "getConfiguration()Landroid/content/res/Configuration;\n": 1.6094379124341003, "getTitle()Ljava/lang/String;\n": 2.1972245773362196, "putExtra(Ljava/lang/String;I)Landroid/content/Intent;\n": 2.0794415416798357, "e(Ljava/lang/String;Ljava/lang/String;)I\n": 2.1972245773362196, "isShowing()Z\n": 2.1972245773362196, "getText(I)Ljava/lang/CharSequence;\n": 2.4849066497880004, "a(Lcom/google/ads/internal/AdWebView;ZIZZ)V\n": 2.302585092994046, "b()Ljava/lang/String;\n": 2.1972245773362196, "b()V\n": 7.690286020676768, "setData(Landroid/net/Uri;)Landroid/content/Intent;\n": 1.0986122886681098, "onNewIntent(Landroid/content/Intent;)V\n": 2.772588722239781, "findPreference(Ljava/lang/CharSequence;)Landroid/preference/Preference;\n": 6.238324625039507, "printStackTrace()V\n": 6.238324625039508, "u()V\n": 1.3862943611198906, "setImageResource(I)V\n": 3.4657359027997265, "size()I\n": 8.317766166719343, "setJavaScriptEnabled(Z)V\n": 1.0986122886681098, "loadAnimation(Landroid/content/Context;I)Landroid/view/animation/Animation;\n": 2.0794415416798357, "execute([Ljava/lang/Object;)Landroid/os/AsyncTask;\n": 3.295836866004329, "onClick(Landroid/view/View;)V\n": 2.0794415416798357, "getText()Landroid/text/Editable;\n": 4.1588830833596715, "a(I)V\n": 4.828313737302301, "setTitle(I)V\n": 3.58351893845611, "applyDimension(IFLandroid/util/DisplayMetrics;)F\n": 1.3862943611198906, "getAssets()Landroid/content/res/AssetManager;\n": 2.0794415416798357, "inflate(ILandroid/view/ViewGroup;)Landroid/view/View;\n": 2.1972245773362196, "d(Ljava/lang/String;)I\n": 3.9318256327243257, "dispatchTouchEvent(Landroid/view/MotionEvent;)Z\n": 2.302585092994046, "getSimpleName()Ljava/lang/String;\n": 1.6094379124341003, "getWidth()I\n": 2.1972245773362196, "getBoolean(Ljava/lang/String;)Z\n": 2.1972245773362196, "setMargins(IIII)V\n": 1.0986122886681098, "m()V\n": 2.3978952727983707, "getPackageManager()Landroid/content/pm/PackageManager;\n": 1.0986122886681098, "contains(Ljava/lang/CharSequence;)Z\n": 4.1588830833596715, "setBackgroundDrawable(Landroid/graphics/drawable/Drawable;)V\n": 2.1972245773362196, "l()V\n": 2.1972245773362196, "i()V\n": 3.58351893845611, "getHeight()I\n": 2.772588722239781, "a(Ljava/lang/String;Ljava/lang/Throwable;)V\n": 3.2188758248682006, "next()Ljava/lang/Object;\n": 2.0794415416798357, "setProgress(I)V\n": 1.9459101490553132, "equalsIgnoreCase(Ljava/lang/String;)Z\n": 4.1588830833596715, "getExternalStorageDirectory()Ljava/io/File;\n": 1.9459101490553132, "getSettings()Landroid/webkit/WebSettings;\n": 2.0794415416798357, "getBaseContext()Landroid/content/Context;\n": 2.0794415416798357, "onKeyDown(ILandroid/view/KeyEvent;)Z\n": 4.1588830833596715, "i(Ljava/lang/String;Ljava/lang/String;)V\n": 9.406482647787449, "setImageDrawable(Landroid/graphics/drawable/Drawable;)V\n": 1.6094379124341003, "getSerializableExtra(Ljava/lang/String;)Ljava/io/Serializable;\n": 1.3862943611198906, "append(I)Ljava/lang/StringBuilder;\n": 8.317766166719343, "b(I)V\n": 2.1972245773362196, "addView(Landroid/view/View;)V\n": 5.545177444479562, "h()V\n": 4.1588830833596715, "onOptionsItemSelected(Landroid/view/MenuItem;)Z\n": 4.394449154672439, "e(Ljava/lang/String;Ljava/lang/String;Ljava/lang/Throwable;)I\n": 2.302585092994046,