{"valueOf(Ljava/lang/Object;)Ljava/lang/String;\n": 9.887510598012987, "cancel()V\n": 1.791759469228055, "append(Ljava/lang/Object;)Ljava/lang/StringBuilder;\n": 3.4657359027997265, "c(Ljava/lang/String;)V\n": 2.1972245773362196, "getColumnIndex(Ljava/lang/String;)I\n": 4.795790545596741, "get(I)Ljava/lang/Object;\n": 8.317766166719343, "getMenuInflater()Landroid/view/MenuInflater;\n": 1.3862943611198906, "getInt(Ljava/lang/String;)I\n": 1.3862943611198906, "a(Ljava/lang/String;Ljava/lang/String;)V\n": 4.394449154672439, "setTextSize(F)V\n": 1.791759469228055, "setTextColor(I)V\n": 6.931471805599453, "replace(ILandroid/support/v4/app/Fragment;)Landroid/support/v4/app/FragmentTransaction;\n": 2.302585092994046, "findPreference(Ljava/lang/CharSequence;)Landroid/preference/Preference;\n": 14.55609079175885, "setTheme(I)V\n": 1.9459101490553132, "setRepeatCount(I)V\n": 6.8679744089702925, "getSupportFragmentManager()Landroid/support/v4/app/FragmentManager;\n": 8.317766166719343, "containsKey(Ljava/lang/String;)Z\n": 1.791759469228055, "onCreateDialog(I)Landroid/app/Dialog;\n": 1.6094379124341003, "isEmpty(Ljava/lang/CharSequence;)Z\n": 5.545177444479562, "setNegativeButton(Ljava/lang/CharSequence;Landroid/content/DialogInterface$OnClickListener;)Landroid/app/AlertDialog$Builder;\n": 1.3862943611198906, "getLatitude()D\n": 2.6390573296152584, "stopLoading()V\n": 1.3862943611198906, "putExtra(Ljava/lang/String;Z)Landroid/content/Intent;\n": 0.6931471805599453, "addAnimation(Landroid/view/animation/Animation;)V\n": 3.6375861597263857, "encode(Ljava/lang/String;Ljava/lang/String;)Ljava/lang/String;\n": 2.4849066497880004, "setSelected(Z)V\n": 2.4849066497880004, "get(Ljava/lang/Object;)Ljava/lang/Object;\n": 9.704060527839234, "setText(I)V\n": 2.772588722239781, "getParent()Landroid/view/ViewParent;\n": 1.0986122886681098, "getMessage()Ljava/lang/String;\n": 1.3862943611198906, "setSelection(I)V\n": 3.58351893845611, "getPackageManager()Landroid/content/pm/PackageManager;\n": 2.1972245773362196, "setChecked(Z)V\n": 4.1588830833596715, "postDelayed(Ljava/lang/Runnable;J)Z\n": 2.1972245773362196, "getApplication()Landroid/app/Application;\n": 3.58351893845611, "removeMessages(I)V\n": 2.8903717578961645, "contains(Ljava/lang/Object;)Z\n": 1.791759469228055, "hasExtra(Ljava/lang/String;)Z\n": 1.791759469228055, "setBackgroundResource(I)V\n": 4.394449154672439, "putString(Ljava/lang/String;Ljava/lang/String;)Landroid/content/SharedPreferences$Editor;\n": 3.58351893845611, "post(Ljava/lang/Runnable;)Z\n": 1.6094379124341003, "setFlags(I)Landroid/content/Intent;\n": 1.3862943611198906, "getColor(I)I\n": 1.6094379124341003, "onRetainNonConfigurationInstance()Ljava/lang/Object;\n": 2.302585092994046, "putInt(Ljava/lang/String;I)V\n": 1.3862943611198906, "clear()V\n": 2.1972245773362196, "d(Ljava/lang/String;Ljava/lang/String;)I\n": 13.862943611198906, "startActivityForResult(Landroid/content/Intent;I)V\n": 2.772588722239781, "a(Ljava/lang/String;)Z\n": 2.3978952727983707, "onCreateOptionsMenu(Landroid/view/Menu;)Z\n": 2.1972245773362196, "<init>(Landroid/content/Context;I)V\n": 1.9459101490553132, "setBackgroundColor(I)V\n": 3.4657359027997265, "d(Ljava/lang/String;)V\n": 4.394449154672439, "addAction(Ljava/lang/String;)V\n": 2.1972245773362196, "onOptionsItemSelected(Lcom/actionbarsherlock/view/MenuItem;)Z\n": 2.5649493574615367, "getChildCount()I\n": 1.9459101490553132, "setAnimation(Landroid/view/animation/Animation;)V\n": 2.8903717578961645, "getCount()I\n": 1.6094379124341003, "setSummary(Ljava/lang/CharSequence;)V\n": 7.4547199493640015, "getSharedPreferences(Ljava/lang/String;I)Landroid/content/SharedPreferences;\n": 2.772588722239781, "valueOf(I)Ljava/lang/String;\n": 6.931471805599453, "getWidth()I\n": 2.1972245773362196, "i()V\n": 1.791759469228055, "setContentView(Landroid/view/View;Landroid/view/ViewGroup$LayoutParams;)V\n": 1.3862943611198906, "isChecked()Z\n": 1.791759469228055, "getSupportActionBar()Lcom/actionbarsherlock/app/ActionBar;\n": 5.1298987149230735, "setCancelable(Z)Landroid/app/AlertDialog$Builder;\n": 1.3862943611198906, "getHeight()I\n": 1.3862943611198906, "substring(I)Ljava/lang/String;\n": 1.791759469228055, "setId(I)V\n": 2.772588722239781, "getInstance()Landroid/webkit/CookieSyncManager;\n": 2.1972245773362196, "close()V\n": 3.295836866004329, "length()I\n": 4.1588830833596715, "size()I\n": 8.317766166719343, "getDefault()Ljava/util/Locale;\n": 2.0794415416798357, "putExtra(Ljava/lang/String;I)Landroid/content/Intent;\n": 2.772588722239781, "isShowing()Z\n": 1.0986122886681098, "getText(I)Ljava/lang/CharSequence;\n": 2.4849066497880004, "getDefaultDisplay()Landroid/view/Display;\n": 1.0986122886681098, "b()Ljava/lang/String;\n": 1.0986122886681098, "b()V\n": 6.591673732008658, "get(I)I\n": 4.795790545596741, "setData(Landroid/net/Uri;)Landroid/content/Intent;\n": 1.0986122886681098, "onNewIntent(Landroid/content/Intent;)V\n": 2.772588722239781, "printStackTrace()V\n": 5.545177444479562, "setImageResource(I)V\n": 7.6246189861593985, "setAnimationListener(Landroid/view/animation/Animation$AnimationListener;)V\n": 2.0794415416798357, "setJavaScriptEnabled(Z)V\n": 1.0986122886681098, "getIdentifier(Ljava/lang/String;Ljava/lang/String;Ljava/lang/String;)I\n": 2.4849066497880004, "execute([Ljava/lang/Object;)Landroid/os/AsyncTask;\n": 3.295836866004329, "makeText(Landroid/content/Context;II)Landroid/widget/Toast;\n": 1.791759469228055, "onClick(Landroid/view/View;)V\n": 1.3862943611198906, "registerReceiver(Landroid/content/BroadcastReceiver;Landroid/content/IntentFilter;)Landroid/content/Intent;\n": 1.6094379124341003, "a(I)V\n": 4.828313737302301, "setTitle(I)V\n": 1.791759469228055, "applyDimension(IFLandroid/util/DisplayMetrics;)F\n": 2.772588722239781, "c()Ljava/util/LinkedHashMap;\n": 5.375278407684165, "get(Ljava/lang/String;)Ljava/lang/Object;\n": 1.791759469228055, "inflate(ILandroid/view/ViewGroup;)Landroid/view/View;\n": 3.295836866004329, "setCurrentItem(I)V\n": 1.9459101490553132, "dispatchTouchEvent(Landroid/view/MotionEvent;)Z\n": 4.605170185988092, "getSimpleName()Ljava/lang/String;\n": 4.828313737302301, "makeText(Landroid/content/Context;Ljava/lang/CharSequence;I)Landroid/widget/Toast;\n": 4.394449154672439, "getBoolean(Ljava/lang/String;)Z\n": 1.0986122886681098, "setMargins(IIII)V\n": 1.0986122886681098, "setTitle(Ljava/lang/CharSequence;)Landroid/app/AlertDialog$Builder;\n": 2.1972245773362196, "format(Ljava/util/Date;)Ljava/lang/String;\n": 2.0794415416798357, "contains(Ljava/lang/CharSequence;)Z\n": 4.1588830833596715, "a(Ljava/lang/String;)V\n": 10.39720770839918, "l()V\n": 2.1972245773362196, "getInstance()Ljava/util/Calendar;\n": 1.9459101490553132, "putExtra(Ljava/lang/String;Landroid/os/Parcelable;)Landroid/content/Intent;\n": 1.3862943611198906, "getDrawable(I)Landroid/graphics/drawable/Drawable;\n": 4.1588830833596715, "indexOf(Ljava/lang/String;)I\n": 2.0794415416798357, "a(Ljava/lang/String;Ljava/lang/Throwable;)V\n": 1.6094379124341003, "getBaseContext()Landroid/content/Context;\n": 12.476649250079014, "setResult(ILandroid/content/Intent;)V\n": 2.1972245773362196, "equalsIgnoreCase(Ljava/lang/String;)Z\n": 12.476649250079015, "getSettings()Landroid/webkit/WebSettings;\n": 2.0794415416798357, "getBooleanExtra(Ljava/lang/String;Z)Z\n": 2.1972245773362196, "onKeyDown(ILandroid/view/KeyEvent;)Z\n": 3.4657359027997265, "a()V\n": 6.931471805599453, "setImageDrawable(Landroid/graphics/drawable/Drawable;)V\n": 1.6094379124341003, "getDisplayMetrics()Landroid/util/DisplayMetrics;\n": 2.0794415416798357, "intValue()I\n": 2.0794415416798357, "<init>(Lcom/adsdk/sdk/video/RichMediaActivity;)V\n": 8.99961934066053, "setType(Ljava/lang/String;)Landroid/content/Intent;\n": 2.1972245773362196, "onOptionsItemSelected(Landroid/view/MenuItem;)Z\n": 3.295836866004329, "getLongExtra(Ljava/lang/String;J)J\n": 1.9459101490553132, "getLayoutParams()Landroid/view/ViewGroup$LayoutParams;\n": 1.6094379124341003,