{"stopLoading()V\n": 0.3780802803054247, "requestLayout()V\n": 0.33798085663666755, "getMenuInflater()Landroid/view/MenuInflater;\n": 0.35230207937550934, "c()Ljava/util/HashMap;\n": 0.3558054889058858, "setTheme(I)V\n": 0.34576089425363005, "split(Ljava/lang/String;)[Ljava/lang/String;\n": 0.33511661208889915, "onCreateOptionsMenu(Landroid/view/Menu;)Z\n": 0.3586378958875235, "removeView(Landroid/view/View;)V\n": 0.3472885953847537, "getParent()Landroid/view/ViewParent;\n": 0.3518283155858616, "a(Lcom/google/ads/internal/d;Ljava/util/Map;ZZ)Lcom/google/ads/internal/i;\n": 0.32652387844559405, "setIcon(I)Landroid/app/AlertDialog$Builder;\n": 0.3216380411661675, "putString(Ljava/lang/String;Ljava/lang/String;)Landroid/content/SharedPreferences$Editor;\n": 0.3331784136994317, "open(Ljava/lang/String;)Ljava/io/InputStream;\n": 0.33570870261597646, "newAdVideoView(IIII)V\n": 0.32967899219532165, "setNegativeButton(Ljava/lang/CharSequence;Landroid/content/DialogInterface$OnClickListener;)Landroid/app/AlertDialog$Builder;\n": 0.3580305684710461, "d(Ljava/lang/String;)V\n": 0.34274887518364583, "read([B)I\n": 0.31892326748517763, "setDataAndType(Landroid/net/Uri;Ljava/lang/String;)Landroid/content/Intent;\n": 0.34084510118443595, "setContentView(Landroid/view/View;Landroid/view/ViewGroup$LayoutParams;)V\n": 0.40958697033087677, "a(Lcom/google/ads/internal/d;)V\n": 0.32222751162394153, "b(Ljava/lang/String;Ljava/lang/Throwable;)V\n": 0.3924015030442666, "d(Z)V\n": 0.32587792441847485, "b()I\n": 0.3694875466621196, "b()Ljava/lang/String;\n": 0.32685985447976823, "b()V\n": 0.3404790150830919, "u()V\n": 0.32079538935005736, "a()Ljava/lang/Object;\n": 0.3417404187390529, "applyDimension(IFLandroid/util/DisplayMetrics;)F\n": 0.3952657475920349, "putExtra(Ljava/lang/String;J)Landroid/content/Intent;\n": 0.33252849430456616, "getMetrics(Landroid/util/DisplayMetrics;)V\n": 0.32920320936152053, "a(Ljava/lang/String;Ljava/lang/Throwable;)V\n": 0.35248020396284013, "b()Lcom/google/ads/AdActivity;\n": 0.3479863431971842, "addView(Landroid/view/View;)V\n": 0.3422772234583201, "onOptionsItemSelected(Landroid/view/MenuItem;)Z\n": 0.3382091549825379, "isFinishing()Z\n": 0.3313995746808761, "loadUrl(Ljava/lang/String;)V\n": 0.34657359027997264, "elapsedRealtime()J\n": 0.3952657475920349, "addRule(I)V\n": 0.3813364968930629, "edit()Landroid/content/SharedPreferences$Editor;\n": 0.3472885953847537, "<init>(III)V\n": 0.32255263947542917, "setIsExpandedMraid(Z)V\n": 0.3216380411661675, "exists()Z\n": 0.3220724665761173, "setData(Landroid/net/Uri;)Landroid/content/Intent;\n": 0.3518283155858616, "commit()Z\n": 0.32685985447976823, "format(Ljava/lang/String;[Ljava/lang/Object;)Ljava/lang/String;\n": 0.34084510118443595, "a(Landroid/webkit/WebView;)V\n": 0.3657813437350228, "addView(Landroid/view/View;II)V\n": 0.31793114480228896, "a(Landroid/view/Window;)V\n": 0.4181294535160177, "setTextColor(I)V\n": 0.34657359027997264, "booleanValue()Z\n": 0.33798085663666755, "<init>(Landroid/app/Activity;Lcom/google/ads/internal/AdWebView;)V\n": 0.33511661208889915, "e(Ljava/lang/String;)V\n": 0.3450187352841998, "getRootView()Landroid/view/View;\n": 0.3553903079460605, "a(Landroid/app/Activity;)Lcom/google/ads/internal/AdVideoView;\n": 0.32222751162394153, "loadDataWithBaseURL(Ljava/lang/String;Ljava/lang/String;Ljava/lang/String;Ljava/lang/String;Ljava/lang/String;)V\n": 0.36317761608863136, "b(Z)V\n": 0.34084510118443595, "a()I\n": 0.34274887518364583, "D(Ljava/lang/String;)V\n": 0.3953260579208182, "getBundleExtra(Ljava/lang/String;)Landroid/os/Bundle;\n": 0.3580305684710461, "setOnItemClickListener(Landroid/widget/AdapterView$OnItemClickListener;)V\n": 0.335939294881984, "getAction()Ljava/lang/String;\n": 0.34084510118443595, "a()Z\n": 0.32912971458032214, "addTextChangedListener(Landroid/text/TextWatcher;)V\n": 0.3368803960738699, "a(Ljava/util/HashMap;Lcom/google/ads/internal/d;)V\n": 0.32222751162394153, "getIntExtra(Ljava/lang/String;I)I\n": 0.32912971458032214, "clearFlags(I)V\n": 0.3580892827903749, "onKeyUp(ILandroid/view/KeyEvent;)Z\n": 0.3418487062460487, "b()Z\n": 0.39812999213980327, "makeText(Landroid/content/Context;Ljava/lang/CharSequence;I)Landroid/widget/Toast;\n": 0.3313995746808761, "trim()Ljava/lang/String;\n": 0.3624560587919771, "putInt(Ljava/lang/String;I)Landroid/content/SharedPreferences$Editor;\n": 0.33771994322447585, "build()Lcom/google/android/gms/ads/AdRequest;\n": 0.31892326748517763, "b()Ljava/lang/Object;\n": 0.3216380411661675, "moveAdVideoView(IIII)V\n": 0.32967899219532165, "b(Landroid/webkit/WebView;)V\n": 0.3591307738489315, "getExtras()Landroid/os/Bundle;\n": 0.31936326707617313, "destroy()V\n": 0.4358131393063576, "addView(Landroid/view/View;ILandroid/view/ViewGroup$LayoutParams;)V\n": 0.3691066286780685, "parseInt(Ljava/lang/String;)I\n": 0.3881460771947247, "getInt(Ljava/lang/String;I)I\n": 0.3382091549825379, "append(I)Ljava/lang/StringBuilder;\n": 0.32652387844559405, "setKeepScreenOn(Z)V\n": 0.3923836232793881, "setBackgroundColor(I)V\n": 0.34657359027997264, "close()V\n": 0.3518283155858616, "b(Ljava/lang/String;)V\n": 0.3586378958875235, "setOnTouchListener(Landroid/view/View$OnTouchListener;)V\n": 0.33511661208889915, "getAssets()Landroid/content/res/AssetManager;\n": 0.39096938077038235, "c(Ljava/lang/String;Ljava/lang/Throwable;)V\n": 0.39981409643931803, "a(Z)V\n": 0.36317761608863136, "onWindowFocusChanged(Z)V\n": 0.38360635699361684, "<init>(Landroid/os/Bundle;)V\n": 0.3591307738489315, "setAdActivity(Lcom/google/ads/AdActivity;)V\n": 0.3216380411661675, "addPreferencesFromResource(I)V\n": 0.3553903079460605, "getDefaultSharedPreferences(Landroid/content/Context;)Landroid/content/SharedPreferences;\n": 0.4035160788137562, "create()Landroid/app/AlertDialog;\n": 0.3609077559880774, "c()V\n": 0.3313995746808761, "inflate(ILandroid/view/Menu;)V\n": 0.35230207937550934, "a(IIII)Landroid/widget/RelativeLayout$LayoutParams;\n": 0.3216380411661675, "setMessage(Ljava/lang/CharSequence;)Landroid/app/AlertDialog$Builder;\n": 0.3518283155858616, "getString(Ljava/lang/String;Ljava/lang/String;)Ljava/lang/String;\n": 0.35516632392327774}