{"b(Ljava/lang/String;Ljava/lang/Throwable;)V\n": 0.3924015030442666, "stopLoading()V\n": 0.3780802803054247, "getMenuInflater()Landroid/view/MenuInflater;\n": 0.35230207937550934, "b()I\n": 0.3694875466621196, "b(Landroid/webkit/WebView;)V\n": 0.3591307738489315, "c()Ljava/util/HashMap;\n": 0.3558054889058858, "a(Landroid/webkit/WebView;)V\n": 0.3657813437350228, "destroy()V\n": 0.4358131393063576, "addView(Landroid/view/View;ILandroid/view/ViewGroup$LayoutParams;)V\n": 0.3691066286780685, "parseInt(Ljava/lang/String;)I\n": 0.3881460771947247, "setNegativeButton(Ljava/lang/CharSequence;Landroid/content/DialogInterface$OnClickListener;)Landroid/app/AlertDialog$Builder;\n": 0.3580305684710461, "applyDimension(IFLandroid/util/DisplayMetrics;)F\n": 0.3952657475920349, "a(Landroid/view/Window;)V\n": 0.4181294535160177, "getParent()Landroid/view/ViewParent;\n": 0.3518283155858616, "setKeepScreenOn(Z)V\n": 0.3923836232793881, "getRootView()Landroid/view/View;\n": 0.3553903079460605, "loadDataWithBaseURL(Ljava/lang/String;Ljava/lang/String;Ljava/lang/String;Ljava/lang/String;Ljava/lang/String;)V\n": 0.36317761608863136, "D(Ljava/lang/String;)V\n": 0.3953260579208182, "close()V\n": 0.3518283155858616, "a(Ljava/lang/String;Ljava/lang/Throwable;)V\n": 0.35248020396284013, "getBundleExtra(Ljava/lang/String;)Landroid/os/Bundle;\n": 0.3580305684710461, "b(Ljava/lang/String;)V\n": 0.3586378958875235, "getAssets()Landroid/content/res/AssetManager;\n": 0.39096938077038235, "c(Ljava/lang/String;Ljava/lang/Throwable;)V\n": 0.39981409643931803, "a(Z)V\n": 0.36317761608863136, "onWindowFocusChanged(Z)V\n": 0.38360635699361684, "onCreateOptionsMenu(Landroid/view/Menu;)Z\n": 0.3586378958875235, "<init>(Landroid/os/Bundle;)V\n": 0.3591307738489315, "addPreferencesFromResource(I)V\n": 0.3553903079460605, "getDefaultSharedPreferences(Landroid/content/Context;)Landroid/content/SharedPreferences;\n": 0.4035160788137562, "create()Landroid/app/AlertDialog;\n": 0.3609077559880774, "setContentView(Landroid/view/View;Landroid/view/ViewGroup$LayoutParams;)V\n": 0.40958697033087677, "clearFlags(I)V\n": 0.3580892827903749, "addRule(I)V\n": 0.3813364968930629, "b()Z\n": 0.39812999213980327, "elapsedRealtime()J\n": 0.3952657475920349, "inflate(ILandroid/view/Menu;)V\n": 0.35230207937550934, "setMessage(Ljava/lang/CharSequence;)Landroid/app/AlertDialog$Builder;\n": 0.3518283155858616, "trim()Ljava/lang/String;\n": 0.3624560587919771, "getString(Ljava/lang/String;Ljava/lang/String;)Ljava/lang/String;\n": 0.35516632392327774}