{"hasExtra(Ljava/lang/String;)Z\n": 0.3990052599541467, "getText()Ljava/lang/CharSequence;\n": 0.3688916554293054, "getPackageName()Ljava/lang/String;\n": 0.3992855586966029, "fromFile(Ljava/io/File;)Landroid/net/Uri;\n": 0.3692814415691126, "format(Ljava/lang/String;[Ljava/lang/Object;)Ljava/lang/String;\n": 0.3756974213959367, "getClass()Ljava/lang/Class;\n": 0.38545361768379716, "show()Landroid/app/AlertDialog;\n": 0.40190886940030446, "getText()Landroid/text/Editable;\n": 0.4426822329626541, "setTitle(I)V\n": 0.3613632542980951, "setResult(ILandroid/content/Intent;)V\n": 0.40390157671621685, "setText(I)V\n": 0.39317172006551515, "getPath()Ljava/lang/String;\n": 0.39147685882293637, "requestFocus()Z\n": 0.398996486288708, "setSelection(I)V\n": 0.37265585599491063, "getPackageManager()Landroid/content/pm/PackageManager;\n": 0.40851759473583077, "format(Ljava/util/Date;)Ljava/lang/String;\n": 0.3713288467285421, "contains(Ljava/lang/CharSequence;)Z\n": 0.3640478889495511, "onPrepareOptionsMenu(Landroid/view/Menu;)Z\n": 0.39317172006551515, "getIntExtra(Ljava/lang/String;I)I\n": 0.3646654235494986, "setEnabled(Z)V\n": 0.3715894505789195, "contains(Ljava/lang/Object;)Z\n": 0.37265585599491063, "substring(II)Ljava/lang/String;\n": 0.3756974213959367, "getName()Ljava/lang/String;\n": 0.39697754968679594, "toLowerCase()Ljava/lang/String;\n": 0.3646654235494986, "<init>(Landroid/app/Activity;)V\n": 0.3719289293440148, "getBooleanExtra(Ljava/lang/String;Z)Z\n": 0.3877455136475682, "addTextChangedListener(Landroid/text/TextWatcher;)V\n": 0.3990052599541467, "setCancelable(Z)V\n": 0.361785413089178, "moveToFirst()Z\n": 0.3801883274414793, "addCategory(Ljava/lang/String;)Landroid/content/Intent;\n": 0.38394845769172603, "getAction()Ljava/lang/String;\n": 0.40190886940030446, "getPackageInfo(Ljava/lang/String;I)Landroid/content/pm/PackageInfo;\n": 0.43279002687303536, "addFlags(I)Landroid/content/Intent;\n": 0.36697343255930553, "getData()Landroid/net/Uri;\n": 0.3715894505789195, "isChecked()Z\n": 0.38771265825733126, "makeText(Landroid/content/Context;Ljava/lang/CharSequence;I)Landroid/widget/Toast;\n": 0.38543750463776116, "setMessage(Ljava/lang/CharSequence;)Landroid/app/AlertDialog$Builder;\n": 0.37389745958872644, "exists()Z\n": 0.37642005656051575, "trim()Ljava/lang/String;\n": 0.4395523710429265, "substring(I)Ljava/lang/String;\n": 0.38771265825733126}