{"hasExtra(Ljava/lang/String;)Z\n": 0.3990052599541467, "getPackageName()Ljava/lang/String;\n": 0.3992855586966029, "format(Ljava/lang/String;[Ljava/lang/Object;)Ljava/lang/String;\n": 0.3756974213959367, "getClass()Ljava/lang/Class;\n": 0.38545361768379716, "show()Landroid/app/AlertDialog;\n": 0.40190886940030446, "getText()Landroid/text/Editable;\n": 0.4426822329626541, "setResult(ILandroid/content/Intent;)V\n": 0.40390157671621685, "setText(I)V\n": 0.39317172006551515, "getPath()Ljava/lang/String;\n": 0.39147685882293637, "requestFocus()Z\n": 0.398996486288708, "getPackageManager()Landroid/content/pm/PackageManager;\n": 0.40851759473583077, "onPrepareOptionsMenu(Landroid/view/Menu;)Z\n": 0.39317172006551515, "substring(II)Ljava/lang/String;\n": 0.3756974213959367, "getName()Ljava/lang/String;\n": 0.39697754968679594, "getBooleanExtra(Ljava/lang/String;Z)Z\n": 0.3877455136475682, "addTextChangedListener(Landroid/text/TextWatcher;)V\n": 0.3990052599541467, "moveToFirst()Z\n": 0.3801883274414793, "addCategory(Ljava/lang/String;)Landroid/content/Intent;\n": 0.38394845769172603, "getAction()Ljava/lang/String;\n": 0.40190886940030446, "getPackageInfo(Ljava/lang/String;I)Landroid/content/pm/PackageInfo;\n": 0.43279002687303536, "isChecked()Z\n": 0.38771265825733126, "makeText(Landroid/content/Context;Ljava/lang/CharSequence;I)Landroid/widget/Toast;\n": 0.38543750463776116, "exists()Z\n": 0.37642005656051575, "trim()Ljava/lang/String;\n": 0.4395523710429265, "substring(I)Ljava/lang/String;\n": 0.38771265825733126}