{"fromFile(Ljava/io/File;)Landroid/net/Uri;\n": 0.3692814415691126, "getMenuInflater()Landroid/view/MenuInflater;\n": 0.33492405783358703, "setJavaScriptEnabled(Z)V\n": 0.33235329741220127, "isEmpty(Ljava/lang/CharSequence;)Z\n": 0.34948597339156906, "setText(I)V\n": 0.39317172006551515, "getPath()Ljava/lang/String;\n": 0.39147685882293637, "setSelection(I)V\n": 0.37265585599491063, "getPackageManager()Landroid/content/pm/PackageManager;\n": 0.40851759473583077, "getAbsolutePath()Ljava/lang/String;\n": 0.35974809478333525, "setEnabled(Z)V\n": 0.3715894505789195, "contains(Ljava/lang/Object;)Z\n": 0.37265585599491063, "post(Ljava/lang/Runnable;)Z\n": 0.3516418968343412, "setFlags(I)Landroid/content/Intent;\n": 0.3436612071683762, "query(Landroid/net/Uri;[Ljava/lang/String;Ljava/lang/String;[Ljava/lang/String;Ljava/lang/String;)Landroid/database/Cursor;\n": 0.36004940552988474, "setMessage(I)Landroid/app/AlertDialog$Builder;\n": 0.3312496497732539, "append(J)Ljava/lang/StringBuilder;\n": 0.33930786212519115, "moveToFirst()Z\n": 0.3801883274414793, "onCreateOptionsMenu(Landroid/view/Menu;)Z\n": 0.3415853334514291, "getCount()I\n": 0.3550230689192868, "createChooser(Landroid/content/Intent;Ljava/lang/CharSequence;)Landroid/content/Intent;\n": 0.3463064520356745, "addAction(Ljava/lang/String;)V\n": 0.3369693154318152, "setDataAndType(Landroid/net/Uri;Ljava/lang/String;)Landroid/content/Intent;\n": 0.36113550583795473, "hideSoftInputFromWindow(Landroid/os/IBinder;I)Z\n": 0.3515720017200776, "getString(I[Ljava/lang/Object;)Ljava/lang/String;\n": 0.3311317690619336, "substring(I)Ljava/lang/String;\n": 0.38771265825733126, "substring(II)Ljava/lang/String;\n": 0.3756974213959367, "length()I\n": 0.3320116747219906, "onNewIntent(Landroid/content/Intent;)V\n": 0.35531073961476184, "currentTimeMillis()J\n": 0.3523983565031654, "startsWith(Ljava/lang/String;)Z\n": 0.33492405783358703, "getVisibility()I\n": 0.3516418968343412, "getHeight()I\n": 0.34657359027997264, "registerReceiver(Landroid/content/BroadcastReceiver;Landroid/content/IntentFilter;)Landroid/content/Intent;\n": 0.3414983805795045, "setTitle(I)V\n": 0.3613632542980951, "setResult(I)V\n": 0.33235329741220127, "setTitle(Ljava/lang/CharSequence;)Landroid/app/AlertDialog$Builder;\n": 0.34389334246123604, "format(Ljava/util/Date;)Ljava/lang/String;\n": 0.3713288467285421, "contains(Ljava/lang/CharSequence;)Z\n": 0.3640478889495511, "onPrepareOptionsMenu(Landroid/view/Menu;)Z\n": 0.39317172006551515, "getWindowToken()Landroid/os/IBinder;\n": 0.34339590865682, "putExtra(Ljava/lang/String;Landroid/os/Parcelable;)Landroid/content/Intent;\n": 0.3378364409451834, "getBooleanExtra(Ljava/lang/String;Z)Z\n": 0.3877455136475682, "getStringExtra(Ljava/lang/String;)Ljava/lang/String;\n": 0.33492405783358703, "toLowerCase()Ljava/lang/String;\n": 0.3646654235494986, "onOptionsItemSelected(Landroid/view/MenuItem;)Z\n": 0.346201351471043, "isFinishing()Z\n": 0.36004940552988474, "getData()Landroid/net/Uri;\n": 0.3715894505789195, "exists()Z\n": 0.37642005656051575, "findItem(I)Landroid/view/MenuItem;\n": 0.3554333875102708, "setData(Landroid/net/Uri;)Landroid/content/Intent;\n": 0.3508173694906569, "getPackageName()Ljava/lang/String;\n": 0.3992855586966029, "getLayoutInflater()Landroid/view/LayoutInflater;\n": 0.3312496497732539, "setOnCheckedChangeListener(Landroid/widget/CompoundButton$OnCheckedChangeListener;)V\n": 0.3363802493893852, "format(Ljava/lang/String;[Ljava/lang/Object;)Ljava/lang/String;\n": 0.3756974213959367, "makeText(Landroid/content/Context;II)Landroid/widget/Toast;\n": 0.35759905373248996, "setTextColor(I)V\n": 0.3290992916103942, "addFlags(I)Landroid/content/Intent;\n": 0.36697343255930553, "getIntExtra(Ljava/lang/String;I)I\n": 0.3646654235494986, "runOnUiThread(Ljava/lang/Runnable;)V\n": 0.3500706526012796, "getName()Ljava/lang/String;\n": 0.39697754968679594, "setOnItemClickListener(Landroid/widget/AdapterView$OnItemClickListener;)V\n": 0.3531253785004639, "getAction()Ljava/lang/String;\n": 0.40190886940030446, "addTextChangedListener(Landroid/text/TextWatcher;)V\n": 0.3990052599541467, "setCancelable(Z)V\n": 0.361785413089178, "addCategory(Ljava/lang/String;)Landroid/content/Intent;\n": 0.38394845769172603, "isEmpty()Z\n": 0.3261869084987978, "setAdapter(Landroid/widget/SpinnerAdapter;)V\n": 0.34948597339156906, "getPackageInfo(Ljava/lang/String;I)Landroid/content/pm/PackageInfo;\n": 0.43279002687303536, "setTitle(Ljava/lang/CharSequence;)V\n": 0.3392773244416222, "putString(Ljava/lang/String;Ljava/lang/String;)V\n": 0.346201351471043, "makeText(Landroid/content/Context;Ljava/lang/CharSequence;I)Landroid/widget/Toast;\n": 0.38543750463776116, "trim()Ljava/lang/String;\n": 0.4395523710429265, "hasExtra(Ljava/lang/String;)Z\n": 0.3990052599541467, "getText()Ljava/lang/CharSequence;\n": 0.3688916554293054, "valueOf(Ljava/lang/Object;)Ljava/lang/String;\n": 0.3346613064220082, "getExtras()Landroid/os/Bundle;\n": 0.3436612071683762, "getClass()Ljava/lang/Class;\n": 0.38545361768379716, "show()Landroid/app/AlertDialog;\n": 0.40190886940030446, "parseInt(Ljava/lang/String;)I\n": 0.3346613064220082, "setResult(ILandroid/content/Intent;)V\n": 0.40390157671621685, "<init>(Landroid/app/Activity;)V\n": 0.3719289293440148, "putBoolean(Ljava/lang/String;Z)V\n": 0.35840424100423246, "getBoolean(Ljava/lang/String;Z)Z\n": 0.32773727939258734, "split(Ljava/lang/String;)[Ljava/lang/String;\n": 0.36113550583795473, "requestFocus()Z\n": 0.398996486288708, "isChecked()Z\n": 0.38771265825733126, "execute([Ljava/lang/Object;)Landroid/os/AsyncTask;\n": 0.3415853334514291, "close()V\n": 0.3531253785004639, "fromHtml(Ljava/lang/String;)Landroid/text/Spanned;\n": 0.3311317690619336, "setPositiveButton(ILandroid/content/DialogInterface$OnClickListener;)Landroid/app/AlertDialog$Builder;\n": 0.3436612071683762, "setOnTouchListener(Landroid/view/View$OnTouchListener;)V\n": 0.3407488240567798, "setNegativeButton(ILandroid/content/DialogInterface$OnClickListener;)Landroid/app/AlertDialog$Builder;\n": 0.3414983805795045, "getText()Landroid/text/Editable;\n": 0.4426822329626541, "lastIndexOf(Ljava/lang/String;)I\n": 0.3320116747219906, "create()Landroid/app/AlertDialog;\n": 0.35774139652007775, "append(I)Ljava/lang/StringBuilder;\n": 0.33055548316619243, "getContentResolver()Landroid/content/ContentResolver;\n": 0.3582231227263583, "inflate(ILandroid/view/Menu;)V\n": 0.3378364409451834, "setMessage(Ljava/lang/CharSequence;)Landroid/app/AlertDialog$Builder;\n": 0.37389745958872644, "unregisterReceiver(Landroid/content/BroadcastReceiver;)V\n": 0.35840424100423246}