{"b(Ljava/lang/String;Ljava/lang/Throwable;)V\n": 0.48042769091002474, "stopLoading()V\n": 0.4514862637467702, "moveAdVideoView(IIII)V\n": 0.4509311618896446, "b()I\n": 0.4283331220161666, "b(Landroid/webkit/WebView;)V\n": 0.4871993680646024, "c()Ljava/util/HashMap;\n": 0.4771193811391279, "a(Landroid/webkit/WebView;)V\n": 0.4905593637064272, "a()Ljava/lang/Object;\n": 0.43468139029001773, "addView(Landroid/view/View;II)V\n": 0.45438040646309563, "destroy()V\n": 0.47017853690388833, "addView(Landroid/view/View;ILandroid/view/ViewGroup$LayoutParams;)V\n": 0.4871993680646024, "setKeepScreenOn(Z)V\n": 0.45023941600452905, "a(Lcom/google/ads/internal/d;Ljava/util/Map;ZZ)Lcom/google/ads/internal/i;\n": 0.42543897929984115, "a(Ljava/lang/String;Ljava/lang/Throwable;)V\n": 0.49727935499007686, "getBundleExtra(Ljava/lang/String;)Landroid/os/Bundle;\n": 0.4399096928814684, "b()Lcom/google/ads/AdActivity;\n": 0.5049844015569676, "a(Ljava/util/HashMap;Lcom/google/ads/internal/d;)V\n": 0.42543897929984115, "newAdVideoView(IIII)V\n": 0.4509311618896446, "<init>(Landroid/os/Bundle;)V\n": 0.4838393724227775, "setAdActivity(Lcom/google/ads/AdActivity;)V\n": 0.4265565044902044, "elapsedRealtime()J\n": 0.4514862637467702, "setDataAndType(Landroid/net/Uri;Ljava/lang/String;)Landroid/content/Intent;\n": 0.42543897929984115, "addRule(I)V\n": 0.4334816754869995, "setIsExpandedMraid(Z)V\n": 0.4265565044902044, "a(IIII)Landroid/widget/RelativeLayout$LayoutParams;\n": 0.4509311618896446}