{"stopLoading()V\n": 0.4514862637467702, "requestLayout()V\n": 0.3993916948529121, "c()Ljava/util/HashMap;\n": 0.4771193811391279, "b(Lcom/google/ads/internal/d;)Lcom/google/ads/internal/d;\n": 0.42543897929984115, "setCustomClose(Z)V\n": 0.3941794939989807, "removeView(Landroid/view/View;)V\n": 0.3830234910387773, "e()V\n": 0.34862018346044404, "getParent()Landroid/view/ViewParent;\n": 0.41742679861711063, "setClassName(Ljava/lang/String;Ljava/lang/String;)Landroid/content/Intent;\n": 0.3209329890926299, "a(Lcom/google/ads/internal/d;Ljava/util/Map;ZZ)Lcom/google/ads/internal/i;\n": 0.42543897929984115, "w()V\n": 0.3665812692783912, "launchAdActivity(Lcom/google/ads/internal/d;Lcom/google/ads/internal/e;)V\n": 0.42543897929984115, "x()V\n": 0.31192332204355516, "a(IZ)Landroid/view/View;\n": 0.4037936279989559, "newAdVideoView(IIII)V\n": 0.4509311618896446, "setBackgroundColor(I)V\n": 0.3082261992886604, "d(Ljava/lang/String;)V\n": 0.35091373729899955, "r()Z\n": 0.31192332204355516, "setDataAndType(Landroid/net/Uri;Ljava/lang/String;)Landroid/content/Intent;\n": 0.42543897929984115, "a(Lcom/google/ads/internal/d;)V\n": 0.42543897929984115, "getOpeningAdWebView()Lcom/google/ads/internal/AdWebView;\n": 0.42543897929984115, "a(Landroid/content/Intent;Ljava/lang/String;)V\n": 0.3423879726221462, "b(Ljava/lang/String;Ljava/lang/Throwable;)V\n": 0.48042769091002474, "d(Z)V\n": 0.36287952931708317, "isShowing()Z\n": 0.36696861416888843, "b()I\n": 0.4283331220161666, "b()Ljava/lang/String;\n": 0.37843638336166624, "setAction(Ljava/lang/String;)Landroid/content/Intent;\n": 0.29816199901222185, "t()V\n": 0.32905787489244337, "v()V\n": 0.3729595162425577, "u()V\n": 0.3791326958386339, "a()Ljava/lang/Object;\n": 0.43468139029001773, "applyDimension(IFLandroid/util/DisplayMetrics;)F\n": 0.4167565511508648, "getLong(Ljava/lang/String;)J\n": 0.3179531417210536, "setMargins(IIII)V\n": 0.3990783679086662, "getDouble(Ljava/lang/String;)D\n": 0.32568464507488853, "a(Ljava/lang/String;Ljava/lang/Throwable;)V\n": 0.49727935499007686, "b()Lcom/google/ads/AdActivity;\n": 0.5049844015569676, "a(Landroid/webkit/WebView;Z)V\n": 0.3067791279304977, "setType(Ljava/lang/String;)Landroid/content/Intent;\n": 0.3233910912363329, "isFinishing()Z\n": 0.4059590294243328, "loadUrl(Ljava/lang/String;)V\n": 0.3400617691682404, "i()Lcom/google/ads/n;\n": 0.3480620213674319, "addView(Landroid/view/View;Landroid/view/ViewGroup$LayoutParams;)V\n": 0.30967327064682315, "m()Lcom/google/ads/internal/i;\n": 0.3480620213674319, "elapsedRealtime()J\n": 0.4514862637467702, "names()Lorg/json/JSONArray;\n": 0.35042310875967836, "setIsExpandedMraid(Z)V\n": 0.4265565044902044, "filterEquals(Landroid/content/Intent;)Z\n": 0.35042310875967836, "setData(Landroid/net/Uri;)Landroid/content/Intent;\n": 0.31192332204355516, "putExtra(Ljava/lang/String;D)Landroid/content/Intent;\n": 0.3210975373977774, "<init>(Lcom/google/ads/n;Lcom/google/ads/AdSize;)V\n": 0.3480620213674319, "setGravity(I)V\n": 0.3067791279304977, "h()V\n": 0.3009908424978468, "a(Landroid/webkit/WebView;)V\n": 0.4905593637064272, "addView(Landroid/view/View;II)V\n": 0.45438040646309563, "a(Landroid/view/Window;)V\n": 0.41843161869039097, "<init>(III)V\n": 0.36287952931708317, "<init>(Landroid/app/Activity;Lcom/google/ads/internal/AdWebView;)V\n": 0.42543897929984115, "e(Ljava/lang/String;)V\n": 0.37155572184599955, "getRootView()Landroid/view/View;\n": 0.40398752124557397, "stopPlayback()V\n": 0.32207348899916716, "a(Landroid/app/Activity;)Lcom/google/ads/internal/AdVideoView;\n": 0.42543897929984115, "loadDataWithBaseURL(Ljava/lang/String;Ljava/lang/String;Ljava/lang/String;Ljava/lang/String;Ljava/lang/String;)V\n": 0.38990415255444394, "b(Z)V\n": 0.3530854113917049, "a()I\n": 0.3394459681062218, "<init>(Landroid/os/Bundle;)V\n": 0.4838393724227775, "getBundleExtra(Ljava/lang/String;)Landroid/os/Bundle;\n": 0.4399096928814684, "getAdVideoView()Lcom/google/ads/internal/AdVideoView;\n": 0.42543897929984115, "a(Ljava/util/HashMap;Lcom/google/ads/internal/d;)V\n": 0.42543897929984115, "a(Lcom/google/ads/internal/AdWebView;ZIZZ)V\n": 0.3941794939989807, "o()I\n": 0.31726642199917965, "setWebViewClient(Landroid/webkit/WebViewClient;)V\n": 0.32414398422845037, "setMinimumWidth(I)V\n": 0.3737447467914171, "onClick(Landroid/view/View;)V\n": 0.3067791279304977, "isEmpty(Ljava/lang/CharSequence;)Z\n": 0.30388498521417223, "b()Z\n": 0.35887369682435577, "addView(Landroid/view/View;)V\n": 0.3400617691682404, "a(IIII)Landroid/widget/RelativeLayout$LayoutParams;\n": 0.4509311618896446, "b()Ljava/lang/Object;\n": 0.4143691757904842, "moveAdVideoView(IIII)V\n": 0.4509311618896446, "b(Landroid/webkit/WebView;)V\n": 0.4871993680646024, "destroy()V\n": 0.47017853690388833, "addView(Landroid/view/View;ILandroid/view/ViewGroup$LayoutParams;)V\n": 0.4871993680646024, "setMinimumHeight(I)V\n": 0.389994518391044, "setKeepScreenOn(Z)V\n": 0.45023941600452905, "i()Lcom/google/ads/AdActivity;\n": 0.34757566917702715, "setLayoutParams(Landroid/view/ViewGroup$LayoutParams;)V\n": 0.3357205550937522, "l()Lcom/google/ads/internal/AdWebView;\n": 0.3480620213674319, "b(Ljava/lang/String;)V\n": 0.37155572184599955, "c()Lcom/google/ads/AdActivity;\n": 0.3480620213674319, "setRequestedOrientation(I)V\n": 0.30967327064682315, "a(Z)V\n": 0.3532072911375551, "onWindowFocusChanged(Z)V\n": 0.40137192174722175, "d()Lcom/google/ads/internal/d;\n": 0.3480620213674319, "setAdActivity(Lcom/google/ads/AdActivity;)V\n": 0.4265565044902044, "leftApplication()Z\n": 0.3480620213674319, "addRule(I)V\n": 0.4334816754869995, "setFlags(II)V\n": 0.3009908424978468, "getJSONObject(Ljava/lang/String;)Lorg/json/JSONObject;\n": 0.3532072911375551}