{"b(Ljava/lang/String;Ljava/lang/Throwable;)V\n": 0.48042769091002474, "stopLoading()V\n": 0.4514862637467702, "b()Ljava/lang/Object;\n": 0.4143691757904842, "moveAdVideoView(IIII)V\n": 0.4509311618896446, "b()I\n": 0.4283331220161666, "b(Landroid/webkit/WebView;)V\n": 0.4871993680646024, "c()Ljava/util/HashMap;\n": 0.4771193811391279, "b(Lcom/google/ads/internal/d;)Lcom/google/ads/internal/d;\n": 0.42543897929984115, "a(Landroid/webkit/WebView;)V\n": 0.4905593637064272, "a()Ljava/lang/Object;\n": 0.43468139029001773, "addView(Landroid/view/View;II)V\n": 0.45438040646309563, "destroy()V\n": 0.47017853690388833, "addView(Landroid/view/View;ILandroid/view/ViewGroup$LayoutParams;)V\n": 0.4871993680646024, "applyDimension(IFLandroid/util/DisplayMetrics;)F\n": 0.4167565511508648, "a(Landroid/view/Window;)V\n": 0.41843161869039097, "<init>(Landroid/app/Activity;Lcom/google/ads/internal/AdWebView;)V\n": 0.42543897929984115, "getParent()Landroid/view/ViewParent;\n": 0.41742679861711063, "setKeepScreenOn(Z)V\n": 0.45023941600452905, "getRootView()Landroid/view/View;\n": 0.40398752124557397, "a(Landroid/app/Activity;)Lcom/google/ads/internal/AdVideoView;\n": 0.42543897929984115, "a(Lcom/google/ads/internal/d;Ljava/util/Map;ZZ)Lcom/google/ads/internal/i;\n": 0.42543897929984115, "a(Ljava/lang/String;Ljava/lang/Throwable;)V\n": 0.49727935499007686, "launchAdActivity(Lcom/google/ads/internal/d;Lcom/google/ads/internal/e;)V\n": 0.42543897929984115, "getBundleExtra(Ljava/lang/String;)Landroid/os/Bundle;\n": 0.4399096928814684, "b()Lcom/google/ads/AdActivity;\n": 0.5049844015569676, "getAdVideoView()Lcom/google/ads/internal/AdVideoView;\n": 0.42543897929984115, "a(IZ)Landroid/view/View;\n": 0.4037936279989559, "a(Ljava/util/HashMap;Lcom/google/ads/internal/d;)V\n": 0.42543897929984115, "newAdVideoView(IIII)V\n": 0.4509311618896446, "onWindowFocusChanged(Z)V\n": 0.40137192174722175, "<init>(Landroid/os/Bundle;)V\n": 0.4838393724227775, "isFinishing()Z\n": 0.4059590294243328, "setAdActivity(Lcom/google/ads/AdActivity;)V\n": 0.4265565044902044, "elapsedRealtime()J\n": 0.4514862637467702, "setDataAndType(Landroid/net/Uri;Ljava/lang/String;)Landroid/content/Intent;\n": 0.42543897929984115, "addRule(I)V\n": 0.4334816754869995, "a(Lcom/google/ads/internal/d;)V\n": 0.42543897929984115, "setIsExpandedMraid(Z)V\n": 0.4265565044902044, "a(IIII)Landroid/widget/RelativeLayout$LayoutParams;\n": 0.4509311618896446, "getOpeningAdWebView()Lcom/google/ads/internal/AdWebView;\n": 0.42543897929984115}