{"cancel()V\n": 0.4061827610326311, "getItem(I)Ljava/lang/Object;\n": 0.395147018077368, "getColumnIndex(Ljava/lang/String;)I\n": 0.4470652203522386, "fromFile(Ljava/io/File;)Landroid/net/Uri;\n": 0.38637635576039453, "setIntent(Landroid/content/Intent;)V\n": 0.502754776170152, "findPreference(Ljava/lang/CharSequence;)Landroid/preference/Preference;\n": 0.45377643812081164, "isEmpty(Ljava/lang/CharSequence;)Z\n": 0.5051750637979262, "setText(I)V\n": 0.4875526778514869, "getPath()Ljava/lang/String;\n": 0.4061827610326311, "setSelection(I)V\n": 0.40997886160302954, "getPackageManager()Landroid/content/pm/PackageManager;\n": 0.38637635576039453, "setChecked(Z)V\n": 0.4141260697413232, "setIcon(I)Landroid/app/AlertDialog$Builder;\n": 0.39165564440731937, "setEnabled(Z)V\n": 0.4189623134751266, "setSpan(Ljava/lang/Object;III)V\n": 0.41934173669733976, "post(Ljava/lang/Runnable;)Z\n": 0.44668721722217614, "setFlags(I)Landroid/content/Intent;\n": 0.43174845568776254, "query(Landroid/net/Uri;[Ljava/lang/String;Ljava/lang/String;[Ljava/lang/String;Ljava/lang/String;)Landroid/database/Cursor;\n": 0.502754776170152, "setMessage(I)Landroid/app/AlertDialog$Builder;\n": 0.3947944593214358, "append(J)Ljava/lang/StringBuilder;\n": 0.4576187003074995, "moveToFirst()Z\n": 0.45349600931373824, "addAction(Ljava/lang/String;)V\n": 0.4282725871079072, "getCount()I\n": 0.46032652156483805, "setSummary(Ljava/lang/CharSequence;)V\n": 0.40537672041033057, "isChecked()Z\n": 0.40997886160302954, "getString(I[Ljava/lang/Object;)Ljava/lang/String;\n": 0.38753295341355815, "substring(I)Ljava/lang/String;\n": 0.4175710627438263, "close()V\n": 0.44223799755707804, "toArray([Ljava/lang/Object;)[Ljava/lang/Object;\n": 0.4216637873776796, "getDecorView()Landroid/view/View;\n": 0.40134264099803235, "b()V\n": 0.39335906098497997, "onNewIntent(Landroid/content/Intent;)V\n": 0.47874148487826734, "replaceAll(Ljava/lang/String;Ljava/lang/String;)Ljava/lang/String;\n": 0.3962623544031206, "currentTimeMillis()J\n": 0.4816785492026739, "startsWith(Ljava/lang/String;)Z\n": 0.4464337773097952, "execute([Ljava/lang/Object;)Landroid/os/AsyncTask;\n": 0.3840487873521994, "getText()Landroid/text/Editable;\n": 0.4816785492026739, "setTitle(I)V\n": 0.4972891747221932, "hideSoftInputFromWindow(Landroid/os/IBinder;I)Z\n": 0.39165564440731937, "contains(Ljava/lang/CharSequence;)Z\n": 0.40531487676810357, "onPrepareOptionsMenu(Landroid/view/Menu;)Z\n": 0.3832868943350545, "getWindowToken()Landroid/os/IBinder;\n": 0.40402371738860315, "equalsIgnoreCase(Ljava/lang/String;)Z\n": 0.38475542649725775, "getBooleanExtra(Ljava/lang/String;Z)Z\n": 0.39801419780137026, "isFinishing()Z\n": 0.4143071766587363, "getData()Landroid/net/Uri;\n": 0.3956866293931751, "<init>(Ljava/lang/Runnable;)V\n": 0.4365515655958185, "setOnPreferenceChangeListener(Landroid/preference/Preference$OnPreferenceChangeListener;)V\n": 0.3913856209175171, "setData(Landroid/net/Uri;)Landroid/content/Intent;\n": 0.3910314925767848, "getPackageName()Ljava/lang/String;\n": 0.4026693346177606, "hasExtra(Ljava/lang/String;)Z\n": 0.387202258180639, "containsKey(Ljava/lang/String;)Z\n": 0.39859055989183423, "setOnCheckedChangeListener(Landroid/widget/CompoundButton$OnCheckedChangeListener;)V\n": 0.4141260697413232, "format(Ljava/lang/String;[Ljava/lang/Object;)Ljava/lang/String;\n": 0.42000019839013636, "makeText(Landroid/content/Context;II)Landroid/widget/Toast;\n": 0.4213671633142248, "setSoftInputMode(I)V\n": 0.3962623544031206, "append(Z)Ljava/lang/StringBuilder;\n": 0.43645773896517975, "getString(Ljava/lang/String;Ljava/lang/String;)Ljava/lang/String;\n": 0.38475542649725775, "booleanValue()Z\n": 0.396503683794884, "getIntExtra(Ljava/lang/String;I)I\n": 0.43060015551610237, "runOnUiThread(Ljava/lang/Runnable;)V\n": 0.4555320684478106, "getName()Ljava/lang/String;\n": 0.43525529233249266, "getAction()Ljava/lang/String;\n": 0.46405616325623456, "a()Ljava/lang/String;\n": 0.38341026241979687, "addTextChangedListener(Landroid/text/TextWatcher;)V\n": 0.48969697358139636, "setCancelable(Z)V\n": 0.3989496520228596, "sendBroadcast(Landroid/content/Intent;)V\n": 0.4229372627145429, "onKeyUp(ILandroid/view/KeyEvent;)Z\n": 0.4521455069471504, "getParcelableExtra(Ljava/lang/String;)Landroid/os/Parcelable;\n": 0.3947944593214358, "b()Z\n": 0.3818183621728512, "makeText(Landroid/content/Context;Ljava/lang/CharSequence;I)Landroid/widget/Toast;\n": 0.4189623134751266, "trim()Ljava/lang/String;\n": 0.44327739113651066, "a(Landroid/content/Context;)V\n": 0.3920980873082741, "setTitle(I)Landroid/app/AlertDialog$Builder;\n": 0.40235947810852507, "getText()Ljava/lang/CharSequence;\n": 0.3947944593214358, "startService(Landroid/content/Intent;)Landroid/content/ComponentName;\n": 0.444965245147592, "getClass()Ljava/lang/Class;\n": 0.38531034768019773, "show()Landroid/app/AlertDialog;\n": 0.4023778124436971, "putString(Ljava/lang/String;Ljava/lang/String;)Landroid/content/SharedPreferences$Editor;\n": 0.387202258180639, "setInputType(I)V\n": 0.41375051354137526, "setResult(ILandroid/content/Intent;)V\n": 0.4375828607406878, "putBoolean(Ljava/lang/String;Z)V\n": 0.45009704330784156, "getBoolean(Ljava/lang/String;Z)Z\n": 0.3910314925767848, "requestFocus()Z\n": 0.39356661947047744, "setOnEditorActionListener(Landroid/widget/TextView$OnEditorActionListener;)V\n": 0.434173884060318, "substring(II)Ljava/lang/String;\n": 0.4229372627145429, "getVisibility()I\n": 0.3887201737658632, "setNegativeButton(ILandroid/content/DialogInterface$OnClickListener;)Landroid/app/AlertDialog$Builder;\n": 0.39212999985152863, "registerReceiver(Landroid/content/BroadcastReceiver;Landroid/content/IntentFilter;)Landroid/content/Intent;\n": 0.46714617373616896, "charAt(I)C\n": 0.41590598587553396, "a(Z)V\n": 0.3910314925767848, "setMovementMethod(Landroid/text/method/MovementMethod;)V\n": 0.3843181894799238, "getParcelable(Ljava/lang/String;)Landroid/os/Parcelable;\n": 0.44525062732621573, "getDefaultSharedPreferences(Landroid/content/Context;)Landroid/content/SharedPreferences;\n": 0.3947944593214358, "create()Landroid/app/AlertDialog;\n": 0.40965203984234605, "valueOf(J)Ljava/lang/Long;\n": 0.4555320684478106, "getContentResolver()Landroid/content/ContentResolver;\n": 0.46405616325623456, "unregisterReceiver(Landroid/content/BroadcastReceiver;)V\n": 0.48078547807883076, "setMessage(Ljava/lang/CharSequence;)Landroid/app/AlertDialog$Builder;\n": 0.3956866293931751, "setMessage(Ljava/lang/CharSequence;)V\n": 0.41258895636552145}