{"getColumnIndex(Ljava/lang/String;)I\n": 0.4470652203522386, "putBoolean(Ljava/lang/String;Z)V\n": 0.45009704330784156, "onNewIntent(Landroid/content/Intent;)V\n": 0.47874148487826734, "setIntent(Landroid/content/Intent;)V\n": 0.502754776170152, "findPreference(Ljava/lang/CharSequence;)Landroid/preference/Preference;\n": 0.45377643812081164, "currentTimeMillis()J\n": 0.4816785492026739, "startsWith(Ljava/lang/String;)Z\n": 0.4464337773097952, "isEmpty(Ljava/lang/CharSequence;)Z\n": 0.5051750637979262, "getText()Landroid/text/Editable;\n": 0.4816785492026739, "setTitle(I)V\n": 0.4972891747221932, "setText(I)V\n": 0.4875526778514869, "runOnUiThread(Ljava/lang/Runnable;)V\n": 0.4555320684478106, "post(Ljava/lang/Runnable;)Z\n": 0.44668721722217614, "query(Landroid/net/Uri;[Ljava/lang/String;Ljava/lang/String;[Ljava/lang/String;Ljava/lang/String;)Landroid/database/Cursor;\n": 0.502754776170152, "registerReceiver(Landroid/content/BroadcastReceiver;Landroid/content/IntentFilter;)Landroid/content/Intent;\n": 0.46714617373616896, "addTextChangedListener(Landroid/text/TextWatcher;)V\n": 0.48969697358139636, "append(J)Ljava/lang/StringBuilder;\n": 0.4576187003074995, "moveToFirst()Z\n": 0.45349600931373824, "getAction()Ljava/lang/String;\n": 0.46405616325623456, "getCount()I\n": 0.46032652156483805, "getParcelable(Ljava/lang/String;)Landroid/os/Parcelable;\n": 0.44525062732621573, "onKeyUp(ILandroid/view/KeyEvent;)Z\n": 0.4521455069471504, "valueOf(J)Ljava/lang/Long;\n": 0.4555320684478106, "getContentResolver()Landroid/content/ContentResolver;\n": 0.46405616325623456, "unregisterReceiver(Landroid/content/BroadcastReceiver;)V\n": 0.48078547807883076}