{"substring(II)Ljava/lang/String;\n": 0.4229372627145429, "getColumnIndex(Ljava/lang/String;)I\n": 0.4470652203522386, "toArray([Ljava/lang/Object;)[Ljava/lang/Object;\n": 0.4216637873776796, "putBoolean(Ljava/lang/String;Z)V\n": 0.45009704330784156, "startService(Landroid/content/Intent;)Landroid/content/ComponentName;\n": 0.444965245147592, "onNewIntent(Landroid/content/Intent;)V\n": 0.47874148487826734, "setIntent(Landroid/content/Intent;)V\n": 0.502754776170152, "findPreference(Ljava/lang/CharSequence;)Landroid/preference/Preference;\n": 0.45377643812081164, "currentTimeMillis()J\n": 0.4816785492026739, "makeText(Landroid/content/Context;II)Landroid/widget/Toast;\n": 0.4213671633142248, "startsWith(Ljava/lang/String;)Z\n": 0.4464337773097952, "isEmpty(Ljava/lang/CharSequence;)Z\n": 0.5051750637979262, "getText()Landroid/text/Editable;\n": 0.4816785492026739, "setTitle(I)V\n": 0.4972891747221932, "setResult(ILandroid/content/Intent;)V\n": 0.4375828607406878, "setText(I)V\n": 0.4875526778514869, "setOnEditorActionListener(Landroid/widget/TextView$OnEditorActionListener;)V\n": 0.434173884060318, "getIntExtra(Ljava/lang/String;I)I\n": 0.43060015551610237, "runOnUiThread(Ljava/lang/Runnable;)V\n": 0.4555320684478106, "close()V\n": 0.44223799755707804, "getName()Ljava/lang/String;\n": 0.43525529233249266, "post(Ljava/lang/Runnable;)Z\n": 0.44668721722217614, "setFlags(I)Landroid/content/Intent;\n": 0.43174845568776254, "query(Landroid/net/Uri;[Ljava/lang/String;Ljava/lang/String;[Ljava/lang/String;Ljava/lang/String;)Landroid/database/Cursor;\n": 0.502754776170152, "registerReceiver(Landroid/content/BroadcastReceiver;Landroid/content/IntentFilter;)Landroid/content/Intent;\n": 0.46714617373616896, "addTextChangedListener(Landroid/text/TextWatcher;)V\n": 0.48969697358139636, "append(J)Ljava/lang/StringBuilder;\n": 0.4576187003074995, "moveToFirst()Z\n": 0.45349600931373824, "sendBroadcast(Landroid/content/Intent;)V\n": 0.4229372627145429, "append(Z)Ljava/lang/StringBuilder;\n": 0.43645773896517975, "getAction()Ljava/lang/String;\n": 0.46405616325623456, "getCount()I\n": 0.46032652156483805, "getParcelable(Ljava/lang/String;)Landroid/os/Parcelable;\n": 0.44525062732621573, "<init>(Ljava/lang/Runnable;)V\n": 0.4365515655958185, "onKeyUp(ILandroid/view/KeyEvent;)Z\n": 0.4521455069471504, "valueOf(J)Ljava/lang/Long;\n": 0.4555320684478106, "getContentResolver()Landroid/content/ContentResolver;\n": 0.46405616325623456, "trim()Ljava/lang/String;\n": 0.44327739113651066, "unregisterReceiver(Landroid/content/BroadcastReceiver;)V\n": 0.48078547807883076, "addAction(Ljava/lang/String;)V\n": 0.4282725871079072}