{"b(Ljava/lang/String;Ljava/lang/Throwable;)V\n": 0.4214102355605538, "stopLoading()V\n": 0.3778160732611861, "requestLayout()V\n": 0.37490979577456157, "b()Ljava/lang/Object;\n": 0.38347076312620426, "b()I\n": 0.37490979577456157, "c()Ljava/util/HashMap;\n": 0.37452328779913024, "a(Landroid/webkit/WebView;)V\n": 0.3778973714729963, "a()Ljava/lang/Object;\n": 0.38347076312620426, "destroy()V\n": 0.3915389708041481, "addView(Landroid/view/View;ILandroid/view/ViewGroup$LayoutParams;)V\n": 0.3778973714729963, "a(Landroid/view/Window;)V\n": 0.38755023932967453, "<init>(III)V\n": 0.40151595719005856, "b(Z)V\n": 0.37490979577456157, "a(Ljava/lang/String;Ljava/lang/Throwable;)V\n": 0.3981418735161925, "b()Lcom/google/ads/AdActivity;\n": 0.3793872251405315, "setOnCompletionListener(Landroid/media/MediaPlayer$OnCompletionListener;)V\n": 0.38347076312620426, "setVolumeControlStream(I)V\n": 0.47857545663328466, "newAdVideoView(IIII)V\n": 0.3712323345157935, "onWindowFocusChanged(Z)V\n": 0.4376023791340479, "<init>(Landroid/os/Bundle;)V\n": 0.4318827102548529, "isFinishing()Z\n": 0.3754167778886832, "pause()V\n": 0.4201860489574366, "setContentView(Landroid/view/View;Landroid/view/ViewGroup$LayoutParams;)V\n": 0.4068788481274312, "addRule(I)V\n": 0.3731136074721882, "setPluginsEnabled(Z)V\n": 0.41739935313083265}