{"releaseAllPlayers()V\n": 0.33066020003887175, "stopLoading()V\n": 0.3778160732611861, "requestLayout()V\n": 0.37490979577456157, "c()Ljava/util/HashMap;\n": 0.37452328779913024, "b(Lcom/google/ads/internal/d;)Lcom/google/ads/internal/d;\n": 0.37055037954462483, "setLoadWithOverviewMode(Z)V\n": 0.35929458497321826, "setJavaScriptEnabled(Z)V\n": 0.3708104370556932, "removeView(Landroid/view/View;)V\n": 0.3316565399752784, "e()V\n": 0.3362628808082684, "getParent()Landroid/view/ViewParent;\n": 0.34777873289074335, "setWebChromeClient(Landroid/webkit/WebChromeClient;)V\n": 0.337128188448443, "a(Lcom/google/ads/internal/d;Ljava/util/Map;ZZ)Lcom/google/ads/internal/i;\n": 0.37055037954462483, "launchAdActivity(Lcom/google/ads/internal/d;Lcom/google/ads/internal/e;)V\n": 0.36619096331468803, "a(IZ)Landroid/view/View;\n": 0.362041681288372, "newAdVideoView(IIII)V\n": 0.3712323345157935, "<init>(IIF)V\n": 0.3362628808082684, "getResourceAsStream(Ljava/lang/String;)Ljava/io/InputStream;\n": 0.3562679448259421, "setDataAndType(Landroid/net/Uri;Ljava/lang/String;)Landroid/content/Intent;\n": 0.337128188448443, "setContentView(Landroid/view/View;Landroid/view/ViewGroup$LayoutParams;)V\n": 0.4068788481274312, "a(Lcom/google/ads/internal/d;)V\n": 0.37055037954462483, "getOpeningAdWebView()Lcom/google/ads/internal/AdWebView;\n": 0.36619096331468803, "b(Ljava/lang/String;Ljava/lang/Throwable;)V\n": 0.4214102355605538, "d(Z)V\n": 0.34753061840820193, "b()I\n": 0.37490979577456157, "v()V\n": 0.3340342837127378, "u()V\n": 0.3342219109618185, "a()Ljava/lang/Object;\n": 0.38347076312620426, "applyDimension(IFLandroid/util/DisplayMetrics;)F\n": 0.3632846858280636, "setMargins(IIII)V\n": 0.34317239205775335, "putExtra(Ljava/lang/String;J)Landroid/content/Intent;\n": 0.354278785755934, "getMetrics(Landroid/util/DisplayMetrics;)V\n": 0.36777512045139815, "debug(Ljava/lang/String;Ljava/lang/String;Ljava/lang/Throwable;)V\n": 0.33856605122476335, "a(Ljava/lang/String;Ljava/lang/Throwable;)V\n": 0.3981418735161925, "b()Lcom/google/ads/AdActivity;\n": 0.3793872251405315, "setOnCompletionListener(Landroid/media/MediaPlayer$OnCompletionListener;)V\n": 0.38347076312620426, "getBooleanExtra(Ljava/lang/String;Z)Z\n": 0.3569914145567233, "a(Lcom/google/ads/internal/AdWebView;ZIZZ)V\n": 0.33307834678530224, "setSupportZoom(Z)V\n": 0.36390092580620825, "h()V\n": 0.342940743421692, "j()Z\n": 0.3304375724810909, "isFinishing()Z\n": 0.3754167778886832, "setExternalWebViewClient(Landroid/webkit/WebViewClient;)V\n": 0.3374083673866038, "loadUrl(Ljava/lang/String;)V\n": 0.34148760467837974, "elapsedRealtime()J\n": 0.35747213085481455, "addRule(I)V\n": 0.3731136074721882, "setIsExpandedMraid(Z)V\n": 0.3712323345157935, "seekTo(I)V\n": 0.37068520143442835, "a(Landroid/webkit/WebView;)V\n": 0.3778973714729963, "setUseWideViewPort(Z)V\n": 0.3530930610218808, "addView(Landroid/view/View;II)V\n": 0.348753298394941, "a(Landroid/view/Window;)V\n": 0.38755023932967453, "<init>(III)V\n": 0.40151595719005856, "booleanValue()Z\n": 0.360378408341439, "<init>(Landroid/app/Activity;Lcom/google/ads/internal/AdWebView;)V\n": 0.37055037954462483, "getRootView()Landroid/view/View;\n": 0.3530930610218808, "a(Landroid/app/Activity;)Lcom/google/ads/internal/AdVideoView;\n": 0.37055037954462483, "loadDataWithBaseURL(Ljava/lang/String;Ljava/lang/String;Ljava/lang/String;Ljava/lang/String;Ljava/lang/String;)V\n": 0.33856605122476335, "<init>(Lcom/inmobi/androidsdk/IMBrowserActivity;)V\n": 0.33979191896801936, "b(Z)V\n": 0.37490979577456157, "getIntExtra(Ljava/lang/String;I)I\n": 0.35929458497321826, "D(Ljava/lang/String;)V\n": 0.33340466579964784, "getBundleExtra(Ljava/lang/String;)Landroid/os/Bundle;\n": 0.3458470209083165, "a()Z\n": 0.3316565399752784, "getAdVideoView()Lcom/google/ads/internal/AdVideoView;\n": 0.36619096331468803, "a(Ljava/util/HashMap;Lcom/google/ads/internal/d;)V\n": 0.37055037954462483, "getDefaultDisplay()Landroid/view/Display;\n": 0.34317239205775335, "onOrientationEventChange()V\n": 0.34151955325172767, "getHeight()I\n": 0.3545658533681901, "setPluginsEnabled(Z)V\n": 0.41739935313083265, "b()Z\n": 0.3661909633146881, "addView(Landroid/view/View;)V\n": 0.33858132719175527, "a(IIII)Landroid/widget/RelativeLayout$LayoutParams;\n": 0.3712323345157935, "addRule(II)V\n": 0.33431151522284464, "a(Lcom/inmobi/androidsdk/IMBrowserActivity;)Lcom/inmobi/re/container/IMWebView;\n": 0.33178805871984124, "b()Ljava/lang/Object;\n": 0.38347076312620426, "moveAdVideoView(IIII)V\n": 0.3712323345157935, "b(Landroid/webkit/WebView;)V\n": 0.3711492041252642, "getClass()Ljava/lang/Class;\n": 0.3711492041252642, "destroy()V\n": 0.3915389708041481, "addView(Landroid/view/View;ILandroid/view/ViewGroup$LayoutParams;)V\n": 0.3778973714729963, "addJavascriptInterface(Ljava/lang/Object;Ljava/lang/String;)V\n": 0.33861411370276734, "setKeepScreenOn(Z)V\n": 0.3610269531036661, "setOnPreparedListener(Landroid/media/MediaPlayer$OnPreparedListener;)V\n": 0.3443938821650042, "i()Lcom/google/ads/AdActivity;\n": 0.33340466579964784, "getCurrentPosition()I\n": 0.36194645627145217, "getTag()Ljava/lang/Object;\n": 0.33451704868456117, "setBackgroundColor(I)V\n": 0.3443938821650043, "close()V\n": 0.33856605122476335, "b(Ljava/lang/String;)V\n": 0.3546882441402283, "setOnTouchListener(Landroid/view/View$OnTouchListener;)V\n": 0.3661909633146881, "setVolumeControlStream(I)V\n": 0.47857545663328466, "getAssets()Landroid/content/res/AssetManager;\n": 0.348753298394941, "c(Ljava/lang/String;Ljava/lang/Throwable;)V\n": 0.33431151522284464, "a(Z)V\n": 0.36390092580620825, "onWindowFocusChanged(Z)V\n": 0.4376023791340479, "<init>(Landroid/os/Bundle;)V\n": 0.4318827102548529, "setAdActivity(Lcom/google/ads/AdActivity;)V\n": 0.3712323345157935, "setWeightSum(F)V\n": 0.3326204345223231, "pause()V\n": 0.4201860489574366, "getParamFillParent()I\n": 0.33468916218669315}