{"getInstance()Landroid/webkit/CookieSyncManager;\n": 0.4592559567383082, "stopLoading()V\n": 0.40622970008226306, "setVideoURI(Landroid/net/Uri;)V\n": 0.41245376769022135, "setGravity(I)V\n": 0.41191123434914784, "b()V\n": 0.4299896457696905, "setImageBitmap(Landroid/graphics/Bitmap;)V\n": 0.40622970008226306, "setJavaScriptEnabled(Z)V\n": 0.46150721142820184, "setUseWideViewPort(Z)V\n": 0.4222383995107097, "destroy()V\n": 0.4862710130170322, "getHeight()I\n": 0.41759276861603256, "removeView(Landroid/view/View;)V\n": 0.4299896457696905, "f()V\n": 0.41225356363578386, "<init>(III)V\n": 0.44853187723573285, "setOnPreparedListener(Landroid/media/MediaPlayer$OnPreparedListener;)V\n": 0.44742082351717777, "stopPlayback()V\n": 0.41050185059525, "addFlags(I)Landroid/content/Intent;\n": 0.4142308629404348, "setWebChromeClient(Landroid/webkit/WebChromeClient;)V\n": 0.41191123434914784, "setOrientation(I)V\n": 0.44315967281701424, "addFlags(I)V\n": 0.4317966042832446, "stopSync()V\n": 0.45768597135332467, "forName(Ljava/lang/String;)Ljava/lang/Class;\n": 0.4322409004595842, "setOnCompletionListener(Landroid/media/MediaPlayer$OnCompletionListener;)V\n": 0.45457737088587236, "getBooleanExtra(Ljava/lang/String;Z)Z\n": 0.40747709887075384, "c(Ljava/lang/String;Ljava/lang/Throwable;)V\n": 0.4075518464842502, "requestFeature(I)Z\n": 0.4322409004595842, "a(Z)V\n": 0.44124591921915884, "onWindowFocusChanged(Z)V\n": 0.4457484285989462, "getWindowManager()Landroid/view/WindowManager;\n": 0.4147520014825902, "isFinishing()Z\n": 0.4142308629404348, "setId(I)V\n": 0.46588580988455336, "getSerializableExtra(Ljava/lang/String;)Ljava/io/Serializable;\n": 0.4289558371498022, "createInstance(Landroid/content/Context;)Landroid/webkit/CookieSyncManager;\n": 0.42773839107979683, "pause()V\n": 0.44261480849413887, "setContentView(Landroid/view/View;Landroid/view/ViewGroup$LayoutParams;)V\n": 0.4886119469520926, "startSync()V\n": 0.4671227955049396, "addRule(I)V\n": 0.5020297958462878, "getIntExtra(Ljava/lang/String;I)I\n": 0.4187333723202222, "e()V\n": 0.44124591921915884, "addView(Landroid/view/View;)V\n": 0.41191123434914784, "addRule(II)V\n": 0.4883278881297773}