{"getInstance()Landroid/webkit/CookieSyncManager;\n": 0.4592559567383082, "b()V\n": 0.4299896457696905, "setJavaScriptEnabled(Z)V\n": 0.46150721142820184, "setUseWideViewPort(Z)V\n": 0.4222383995107097, "destroy()V\n": 0.4862710130170322, "removeView(Landroid/view/View;)V\n": 0.4299896457696905, "<init>(III)V\n": 0.44853187723573285, "setOnPreparedListener(Landroid/media/MediaPlayer$OnPreparedListener;)V\n": 0.44742082351717777, "setOrientation(I)V\n": 0.44315967281701424, "addFlags(I)V\n": 0.4317966042832446, "stopSync()V\n": 0.45768597135332467, "forName(Ljava/lang/String;)Ljava/lang/Class;\n": 0.4322409004595842, "setOnCompletionListener(Landroid/media/MediaPlayer$OnCompletionListener;)V\n": 0.45457737088587236, "requestFeature(I)Z\n": 0.4322409004595842, "a(Z)V\n": 0.44124591921915884, "onWindowFocusChanged(Z)V\n": 0.4457484285989462, "setId(I)V\n": 0.46588580988455336, "getSerializableExtra(Ljava/lang/String;)Ljava/io/Serializable;\n": 0.4289558371498022, "createInstance(Landroid/content/Context;)Landroid/webkit/CookieSyncManager;\n": 0.42773839107979683, "pause()V\n": 0.44261480849413887, "setContentView(Landroid/view/View;Landroid/view/ViewGroup$LayoutParams;)V\n": 0.4886119469520926, "startSync()V\n": 0.4671227955049396, "addRule(I)V\n": 0.5020297958462878, "e()V\n": 0.44124591921915884, "addRule(II)V\n": 0.4883278881297773}