{"stopLoading()V\n": 0.40622970008226306, "getConfiguration()Landroid/content/res/Configuration;\n": 0.37597525003583493, "requestLayout()V\n": 0.37498126161439665, "setJavaScriptEnabled(Z)V\n": 0.46150721142820184, "setKeepScreenOn(Z)V\n": 0.38916736407217994, "isEmpty(Ljava/lang/CharSequence;)Z\n": 0.3692997273475119, "removeView(Landroid/view/View;)V\n": 0.4299896457696905, "getBoolean(Ljava/lang/String;)Z\n": 0.3827132972819235, "e()V\n": 0.44124591921915884, "setDuration(J)V\n": 0.37482695494098245, "setWebChromeClient(Landroid/webkit/WebChromeClient;)V\n": 0.41191123434914784, "postDelayed(Ljava/lang/Runnable;J)Z\n": 0.39171831604149815, "stopSync()V\n": 0.45768597135332467, "setFlags(I)Landroid/content/Intent;\n": 0.3806627958812815, "onRetainNonConfigurationInstance()Ljava/lang/Object;\n": 0.37275455398879026, "setBackgroundColor(I)V\n": 0.39486663154849344, "d(Ljava/lang/String;)V\n": 0.3759595332122425, "<init>(IIF)V\n": 0.37821078790213614, "setId(I)V\n": 0.46588580988455336, "setSupportZoom(Z)V\n": 0.37821078790213614, "setContentView(Landroid/view/View;Landroid/view/ViewGroup$LayoutParams;)V\n": 0.4886119469520926, "getInstance()Landroid/webkit/CookieSyncManager;\n": 0.4592559567383082, "isShowing()Z\n": 0.3692057691425615, "getDefaultDisplay()Landroid/view/Display;\n": 0.40522584418086016, "b()V\n": 0.4299896457696905, "currentTimeMillis()J\n": 0.3891850972816086, "setTheme(I)V\n": 0.40273960052169394, "registerReceiver(Landroid/content/BroadcastReceiver;Landroid/content/IntentFilter;)Landroid/content/Intent;\n": 0.3924653925812662, "a(I)V\n": 0.37267722152674865, "getSimpleName()Ljava/lang/String;\n": 0.36937919301766237, "<init>(Landroid/content/Context;Landroid/util/AttributeSet;I)V\n": 0.38290054072961577, "setMargins(IIII)V\n": 0.3984720801111791, "getMetrics(Landroid/util/DisplayMetrics;)V\n": 0.3990614495994388, "forName(Ljava/lang/String;)Ljava/lang/Class;\n": 0.4322409004595842, "setVolumeControlStream(I)V\n": 0.3731791073355924, "a(Ljava/lang/String;Ljava/lang/Throwable;)V\n": 0.36937919301766237, "setOnCompletionListener(Landroid/media/MediaPlayer$OnCompletionListener;)V\n": 0.45457737088587236, "getBooleanExtra(Ljava/lang/String;Z)Z\n": 0.40747709887075384, "setImageDrawable(Landroid/graphics/drawable/Drawable;)V\n": 0.3924653925812662, "append(I)Ljava/lang/StringBuilder;\n": 0.3792424123145602, "requestFeature(I)Z\n": 0.4322409004595842, "setType(Ljava/lang/String;)Landroid/content/Intent;\n": 0.37821078790213614, "isFinishing()Z\n": 0.4142308629404348, "loadUrl(Ljava/lang/String;)V\n": 0.39628701511521464, "a(Landroid/os/Bundle;)V\n": 0.39476455892720497, "getSerializableExtra(Ljava/lang/String;)Ljava/io/Serializable;\n": 0.4289558371498022, "elapsedRealtime()J\n": 0.3977073986819358, "startSync()V\n": 0.4671227955049396, "addRule(I)V\n": 0.5020297958462878, "e(Ljava/lang/String;Ljava/lang/String;)V\n": 0.38936911420552994, "setData(Landroid/net/Uri;)Landroid/content/Intent;\n": 0.3939695707313918, "b(Ljava/lang/String;Ljava/lang/Throwable;)V\n": 0.3835035630147238, "setGravity(I)V\n": 0.41191123434914784, "seekTo(I)V\n": 0.3785533054775985, "h()V\n": 0.4033889329488206, "setImageBitmap(Landroid/graphics/Bitmap;)V\n": 0.40622970008226306, "setUseWideViewPort(Z)V\n": 0.4222383995107097, "d()V\n": 0.38721580666171085, "append(Z)Ljava/lang/StringBuilder;\n": 0.40235947810852507, "<init>(III)V\n": 0.44853187723573285, "stopPlayback()V\n": 0.41050185059525, "addFlags(I)Landroid/content/Intent;\n": 0.4142308629404348, "addFlags(I)V\n": 0.4317966042832446, "b(Z)V\n": 0.392025864415051, "getIntExtra(Ljava/lang/String;I)I\n": 0.4187333723202222, "runOnUiThread(Ljava/lang/Runnable;)V\n": 0.37450710217471644, "getName()Ljava/lang/String;\n": 0.38946706135160447, "setOrientation(I)V\n": 0.44315967281701424, "getWindowManager()Landroid/view/WindowManager;\n": 0.4147520014825902, "setVideoURI(Landroid/net/Uri;)V\n": 0.41245376769022135, "createInstance(Landroid/content/Context;)Landroid/webkit/CookieSyncManager;\n": 0.42773839107979683, "getHeight()I\n": 0.41759276861603256, "b()Z\n": 0.39486663154849344, "addView(Landroid/view/View;)V\n": 0.41191123434914784, "addRule(II)V\n": 0.4883278881297773, "getExtras()Landroid/os/Bundle;\n": 0.38208317944800263, "getClass()Ljava/lang/Class;\n": 0.3924653925812662, "destroy()V\n": 0.4862710130170322, "setBackgroundDrawable(Landroid/graphics/drawable/Drawable;)V\n": 0.38046204259202987, "f()V\n": 0.41225356363578386, "setResult(ILandroid/content/Intent;)V\n": 0.39171831604149815, "k()V\n": 0.37821078790213614, "setOnPreparedListener(Landroid/media/MediaPlayer$OnPreparedListener;)V\n": 0.44742082351717777, "getCurrentPosition()I\n": 0.39801130552595904, "ordinal()I\n": 0.37267722152674865, "setLayoutParams(Landroid/view/ViewGroup$LayoutParams;)V\n": 0.4048093165155418, "b(Ljava/lang/String;)V\n": 0.37821078790213614, "setOnErrorListener(Landroid/media/MediaPlayer$OnErrorListener;)V\n": 0.40072333480107286, "setOnTouchListener(Landroid/view/View$OnTouchListener;)V\n": 0.39486663154849344, "putSerializable(Ljava/lang/String;Ljava/io/Serializable;)V\n": 0.3781787404313313, "<init>(FF)V\n": 0.38219137814040516, "isPlaying()Z\n": 0.37275455398879026, "c(Ljava/lang/String;Ljava/lang/Throwable;)V\n": 0.4075518464842502, "a(Z)V\n": 0.44124591921915884, "onWindowFocusChanged(Z)V\n": 0.4457484285989462, "pause()V\n": 0.44261480849413887, "setTextSize(F)V\n": 0.3781787404313313, "c()V\n": 0.3984720801111791, "setFlags(II)V\n": 0.37640164518111785, "unregisterReceiver(Landroid/content/BroadcastReceiver;)V\n": 0.37267722152674865}