{"getText()Ljava/lang/CharSequence;\n": 0.5071017365739778, "setFocusable(Z)V\n": 0.48762230914348415, "getByteArrayExtra(Ljava/lang/String;)[B\n": 0.5361861480555113, "valueOf(Ljava/lang/Object;)Ljava/lang/String;\n": 0.44681506080002786, "get(I)I\n": 0.5177845138327718, "format(Ljava/lang/String;[Ljava/lang/Object;)Ljava/lang/String;\n": 0.44756673294017435, "doubleValue()D\n": 0.542524962697046, "replaceAll(Ljava/lang/String;Ljava/lang/String;)Ljava/lang/String;\n": 0.4675141726839591, "setClickable(Z)V\n": 0.583365097096247, "surfaceChanged(Landroid/view/SurfaceHolder;III)V\n": 0.47328214580062633, "getIdentifier(Ljava/lang/String;Ljava/lang/String;Ljava/lang/String;)I\n": 0.46364086337763527, "show()Landroid/app/AlertDialog;\n": 0.46500439785992137, "getText()Landroid/text/Editable;\n": 0.50278600518604, "setResult(ILandroid/content/Intent;)V\n": 0.45372457204951283, "setTextColor(I)V\n": 0.45919184288667236, "split(Ljava/lang/String;)[Ljava/lang/String;\n": 0.46500439785992137, "setSelection(I)V\n": 0.4582697174964837, "format(Ljava/util/Date;)Ljava/lang/String;\n": 0.48389520152298066, "getBytes()[B\n": 0.49299100116701455, "getInstance()Ljava/util/Calendar;\n": 0.5221729540441931, "charAt(I)C\n": 0.45322196757139627, "substring(II)Ljava/lang/String;\n": 0.46209812037329684, "valueOf(D)Ljava/lang/Double;\n": 0.453674425636166, "<init>(Landroid/app/Activity;)V\n": 0.4555012959719152, "getColor(I)I\n": 0.44537904495031705, "getBooleanExtra(Ljava/lang/String;Z)Z\n": 0.45372457204951283, "surfaceCreated(Landroid/view/SurfaceHolder;)V\n": 0.47328214580062633, "addTextChangedListener(Landroid/text/TextWatcher;)V\n": 0.4995891182543633, "parseDouble(Ljava/lang/String;)D\n": 0.5396695183609719, "add(II)V\n": 0.4850811431173588, "setAdapter(Landroid/widget/SpinnerAdapter;)V\n": 0.4446604554535498, "addCallback(Landroid/view/SurfaceHolder$Callback;)V\n": 0.4584663647158099, "getPackageInfo(Ljava/lang/String;I)Landroid/content/pm/PackageInfo;\n": 0.4622494633196473, "setType(I)V\n": 0.5123447280310578, "valueOf(I)Ljava/lang/String;\n": 0.46791067534654585, "isChecked()Z\n": 0.5071017365739778, "getTime()Ljava/util/Date;\n": 0.46500439785992137, "trim()Ljava/lang/String;\n": 0.5499756388401643, "substring(I)Ljava/lang/String;\n": 0.510858045733785, "surfaceDestroyed(Landroid/view/SurfaceHolder;)V\n": 0.47328214580062633}