{"setFocusable(Z)V\n": 0.48762230914348415, "a(Ljava/lang/String;Ljava/lang/String;)V\n": 0.40535799330311806, "setText(I)V\n": 0.4388479004803008, "setSelection(I)V\n": 0.4582697174964837, "getPackageManager()Landroid/content/pm/PackageManager;\n": 0.4376023791340479, "setChecked(Z)V\n": 0.4388479004803008, "getApplication()Landroid/app/Application;\n": 0.4282192442180257, "setEnabled(Z)V\n": 0.421480186218583, "<init>(Landroid/app/Activity;)V\n": 0.4555012959719152, "getColor(I)I\n": 0.44537904495031705, "clear()V\n": 0.3915389708041481, "setFocusableInTouchMode(Z)V\n": 0.393866172459645, "setNegativeButton(Ljava/lang/CharSequence;Landroid/content/DialogInterface$OnClickListener;)Landroid/app/AlertDialog$Builder;\n": 0.3778160732611861, "addCallback(Landroid/view/SurfaceHolder$Callback;)V\n": 0.4584663647158099, "getHolder()Landroid/view/SurfaceHolder;\n": 0.4301290680204273, "setType(I)V\n": 0.5123447280310578, "putExtra(Ljava/lang/String;[B)Landroid/content/Intent;\n": 0.4057862694872003, "valueOf(I)Ljava/lang/String;\n": 0.46791067534654585, "hideSoftInputFromWindow(Landroid/os/IBinder;I)Z\n": 0.4120270965504961, "substring(I)Ljava/lang/String;\n": 0.510858045733785, "surfaceDestroyed(Landroid/view/SurfaceHolder;)V\n": 0.47328214580062633, "length()I\n": 0.3938005994376209, "b()V\n": 0.38002311872167316, "get(I)I\n": 0.5177845138327718, "onNewIntent(Landroid/content/Intent;)V\n": 0.38944118320768417, "replaceAll(Ljava/lang/String;Ljava/lang/String;)Ljava/lang/String;\n": 0.4675141726839591, "setClickable(Z)V\n": 0.583365097096247, "getIdentifier(Ljava/lang/String;Ljava/lang/String;Ljava/lang/String;)I\n": 0.46364086337763527, "getText()Landroid/text/Editable;\n": 0.50278600518604, "a(I)V\n": 0.3846455388207284, "setResult(I)V\n": 0.38462945955466316, "getSimpleName()Ljava/lang/String;\n": 0.38127145514686234, "setTitle(Ljava/lang/CharSequence;)Landroid/app/AlertDialog$Builder;\n": 0.41457067496909805, "format(Ljava/util/Date;)Ljava/lang/String;\n": 0.48389520152298066, "contains(Ljava/lang/CharSequence;)Z\n": 0.41559768058730473, "getWindowToken()Landroid/os/IBinder;\n": 0.4038681441435556, "getInstance()Ljava/util/Calendar;\n": 0.5221729540441931, "getBooleanExtra(Ljava/lang/String;Z)Z\n": 0.45372457204951283, "valueOf(D)Ljava/lang/Double;\n": 0.453674425636166, "getStringExtra(Ljava/lang/String;)Ljava/lang/String;\n": 0.3879880444643719, "indexOf(Ljava/lang/String;)I\n": 0.42286337430386595, "getBaseContext()Landroid/content/Context;\n": 0.41414454184399246, "parseDouble(Ljava/lang/String;)D\n": 0.5396695183609719, "getLayoutParams()Landroid/view/ViewGroup$LayoutParams;\n": 0.44200496127645106, "append(C)Ljava/lang/StringBuilder;\n": 0.3928156612215584, "replace(Ljava/lang/CharSequence;Ljava/lang/CharSequence;)Ljava/lang/String;\n": 0.39234746069430865, "getTime()Ljava/util/Date;\n": 0.46500439785992137, "getId()I\n": 0.38462945955466316, "getPackageName()Ljava/lang/String;\n": 0.4445118903835329, "getLayoutInflater()Landroid/view/LayoutInflater;\n": 0.401925080099375, "setOnCheckedChangeListener(Landroid/widget/CompoundButton$OnCheckedChangeListener;)V\n": 0.41414454184399246, "format(Ljava/lang/String;[Ljava/lang/Object;)Ljava/lang/String;\n": 0.44756673294017435, "surfaceChanged(Landroid/view/SurfaceHolder;III)V\n": 0.47328214580062633, "setFilters([Landroid/text/InputFilter;)V\n": 0.4130803720787686, "setTextColor(I)V\n": 0.45919184288667236, "booleanValue()Z\n": 0.38072235074781063, "getBytes()[B\n": 0.49299100116701455, "getIntExtra(Ljava/lang/String;I)I\n": 0.4445118903835329, "getName()Ljava/lang/String;\n": 0.412267504552603, "setOnItemClickListener(Landroid/widget/AdapterView$OnItemClickListener;)V\n": 0.40766116371961303, "addTextChangedListener(Landroid/text/TextWatcher;)V\n": 0.4995891182543633, "putExtra(Ljava/lang/String;Ljava/io/Serializable;)Landroid/content/Intent;\n": 0.3793872251405315, "setCancelable(Z)V\n": 0.4352567939287189, "add(II)V\n": 0.4850811431173588, "setOnFocusChangeListener(Landroid/view/View$OnFocusChangeListener;)V\n": 0.4428258190481601, "setAdapter(Landroid/widget/SpinnerAdapter;)V\n": 0.4446604554535498, "getPackageInfo(Ljava/lang/String;I)Landroid/content/pm/PackageInfo;\n": 0.4622494633196473, "setOnItemSelectedListener(Landroid/widget/AdapterView$OnItemSelectedListener;)V\n": 0.423783356635078, "getHeight()I\n": 0.40397257064080666, "getDrawable(I)Landroid/graphics/drawable/Drawable;\n": 0.41269140310068025, "<init>(Landroid/content/Context;Ljava/lang/String;)V\n": 0.39583223820862007, "trim()Ljava/lang/String;\n": 0.5499756388401643, "hasExtra(Ljava/lang/String;)Z\n": 0.4131940075787967, "getStringArray(I)[Ljava/lang/String;\n": 0.38755023932967453, "getText()Ljava/lang/CharSequence;\n": 0.5071017365739778, "doubleValue()D\n": 0.542524962697046, "getByteArrayExtra(Ljava/lang/String;)[B\n": 0.5361861480555113, "valueOf(Ljava/lang/Object;)Ljava/lang/String;\n": 0.44681506080002786, "getClass()Ljava/lang/Class;\n": 0.42176045923325484, "show()Landroid/app/AlertDialog;\n": 0.46500439785992137, "parseInt(Ljava/lang/String;)I\n": 0.419177015802088, "<init>([B)V\n": 0.4301290680204273, "f()V\n": 0.3778973714729963, "setInputType(I)V\n": 0.4315439658490359, "setResult(ILandroid/content/Intent;)V\n": 0.45372457204951283, "getBoolean(Ljava/lang/String;Z)Z\n": 0.416873845385593, "split(Ljava/lang/String;)[Ljava/lang/String;\n": 0.46500439785992137, "requestFocus()Z\n": 0.4417541779669253, "setOnEditorActionListener(Landroid/widget/TextView$OnEditorActionListener;)V\n": 0.4006594606257984, "isChecked()Z\n": 0.5071017365739778, "ordinal()I\n": 0.4352567939287189, "substring(II)Ljava/lang/String;\n": 0.46209812037329684, "fromHtml(Ljava/lang/String;)Landroid/text/Spanned;\n": 0.37939128692273405, "getVisibility()I\n": 0.38127145514686234, "surfaceCreated(Landroid/view/SurfaceHolder;)V\n": 0.47328214580062633, "b(I)V\n": 0.3777199483051782, "charAt(I)C\n": 0.45322196757139627, "getSerializable(Ljava/lang/String;)Ljava/io/Serializable;\n": 0.38944118320768417, "append(Ljava/lang/String;)Ljava/lang/StringBuffer;\n": 0.38037602405418885, "setMessage(Ljava/lang/CharSequence;)Landroid/app/AlertDialog$Builder;\n": 0.4376023791340479}