{"getText()Ljava/lang/CharSequence;\n": 0.5071017365739778, "setFocusable(Z)V\n": 0.48762230914348415, "getByteArrayExtra(Ljava/lang/String;)[B\n": 0.5361861480555113, "get(I)I\n": 0.5177845138327718, "doubleValue()D\n": 0.542524962697046, "replaceAll(Ljava/lang/String;Ljava/lang/String;)Ljava/lang/String;\n": 0.4675141726839591, "setClickable(Z)V\n": 0.583365097096247, "surfaceChanged(Landroid/view/SurfaceHolder;III)V\n": 0.47328214580062633, "show()Landroid/app/AlertDialog;\n": 0.46500439785992137, "getText()Landroid/text/Editable;\n": 0.50278600518604, "split(Ljava/lang/String;)[Ljava/lang/String;\n": 0.46500439785992137, "format(Ljava/util/Date;)Ljava/lang/String;\n": 0.48389520152298066, "getBytes()[B\n": 0.49299100116701455, "getInstance()Ljava/util/Calendar;\n": 0.5221729540441931, "surfaceCreated(Landroid/view/SurfaceHolder;)V\n": 0.47328214580062633, "addTextChangedListener(Landroid/text/TextWatcher;)V\n": 0.4995891182543633, "parseDouble(Ljava/lang/String;)D\n": 0.5396695183609719, "add(II)V\n": 0.4850811431173588, "setType(I)V\n": 0.5123447280310578, "valueOf(I)Ljava/lang/String;\n": 0.46791067534654585, "isChecked()Z\n": 0.5071017365739778, "getTime()Ljava/util/Date;\n": 0.46500439785992137, "trim()Ljava/lang/String;\n": 0.5499756388401643, "substring(I)Ljava/lang/String;\n": 0.510858045733785, "surfaceDestroyed(Landroid/view/SurfaceHolder;)V\n": 0.47328214580062633}