{"b(Ljava/lang/String;Ljava/lang/Throwable;)V\n": 0.37677294876909884, "onAuthClientCompleted(Lcom/facebook/AuthorizationClient$Result;)V\n": 0.37380169158002075, "stopLoading()V\n": 0.4084103719481835, "b()I\n": 0.3825252075289325, "b(Landroid/webkit/WebView;)V\n": 0.4207244335408644, "c()Ljava/util/HashMap;\n": 0.41070718512322474, "get(I)I\n": 0.4328151218536478, "t()V\n": 0.4239015884871533, "a(Landroid/webkit/WebView;)V\n": 0.430741681958504, "destroy()V\n": 0.403432313473559, "addView(Landroid/view/View;ILandroid/view/ViewGroup$LayoutParams;)V\n": 0.430741681958504, "applyDimension(IFLandroid/util/DisplayMetrics;)F\n": 0.41416263070801707, "s()V\n": 0.3925916603586412, "setResult(ILandroid/content/Intent;)V\n": 0.3692431343656303, "set(II)V\n": 0.38733360548206563, "getParent()Landroid/view/ViewParent;\n": 0.3692431343656303, "setKeepScreenOn(Z)V\n": 0.37063819145266624, "setBackgroundProcessingListener(Lcom/facebook/AuthorizationClient$BackgroundProcessingListener;)V\n": 0.37836024879441127, "loadDataWithBaseURL(Ljava/lang/String;Ljava/lang/String;Ljava/lang/String;Ljava/lang/String;Ljava/lang/String;)V\n": 0.37608097018721603, "getInstance()Ljava/util/Calendar;\n": 0.4239015884871533, "a(Ljava/lang/String;Ljava/lang/Throwable;)V\n": 0.41738535073498456, "getBundleExtra(Ljava/lang/String;)Landroid/os/Bundle;\n": 0.4486761832670185, "b()Lcom/google/ads/AdActivity;\n": 0.38660370290397866, "putSerializable(Ljava/lang/String;Ljava/io/Serializable;)V\n": 0.37173432971536413, "putExtras(Landroid/os/Bundle;)Landroid/content/Intent;\n": 0.37836024879441127, "onWindowFocusChanged(Z)V\n": 0.41482870650953524, "populateIntentExtras(Lcom/facebook/AuthorizationClient$AuthorizationRequest;)Landroid/os/Bundle;\n": 0.37836024879441127, "<init>(Landroid/os/Bundle;)V\n": 0.430741681958504, "isFinishing()Z\n": 0.4171079851167305, "loadUrl(Ljava/lang/String;)V\n": 0.3782110134590572, "setContext(Landroid/app/Activity;)V\n": 0.37836024879441127, "b()Ljava/lang/String;\n": 0.3897566418303875, "elapsedRealtime()J\n": 0.42566714822768426, "setDataAndType(Landroid/net/Uri;Ljava/lang/String;)Landroid/content/Intent;\n": 0.388277466288766, "b()V\n": 0.3692431343656303, "cancelCurrentHandler()V\n": 0.37836024879441127, "setContentView(Landroid/view/View;Landroid/view/ViewGroup$LayoutParams;)V\n": 0.3710206900092653, "setOnCompletedListener(Lcom/facebook/AuthorizationClient$OnCompletedListener;)V\n": 0.37836024879441127, "startOrContinueAuth(Lcom/facebook/AuthorizationClient$AuthorizationRequest;)V\n": 0.37836024879441127, "addView(Landroid/view/View;)V\n": 0.3681445606293485}