{"stopLoading()V\n": 0.4084103719481835, "c()Ljava/util/HashMap;\n": 0.41070718512322474, "setJavaScriptEnabled(Z)V\n": 0.3624052985440445, "getSupportFragmentManager()Landroid/support/v4/app/FragmentManager;\n": 0.3365071374502639, "getCallingPackage()Ljava/lang/String;\n": 0.36239230186951493, "removeView(Landroid/view/View;)V\n": 0.33277467665050625, "s()V\n": 0.3925916603586412, "a(Lcom/google/ads/AdActivity;)V\n": 0.35372044919608236, "e()V\n": 0.3373332338648968, "setText(I)V\n": 0.3336310080703471, "getParent()Landroid/view/ViewParent;\n": 0.3692431343656303, "<init>(Landroid/app/Activity;)V\n": 0.323891032170348, "d(Ljava/lang/String;Ljava/lang/String;)I\n": 0.34801165496993103, "setLayoutParams(Landroid/view/ViewGroup$LayoutParams;)V\n": 0.32644068462055514, "d(Ljava/lang/String;)V\n": 0.35100890550806824, "valueOf(I)Ljava/lang/String;\n": 0.35376391372976457, "setDataAndType(Landroid/net/Uri;Ljava/lang/String;)Landroid/content/Intent;\n": 0.388277466288766, "setContentView(Landroid/view/View;Landroid/view/ViewGroup$LayoutParams;)V\n": 0.3710206900092653, "getString(I[Ljava/lang/Object;)Ljava/lang/String;\n": 0.35526990273209036, "b(Ljava/lang/String;Ljava/lang/Throwable;)V\n": 0.37677294876909884, "getDefault()Ljava/util/Locale;\n": 0.3365071374502639, "<init>(J)V\n": 0.3333173926918897, "b()I\n": 0.3825252075289325, "b()Ljava/lang/String;\n": 0.3897566418303875, "b()V\n": 0.3692431343656303, "get(I)I\n": 0.4328151218536478, "t()V\n": 0.4239015884871533, "u()V\n": 0.3336310080703471, "a()Ljava/lang/Object;\n": 0.32700979683294684, "setTitle(Ljava/lang/CharSequence;)V\n": 0.3282161194361158, "getText()Landroid/text/Editable;\n": 0.3336310080703471, "setTitle(I)V\n": 0.33827824004098134, "applyDimension(IFLandroid/util/DisplayMetrics;)F\n": 0.41416263070801707, "getLong(Ljava/lang/String;)J\n": 0.33827824004098134, "setMargins(IIII)V\n": 0.34417106968648253, "format(Ljava/util/Date;)Ljava/lang/String;\n": 0.3365071374502639, "putExtra(Ljava/lang/String;J)Landroid/content/Intent;\n": 0.3372473633938675, "putExtra(Ljava/lang/String;Landroid/os/Bundle;)Landroid/content/Intent;\n": 0.33946380588412034, "getInstance()Ljava/util/Calendar;\n": 0.4239015884871533, "a(Ljava/lang/String;Ljava/lang/Throwable;)V\n": 0.41738535073498456, "b()Lcom/google/ads/AdActivity;\n": 0.38660370290397866, "getBooleanExtra(Ljava/lang/String;Z)Z\n": 0.35556746272245876, "h()V\n": 0.3336310080703471, "populateIntentExtras(Lcom/facebook/AuthorizationClient$AuthorizationRequest;)Landroid/os/Bundle;\n": 0.37836024879441127, "<init>(Lcom/facebook/LoginActivity;)V\n": 0.36239230186951493, "loadUrl(Ljava/lang/String;)V\n": 0.3782110134590572, "getSerializableExtra(Ljava/lang/String;)Ljava/io/Serializable;\n": 0.33938326683018066, "elapsedRealtime()J\n": 0.42566714822768426, "addRule(I)V\n": 0.3601260199368493, "setData(Landroid/net/Uri;)Landroid/content/Intent;\n": 0.34417106968648253, "getPackageName()Ljava/lang/String;\n": 0.3624052985440445, "setGravity(I)V\n": 0.32500261993059676, "format(Ljava/lang/String;[Ljava/lang/Object;)Ljava/lang/String;\n": 0.3422593962100975, "a(Landroid/webkit/WebView;)V\n": 0.430741681958504, "addView(Landroid/view/View;II)V\n": 0.3336310080703471, "d()V\n": 0.3236575622217253, "<init>(III)V\n": 0.3339082805879876, "set(II)V\n": 0.38733360548206563, "e(Ljava/lang/String;)V\n": 0.35556746272245876, "getRootView()Landroid/view/View;\n": 0.32712621014952037, "loadDataWithBaseURL(Ljava/lang/String;Ljava/lang/String;Ljava/lang/String;Ljava/lang/String;Ljava/lang/String;)V\n": 0.37608097018721603, "getIntExtra(Ljava/lang/String;I)I\n": 0.32593684082892055, "getName()Ljava/lang/String;\n": 0.366963855758435, "getBundleExtra(Ljava/lang/String;)Landroid/os/Bundle;\n": 0.4486761832670185, "isFinishing()Z\n": 0.4171079851167305, "onActivityResult(IILandroid/content/Intent;)Z\n": 0.3580781077996398, "add(II)V\n": 0.35372044919608236, "setWebViewClient(Landroid/webkit/WebViewClient;)V\n": 0.3422593962100975, "valueOf(Ljava/lang/Object;)Ljava/lang/String;\n": 0.33277467665050625, "a()I\n": 0.3236575622217253, "cancelCurrentHandler()V\n": 0.37836024879441127, "putString(Ljava/lang/String;Ljava/lang/String;)V\n": 0.33277467665050625, "setOnCompletedListener(Lcom/facebook/AuthorizationClient$OnCompletedListener;)V\n": 0.37836024879441127, "b()Z\n": 0.3508877843498478, "addView(Landroid/view/View;)V\n": 0.3681445606293485, "getStringArray(I)[Ljava/lang/String;\n": 0.3431584287753146, "onAuthClientCompleted(Lcom/facebook/AuthorizationClient$Result;)V\n": 0.37380169158002075, "b(Landroid/webkit/WebView;)V\n": 0.4207244335408644, "getExtras()Landroid/os/Bundle;\n": 0.35520197841972295, "getClass()Ljava/lang/Class;\n": 0.350603694617387, "destroy()V\n": 0.403432313473559, "addView(Landroid/view/View;ILandroid/view/ViewGroup$LayoutParams;)V\n": 0.430741681958504, "parseInt(Ljava/lang/String;)I\n": 0.35556746272245876, "setContext(Landroid/app/Activity;)V\n": 0.37836024879441127, "setResult(ILandroid/content/Intent;)V\n": 0.3692431343656303, "setKeepScreenOn(Z)V\n": 0.37063819145266624, "setBackgroundProcessingListener(Lcom/facebook/AuthorizationClient$BackgroundProcessingListener;)V\n": 0.37836024879441127, "setBackgroundColor(I)V\n": 0.35520197841972295, "b(Ljava/lang/String;)V\n": 0.366963855758435, "putSerializable(Ljava/lang/String;Ljava/io/Serializable;)V\n": 0.37173432971536413, "setBackgroundDrawable(Landroid/graphics/drawable/Drawable;)V\n": 0.3282161194361158, "a(Z)V\n": 0.33961251247209207, "onWindowFocusChanged(Z)V\n": 0.41482870650953524, "<init>(Landroid/os/Bundle;)V\n": 0.430741681958504, "putExtras(Landroid/os/Bundle;)Landroid/content/Intent;\n": 0.37836024879441127, "startOrContinueAuth(Lcom/facebook/AuthorizationClient$AuthorizationRequest;)V\n": 0.37836024879441127, "create()Landroid/app/AlertDialog;\n": 0.35100890550806824, "append(I)Ljava/lang/StringBuilder;\n": 0.36670649593939014, "<init>(Ljava/lang/String;Ljava/lang/String;)V\n": 0.3422593962100975, "getSerializable(Ljava/lang/String;)Ljava/io/Serializable;\n": 0.33938326683018066}