{"cancel()V\n": 0.3793872251405315, "setJavaScriptEnabled(Z)V\n": 0.40996433413610806, "isEmpty(Ljava/lang/CharSequence;)Z\n": 0.41559768058730473, "e()V\n": 0.3662040962227032, "getPackageManager()Landroid/content/pm/PackageManager;\n": 0.3869326299711581, "postDelayed(Ljava/lang/Runnable;J)Z\n": 0.3731136074721882, "post(Ljava/lang/Runnable;)Z\n": 0.3778973714729963, "setFlags(I)Landroid/content/Intent;\n": 0.4010662931541822, "putInt(Ljava/lang/String;I)V\n": 0.3778160732611861, "clear()V\n": 0.38002311872167316, "d(Ljava/lang/String;Ljava/lang/String;)I\n": 0.3836286282344351, "<init>(IIF)V\n": 0.3731136074721882, "setId(I)V\n": 0.3836286282344351, "valueOf(I)Ljava/lang/String;\n": 0.38944118320768417, "setContentView(Landroid/view/View;Landroid/view/ViewGroup$LayoutParams;)V\n": 0.4330353455070518, "substring(II)Ljava/lang/String;\n": 0.3865349057210596, "getDefaultDisplay()Landroid/view/Display;\n": 0.3615977553897133, "dismiss()V\n": 0.36850726663919825, "onNewIntent(Landroid/content/Intent;)V\n": 0.37490979577456157, "replaceAll(Ljava/lang/String;Ljava/lang/String;)Ljava/lang/String;\n": 0.3720005245012148, "currentTimeMillis()J\n": 0.3720035182879371, "startsWith(Ljava/lang/String;)Z\n": 0.38944118320768417, "execute([Ljava/lang/Object;)Landroid/os/AsyncTask;\n": 0.40996433413610806, "putString(Ljava/lang/String;Ljava/lang/String;)V\n": 0.4399055495505429, "getText()Landroid/text/Editable;\n": 0.4359416229936763, "getSimpleName()Ljava/lang/String;\n": 0.36440103677753216, "setTitle(Ljava/lang/CharSequence;)Landroid/app/AlertDialog$Builder;\n": 0.38923580038765315, "contains(Ljava/lang/CharSequence;)Z\n": 0.40978512561405567, "getMetrics(Landroid/util/DisplayMetrics;)V\n": 0.36777512045139815, "setData(Landroid/net/Uri;)Landroid/content/Intent;\n": 0.3662040962227032, "getStringExtra(Ljava/lang/String;)Ljava/lang/String;\n": 0.3865349057210596, "getBooleanExtra(Ljava/lang/String;Z)Z\n": 0.41457067496909805, "makeText(Landroid/content/Context;Ljava/lang/CharSequence;I)Landroid/widget/Toast;\n": 0.421480186218583, "populateIntentExtras(Lcom/facebook/AuthorizationClient$AuthorizationRequest;)Landroid/os/Bundle;\n": 0.4698467649649778, "isFinishing()Z\n": 0.3823262891381682, "loadUrl(Ljava/lang/String;)V\n": 0.3734566570312493, "getSerializableExtra(Ljava/lang/String;)Ljava/io/Serializable;\n": 0.4330353455070518, "getData()Landroid/net/Uri;\n": 0.3754167778886832, "overridePendingTransition(II)V\n": 0.4282192442180257, "containsKey(Ljava/lang/Object;)Z\n": 0.3716961261227286, "getConfiguration()Landroid/content/res/Configuration;\n": 0.39476778984232647, "getPackageName()Ljava/lang/String;\n": 0.3984484820536331, "containsKey(Ljava/lang/String;)Z\n": 0.3906561526199533, "format(Ljava/lang/String;[Ljava/lang/Object;)Ljava/lang/String;\n": 0.3661909633146881, "setImageBitmap(Landroid/graphics/Bitmap;)V\n": 0.41269140310068025, "registerReceiver(Landroid/content/BroadcastReceiver;Landroid/content/IntentFilter;)Landroid/content/Intent;\n": 0.36777512045139815, "notifyDataSetChanged()V\n": 0.3632846858280636, "ordinal()I\n": 0.3610269531036661, "append(Z)Ljava/lang/StringBuilder;\n": 0.3846455388207284, "setTextColor(I)V\n": 0.41269140310068025, "booleanValue()Z\n": 0.3778160732611861, "addFlags(I)V\n": 0.3836286282344351, "getIntExtra(Ljava/lang/String;I)I\n": 0.45372457204951283, "runOnUiThread(Ljava/lang/Runnable;)V\n": 0.3718746068209171, "getName()Ljava/lang/String;\n": 0.4698467649649778, "setOnItemClickListener(Landroid/widget/AdapterView$OnItemClickListener;)V\n": 0.42608652705157296, "<init>(Lcom/facebook/LoginActivity;)V\n": 0.4620981203732968, "setOrientation(I)V\n": 0.3865349057210596, "startAnimation(Landroid/view/animation/Animation;)V\n": 0.3846455388207284, "putExtra(Ljava/lang/String;Ljava/io/Serializable;)Landroid/content/Intent;\n": 0.3756309159807243, "onActivityResult(IILandroid/content/Intent;)Z\n": 0.4490198716834865, "getCallingPackage()Ljava/lang/String;\n": 0.4533792879134233, "b()V\n": 0.36390092580620825, "cancelCurrentHandler()V\n": 0.4698467649649778, "getHeight()I\n": 0.3778160732611861, "setOnCompletedListener(Lcom/facebook/AuthorizationClient$OnCompletedListener;)V\n": 0.4698467649649778, "canGoBack()Z\n": 0.401925080099375, "trim()Ljava/lang/String;\n": 0.3846455388207284, "addRule(II)V\n": 0.3831435343003388, "hasExtra(Ljava/lang/String;)Z\n": 0.3793872251405315, "onAuthClientCompleted(Lcom/facebook/AuthorizationClient$Result;)V\n": 0.4698467649649778, "goBack()V\n": 0.40943769841898947, "hide()V\n": 0.3731136074721882, "valueOf(Ljava/lang/Object;)Ljava/lang/String;\n": 0.36850726663919825, "getExtras()Landroid/os/Bundle;\n": 0.3908943219509964, "e(Ljava/lang/String;Ljava/lang/String;)I\n": 0.412267504552603, "show()Landroid/app/AlertDialog;\n": 0.38072235074781063, "setContext(Landroid/app/Activity;)V\n": 0.4698467649649778, "setResult(ILandroid/content/Intent;)V\n": 0.49978798037941263, "getClass()Ljava/lang/Class;\n": 0.3913937061684604, "<init>(Landroid/app/Activity;)V\n": 0.42176045923325484, "putBoolean(Ljava/lang/String;Z)V\n": 0.3981418735161925, "getBoolean(Ljava/lang/String;Z)Z\n": 0.3961453116371381, "split(Ljava/lang/String;)[Ljava/lang/String;\n": 0.3661909633146881, "setBackgroundProcessingListener(Lcom/facebook/AuthorizationClient$BackgroundProcessingListener;)V\n": 0.4698467649649778, "loadAnimation(Landroid/content/Context;I)Landroid/view/animation/Animation;\n": 0.37055037954462483, "getTag()Ljava/lang/Object;\n": 0.363073382108853, "close()V\n": 0.36850726663919825, "setOnTouchListener(Landroid/view/View$OnTouchListener;)V\n": 0.4330353455070518, "putSerializable(Ljava/lang/String;Ljava/io/Serializable;)V\n": 0.4620260266562909, "setTypeface(Landroid/graphics/Typeface;)V\n": 0.3765233485399069, "c(Ljava/lang/String;Ljava/lang/Throwable;)V\n": 0.3681182976611098, "getSerializable(Ljava/lang/String;)Ljava/io/Serializable;\n": 0.41559768058730473, "f()V\n": 0.38127145514686234, "putExtras(Landroid/os/Bundle;)Landroid/content/Intent;\n": 0.3984484820536331, "startOrContinueAuth(Lcom/facebook/AuthorizationClient$AuthorizationRequest;)V\n": 0.4698467649649778, "create()Landroid/app/AlertDialog;\n": 0.3869326299711581, "append(I)Ljava/lang/StringBuilder;\n": 0.37490979577456157, "getId()I\n": 0.38002311872167316, "setMessage(Ljava/lang/CharSequence;)Landroid/app/AlertDialog$Builder;\n": 0.3961453116371381}