{"getStringExtra(Ljava/lang/String;)Ljava/lang/String;\n": 0.34583776524753107, "stopLoading()V\n": 0.40617541790773865, "requestLayout()V\n": 0.3914589172589075, "c()Ljava/util/HashMap;\n": 0.38271135072742934, "b(Lcom/google/ads/internal/d;)Lcom/google/ads/internal/d;\n": 0.3443661151826479, "removeView(Landroid/view/View;)V\n": 0.37553413689079757, "e()V\n": 0.4081892792291278, "getParent()Landroid/view/ViewParent;\n": 0.38019915722484476, "a(Lcom/google/ads/internal/d;Ljava/util/Map;ZZ)Lcom/google/ads/internal/i;\n": 0.3620259159612453, "removeMessages(I)V\n": 0.3497902127390263, "launchAdActivity(Lcom/google/ads/internal/d;Lcom/google/ads/internal/e;)V\n": 0.34878106537729725, "d(Ljava/lang/String;Ljava/lang/String;)I\n": 0.40617541790773865, "append(J)Ljava/lang/StringBuilder;\n": 0.3470413004684635, "newAdVideoView(IIII)V\n": 0.3676985207344435, "setBackgroundColor(I)V\n": 0.34142281505288175, "d(Ljava/lang/String;)V\n": 0.3708691165567504, "addCallback(Landroid/view/SurfaceHolder$Callback;)V\n": 0.3625408483918842, "getHolder()Landroid/view/SurfaceHolder;\n": 0.3885156171291413, "addAction(Ljava/lang/String;)V\n": 0.3498765250535381, "getOpeningAdWebView()Lcom/google/ads/internal/AdWebView;\n": 0.34878106537729725, "setMax(I)V\n": 0.35761096576659596, "setContentView(Landroid/view/View;Landroid/view/ViewGroup$LayoutParams;)V\n": 0.3502527154421804, "a(Lcom/google/ads/internal/d;)V\n": 0.34878106537729725, "setDataAndType(Landroid/net/Uri;Ljava/lang/String;)Landroid/content/Intent;\n": 0.41206201816727106, "b(Ljava/lang/String;Ljava/lang/Throwable;)V\n": 0.42383521868633595, "d(Z)V\n": 0.3519577600439752, "isShowing()Z\n": 0.3615390758886561, "b()I\n": 0.3826290168696089, "b()Ljava/lang/String;\n": 0.35920656572163245, "b()V\n": 0.3545415453875853, "v()V\n": 0.3485406944124803, "u()V\n": 0.3502527154421804, "a()Ljava/lang/Object;\n": 0.3718299647876395, "execute([Ljava/lang/Object;)Landroid/os/AsyncTask;\n": 0.36387158605567965, "registerReceiver(Landroid/content/BroadcastReceiver;Landroid/content/IntentFilter;)Landroid/content/Intent;\n": 0.39296254762191407, "applyDimension(IFLandroid/util/DisplayMetrics;)F\n": 0.37379911648031017, "setMargins(IIII)V\n": 0.38019915722484476, "a(Ljava/lang/String;Ljava/lang/Throwable;)V\n": 0.4066308101478937, "b()Lcom/google/ads/AdActivity;\n": 0.38802434365448324, "setProgress(I)V\n": 0.3800928528940315, "getExternalStorageDirectory()Ljava/io/File;\n": 0.3429098564152675, "getBooleanExtra(Ljava/lang/String;Z)Z\n": 0.3662040962227032, "makeText(Landroid/content/Context;Ljava/lang/CharSequence;I)Landroid/widget/Toast;\n": 0.36853660638972685, "h()V\n": 0.370855816350544, "getLayoutParams()Landroid/view/ViewGroup$LayoutParams;\n": 0.3451236287809854, "getAction()Ljava/lang/String;\n": 0.40617541790773865, "loadUrl(Ljava/lang/String;)V\n": 0.3473094153124142, "elapsedRealtime()J\n": 0.36791251622077775, "getData()Landroid/net/Uri;\n": 0.34754401488651454, "setOnSeekBarChangeListener(Landroid/widget/SeekBar$OnSeekBarChangeListener;)V\n": 0.3920941692934833, "<init>(Ljava/lang/Runnable;)V\n": 0.4070451448140167, "setIsExpandedMraid(Z)V\n": 0.3470413004684635, "exists()Z\n": 0.36519938226304305, "setData(Landroid/net/Uri;)Landroid/content/Intent;\n": 0.35220903522056174, "getConfiguration()Landroid/content/res/Configuration;\n": 0.3519577600439752, "getPath()Ljava/lang/String;\n": 0.3461785811035096, "a(Landroid/webkit/WebView;)V\n": 0.39296254762191407, "addView(Landroid/view/View;II)V\n": 0.344366115182648, "d()V\n": 0.34521150471949097, "a(Landroid/view/Window;)V\n": 0.35943563262805145, "<init>(Landroid/app/Activity;Lcom/google/ads/internal/AdWebView;)V\n": 0.3620259159612453, "e(Ljava/lang/String;)V\n": 0.3708691165567504, "getRootView()Landroid/view/View;\n": 0.35759106179922967, "a(Landroid/app/Activity;)Lcom/google/ads/internal/AdVideoView;\n": 0.3531960155719466, "addFlags(I)V\n": 0.37379911648031017, "b(Z)V\n": 0.3767424166100764, "getBundleExtra(Ljava/lang/String;)Landroid/os/Bundle;\n": 0.36791251622077775, "setOnItemClickListener(Landroid/widget/AdapterView$OnItemClickListener;)V\n": 0.3778666470578212, "isFinishing()Z\n": 0.4105217893961514, "getAdVideoView()Lcom/google/ads/internal/AdVideoView;\n": 0.34878106537729725, "a(Ljava/util/HashMap;Lcom/google/ads/internal/d;)V\n": 0.34878106537729725, "getWindowManager()Landroid/view/WindowManager;\n": 0.3473094153124142, "valueOf(Ljava/lang/Object;)Ljava/lang/String;\n": 0.34287899455246734, "getHeight()I\n": 0.3473094153124142, "b()Z\n": 0.38557231699937505, "addView(Landroid/view/View;)V\n": 0.3620259159612453, "a(IIII)Landroid/widget/RelativeLayout$LayoutParams;\n": 0.36356707668124744, "b()Ljava/lang/Object;\n": 0.3429098564152675, "moveAdVideoView(IIII)V\n": 0.3676985207344435, "b(Landroid/webkit/WebView;)V\n": 0.38612841635892425, "getExtras()Landroid/os/Bundle;\n": 0.370855816350544, "destroy()V\n": 0.4151868097301986, "addView(Landroid/view/View;ILandroid/view/ViewGroup$LayoutParams;)V\n": 0.38612841635892425, "setKeepScreenOn(Z)V\n": 0.4134649414108835, "setOnPreparedListener(Landroid/media/MediaPlayer$OnPreparedListener;)V\n": 0.3664408661558946, "addRule(I)V\n": 0.4221843402312694, "getCurrentPosition()I\n": 0.346192948089786, "setLayoutParams(Landroid/view/ViewGroup$LayoutParams;)V\n": 0.37379911648031017, "b(Ljava/lang/String;)V\n": 0.3895291978929391, "setOnTouchListener(Landroid/view/View$OnTouchListener;)V\n": 0.37968571673984264, "isPlaying()Z\n": 0.44976184406677755, "setRequestedOrientation(I)V\n": 0.344366115182648, "a(Z)V\n": 0.3895291978929391, "onWindowFocusChanged(Z)V\n": 0.36853660638972685, "getAction()I\n": 0.3429098564152675, "<init>(Landroid/os/Bundle;)V\n": 0.38271135072742934, "setAdActivity(Lcom/google/ads/AdActivity;)V\n": 0.3470413004684635, "pause()V\n": 0.4048815172132074, "create()Landroid/app/AlertDialog;\n": 0.38019915722484476, "unregisterReceiver(Landroid/content/BroadcastReceiver;)V\n": 0.39296254762191407}