{"b(Ljava/lang/String;Ljava/lang/Throwable;)V\n": 0.42383521868633595, "stopLoading()V\n": 0.40617541790773865, "requestLayout()V\n": 0.3914589172589075, "b()I\n": 0.3826290168696089, "b(Landroid/webkit/WebView;)V\n": 0.38612841635892425, "c()Ljava/util/HashMap;\n": 0.38271135072742934, "a(Landroid/webkit/WebView;)V\n": 0.39296254762191407, "b()Lcom/google/ads/AdActivity;\n": 0.38802434365448324, "setOnItemClickListener(Landroid/widget/AdapterView$OnItemClickListener;)V\n": 0.3778666470578212, "destroy()V\n": 0.4151868097301986, "addView(Landroid/view/View;ILandroid/view/ViewGroup$LayoutParams;)V\n": 0.38612841635892425, "registerReceiver(Landroid/content/BroadcastReceiver;Landroid/content/IntentFilter;)Landroid/content/Intent;\n": 0.39296254762191407, "removeView(Landroid/view/View;)V\n": 0.37553413689079757, "applyDimension(IFLandroid/util/DisplayMetrics;)F\n": 0.37379911648031017, "e()V\n": 0.4081892792291278, "getParent()Landroid/view/ViewParent;\n": 0.38019915722484476, "setKeepScreenOn(Z)V\n": 0.4134649414108835, "setMargins(IIII)V\n": 0.38019915722484476, "<init>(Ljava/lang/Runnable;)V\n": 0.4070451448140167, "addFlags(I)V\n": 0.37379911648031017, "setLayoutParams(Landroid/view/ViewGroup$LayoutParams;)V\n": 0.37379911648031017, "b(Z)V\n": 0.3767424166100764, "a(Ljava/lang/String;Ljava/lang/Throwable;)V\n": 0.4066308101478937, "b(Ljava/lang/String;)V\n": 0.3895291978929391, "setProgress(I)V\n": 0.3800928528940315, "getAction()Ljava/lang/String;\n": 0.40617541790773865, "setOnTouchListener(Landroid/view/View$OnTouchListener;)V\n": 0.37968571673984264, "isPlaying()Z\n": 0.44976184406677755, "d(Ljava/lang/String;Ljava/lang/String;)I\n": 0.40617541790773865, "a(Z)V\n": 0.3895291978929391, "<init>(Landroid/os/Bundle;)V\n": 0.38271135072742934, "isFinishing()Z\n": 0.4105217893961514, "getHolder()Landroid/view/SurfaceHolder;\n": 0.3885156171291413, "setDataAndType(Landroid/net/Uri;Ljava/lang/String;)Landroid/content/Intent;\n": 0.41206201816727106, "setOnSeekBarChangeListener(Landroid/widget/SeekBar$OnSeekBarChangeListener;)V\n": 0.3920941692934833, "create()Landroid/app/AlertDialog;\n": 0.38019915722484476, "addRule(I)V\n": 0.4221843402312694, "b()Z\n": 0.38557231699937505, "pause()V\n": 0.4048815172132074, "unregisterReceiver(Landroid/content/BroadcastReceiver;)V\n": 0.39296254762191407}