{"stopLoading()V\n": 0.3545658533681901, "requestLayout()V\n": 0.32840935598856946, "getMenuInflater()Landroid/view/MenuInflater;\n": 0.2673775287694548, "c()Ljava/util/HashMap;\n": 0.39476778984232647, "b(Lcom/google/ads/internal/d;)Lcom/google/ads/internal/d;\n": 0.31823738478538366, "setKeepScreenOn(Z)V\n": 0.3778973714729963, "setCustomClose(Z)V\n": 0.28480612261351934, "removeView(Landroid/view/View;)V\n": 0.29019947247836864, "e()V\n": 0.2717741091464087, "getParent()Landroid/view/ViewParent;\n": 0.3362628808082684, "a(Lcom/google/ads/internal/d;Ljava/util/Map;ZZ)Lcom/google/ads/internal/i;\n": 0.3269562172452572, "w()V\n": 0.2704542595061215, "launchAdActivity(Lcom/google/ads/internal/d;Lcom/google/ads/internal/e;)V\n": 0.31823738478538366, "a(IZ)Landroid/view/View;\n": 0.2896333450306976, "newAdVideoView(IIII)V\n": 0.35083495349844224, "onCreateOptionsMenu(Landroid/view/Menu;)Z\n": 0.28328996122888367, "d(Ljava/lang/String;)V\n": 0.30401849497733857, "r()Z\n": 0.30862483581032857, "setDataAndType(Landroid/net/Uri;Ljava/lang/String;)Landroid/content/Intent;\n": 0.360378408341439, "a(Lcom/google/ads/internal/d;)V\n": 0.31823738478538366, "getOpeningAdWebView()Lcom/google/ads/internal/AdWebView;\n": 0.31823738478538366, "a(Landroid/content/Intent;Ljava/lang/String;)V\n": 0.2761007388653334, "b(Ljava/lang/String;Ljava/lang/Throwable;)V\n": 0.39234746069430865, "length()I\n": 0.268830667512767, "d(Z)V\n": 0.2935452796263453, "isShowing()Z\n": 0.30862483581032857, "b()I\n": 0.3981600156675577, "b()Ljava/lang/String;\n": 0.3454755624742483, "t()V\n": 0.27332490563250733, "v()V\n": 0.2834230286047472, "u()V\n": 0.3661909633146881, "a()Ljava/lang/Object;\n": 0.33859652488803144, "applyDimension(IFLandroid/util/DisplayMetrics;)F\n": 0.3661909633146881, "getLong(Ljava/lang/String;)J\n": 0.27796687782573604, "getBoolean(Ljava/lang/String;)Z\n": 0.3132311766433185, "setMargins(IIII)V\n": 0.2763804499793987, "getDouble(Ljava/lang/String;)D\n": 0.2717741091464087, "a(Ljava/lang/String;Ljava/lang/Throwable;)V\n": 0.3846455388207284, "b()Lcom/google/ads/AdActivity;\n": 0.39816877093956776, "h()V\n": 0.29062774866245084, "isFinishing()Z\n": 0.33395971039177347, "loadUrl(Ljava/lang/String;)V\n": 0.3211436622720082, "i()Lcom/google/ads/n;\n": 0.26886261608611495, "m()Lcom/google/ads/internal/i;\n": 0.26886261608611495, "elapsedRealtime()J\n": 0.3632846858280636, "addRule(I)V\n": 0.3132311766433185, "setIsExpandedMraid(Z)V\n": 0.33451704868456117, "filterEquals(Landroid/content/Intent;)Z\n": 0.27145984220358915, "setData(Landroid/net/Uri;)Landroid/content/Intent;\n": 0.28559313164537864, "putExtra(Ljava/lang/String;D)Landroid/content/Intent;\n": 0.28559313164537864, "<init>(Lcom/google/ads/n;Lcom/google/ads/AdSize;)V\n": 0.2796171207295596, "a(Landroid/webkit/WebView;)V\n": 0.40151595719005856, "addView(Landroid/view/View;II)V\n": 0.360378408341439, "a(Landroid/view/Window;)V\n": 0.34675547729497197, "<init>(III)V\n": 0.32053794901727367, "<init>(Landroid/app/Activity;Lcom/google/ads/internal/AdWebView;)V\n": 0.33131563347519394, "e(Ljava/lang/String;)V\n": 0.2994121541443486, "getRootView()Landroid/view/View;\n": 0.3230425877434229, "addFlags(I)Landroid/content/Intent;\n": 0.26947093872991373, "a(Landroid/app/Activity;)Lcom/google/ads/internal/AdVideoView;\n": 0.32259680101532046, "loadDataWithBaseURL(Ljava/lang/String;Ljava/lang/String;Ljava/lang/String;Ljava/lang/String;Ljava/lang/String;)V\n": 0.32935336955878347, "b(Z)V\n": 0.3400344659350675, "a()I\n": 0.3270501991422885, "d()Lcom/google/ads/internal/d;\n": 0.26886261608611495, "getBundleExtra(Ljava/lang/String;)Landroid/os/Bundle;\n": 0.3516595758815655, "setOnItemClickListener(Landroid/widget/AdapterView$OnItemClickListener;)V\n": 0.2809867908123887, "getAdVideoView()Lcom/google/ads/internal/AdVideoView;\n": 0.31823738478538366, "a(Ljava/util/HashMap;Lcom/google/ads/internal/d;)V\n": 0.31823738478538366, "names()Lorg/json/JSONArray;\n": 0.27145984220358915, "a(Lcom/google/ads/internal/AdWebView;ZIZZ)V\n": 0.29928778986505417, "o()I\n": 0.31859667953376736, "m()I\n": 0.3153590519666032, "setWebViewClient(Landroid/webkit/WebViewClient;)V\n": 0.2891746099191386, "b()Z\n": 0.3458470209083165, "addView(Landroid/view/View;)V\n": 0.3080654135821979, "a(IIII)Landroid/widget/RelativeLayout$LayoutParams;\n": 0.35083495349844224, "b()Ljava/lang/Object;\n": 0.3263580962776207, "moveAdVideoView(IIII)V\n": 0.35083495349844224, "b(Landroid/webkit/WebView;)V\n": 0.40151595719005856, "getExtras()Landroid/os/Bundle;\n": 0.27173694499939155, "setImageResource(I)V\n": 0.2731900837427038, "destroy()V\n": 0.3708104370556932, "addView(Landroid/view/View;ILandroid/view/ViewGroup$LayoutParams;)V\n": 0.3913937061684604, "setMinimumHeight(I)V\n": 0.27332490563250733, "split(Ljava/lang/String;)[Ljava/lang/String;\n": 0.28481519368920183, "i()Lcom/google/ads/AdActivity;\n": 0.2813101867684529, "setBackgroundColor(I)V\n": 0.2978934423790121, "close()V\n": 0.2763804499793987, "l()Lcom/google/ads/internal/AdWebView;\n": 0.27423986840783726, "b(Ljava/lang/String;)V\n": 0.3500819033072383, "c()Lcom/google/ads/AdActivity;\n": 0.26886261608611495, "a(Z)V\n": 0.30862483581032857, "onWindowFocusChanged(Z)V\n": 0.32935336955878347, "<init>(Landroid/os/Bundle;)V\n": 0.39476778984232647, "setAdActivity(Lcom/google/ads/AdActivity;)V\n": 0.33451704868456117, "create()Landroid/app/AlertDialog;\n": 0.2994121541443486, "leftApplication()Z\n": 0.26886261608611495, "inflate(ILandroid/view/Menu;)V\n": 0.2702838062560793, "setMessage(Ljava/lang/CharSequence;)Landroid/app/AlertDialog$Builder;\n": 0.2809867908123887, "getJSONObject(Ljava/lang/String;)Lorg/json/JSONObject;\n": 0.28559313164537864}