{"b(Ljava/lang/String;Ljava/lang/Throwable;)V\n": 0.39234746069430865, "stopLoading()V\n": 0.3545658533681901, "requestLayout()V\n": 0.32840935598856946, "b()Ljava/lang/Object;\n": 0.3263580962776207, "moveAdVideoView(IIII)V\n": 0.35083495349844224, "b()I\n": 0.3981600156675577, "b(Landroid/webkit/WebView;)V\n": 0.40151595719005856, "c()Ljava/util/HashMap;\n": 0.39476778984232647, "a(Landroid/webkit/WebView;)V\n": 0.40151595719005856, "u()V\n": 0.3661909633146881, "b()Lcom/google/ads/AdActivity;\n": 0.39816877093956776, "a()Ljava/lang/Object;\n": 0.33859652488803144, "addView(Landroid/view/View;II)V\n": 0.360378408341439, "destroy()V\n": 0.3708104370556932, "addView(Landroid/view/View;ILandroid/view/ViewGroup$LayoutParams;)V\n": 0.3913937061684604, "applyDimension(IFLandroid/util/DisplayMetrics;)F\n": 0.3661909633146881, "a(Landroid/view/Window;)V\n": 0.34675547729497197, "<init>(Landroid/app/Activity;Lcom/google/ads/internal/AdWebView;)V\n": 0.33131563347519394, "getParent()Landroid/view/ViewParent;\n": 0.3362628808082684, "setKeepScreenOn(Z)V\n": 0.3778973714729963, "getRootView()Landroid/view/View;\n": 0.3230425877434229, "a(Landroid/app/Activity;)Lcom/google/ads/internal/AdVideoView;\n": 0.32259680101532046, "loadDataWithBaseURL(Ljava/lang/String;Ljava/lang/String;Ljava/lang/String;Ljava/lang/String;Ljava/lang/String;)V\n": 0.32935336955878347, "a(Lcom/google/ads/internal/d;Ljava/util/Map;ZZ)Lcom/google/ads/internal/i;\n": 0.3269562172452572, "b(Z)V\n": 0.3400344659350675, "a()I\n": 0.3270501991422885, "a(Ljava/lang/String;Ljava/lang/Throwable;)V\n": 0.3846455388207284, "getBundleExtra(Ljava/lang/String;)Landroid/os/Bundle;\n": 0.3516595758815655, "b(Ljava/lang/String;)V\n": 0.3500819033072383, "newAdVideoView(IIII)V\n": 0.35083495349844224, "onWindowFocusChanged(Z)V\n": 0.32935336955878347, "<init>(Landroid/os/Bundle;)V\n": 0.39476778984232647, "isFinishing()Z\n": 0.33395971039177347, "setAdActivity(Lcom/google/ads/AdActivity;)V\n": 0.33451704868456117, "b()Ljava/lang/String;\n": 0.3454755624742483, "elapsedRealtime()J\n": 0.3632846858280636, "setDataAndType(Landroid/net/Uri;Ljava/lang/String;)Landroid/content/Intent;\n": 0.360378408341439, "b()Z\n": 0.3458470209083165, "setIsExpandedMraid(Z)V\n": 0.33451704868456117, "a(IIII)Landroid/widget/RelativeLayout$LayoutParams;\n": 0.35083495349844224}