{"b(Ljava/lang/String;Ljava/lang/Throwable;)V\n": 0.41445913889151365, "loadAd(Lcom/google/android/gms/ads/AdRequest;)V\n": 0.4244257148659591, "a(Z)V\n": 0.4371797354906086, "stopLoading()V\n": 0.4459008666694906, "build()Lcom/google/android/gms/ads/AdRequest;\n": 0.42993786697911374, "requestLayout()V\n": 0.41445913889151365, "a(Ljava/lang/String;Ljava/lang/Throwable;)V\n": 0.4081667283080295, "setDataAndType(Landroid/net/Uri;Ljava/lang/String;)Landroid/content/Intent;\n": 0.4344675111138626, "getStreamMaxVolume(I)I\n": 0.5239148092110016, "getStreamVolume(I)I\n": 0.47251119188198415, "setOnCompletionListener(Landroid/media/MediaPlayer$OnCompletionListener;)V\n": 0.5055354201669474, "destroy()V\n": 0.5006047748363964, "registerReceiver(Landroid/content/BroadcastReceiver;Landroid/content/IntentFilter;)Landroid/content/Intent;\n": 0.43803258647690974, "onCompletion(Landroid/media/MediaPlayer;)V\n": 0.4251938009498142, "getContentUriForPath(Ljava/lang/String;)Landroid/net/Uri;\n": 0.42525351500430897, "e()V\n": 0.40773239579435006, "setKeepScreenOn(Z)V\n": 0.46126158727492766, "addFlags(I)Landroid/content/Intent;\n": 0.40773239579435006, "getCurrentPosition()I\n": 0.4499143707724778, "stop()V\n": 0.46526461672869385, "setData(Landroid/net/Uri;)Landroid/content/Intent;\n": 0.41452793572425584, "setLayout(II)V\n": 0.44336983816374803, "setProgress(I)V\n": 0.5777547659050827, "setVolumeControlStream(I)V\n": 0.6452037558975412, "isPlaying()Z\n": 0.6409257475344252, "setAdUnitId(Ljava/lang/String;)V\n": 0.45163249145993084, "onWindowFocusChanged(Z)V\n": 0.46436189521023197, "h()V\n": 0.4087424611136997, "setTitle(I)V\n": 0.4174614845830314, "i(Ljava/lang/String;Ljava/lang/String;)I\n": 0.4359332316884752, "pause()V\n": 0.569730394156401, "setMax(I)V\n": 0.5573760833368632, "setOnSeekBarChangeListener(Landroid/widget/SeekBar$OnSeekBarChangeListener;)V\n": 0.5764525360068196, "removeView(Landroid/view/View;)V\n": 0.41226275574762056, "setContentView(Landroid/view/View;Landroid/view/ViewGroup$LayoutParams;)V\n": 0.5373677111145143, "addRule(I)V\n": 0.45756635528032613, "valueOf(J)Ljava/lang/Long;\n": 0.43223888226738644, "b()Z\n": 0.4116008000026067, "release()V\n": 0.4930634583364559, "unregisterReceiver(Landroid/content/BroadcastReceiver;)V\n": 0.45462472990406544}