{"a(Z)V\n": 0.4371797354906086, "stopLoading()V\n": 0.4459008666694906, "setDataAndType(Landroid/net/Uri;Ljava/lang/String;)Landroid/content/Intent;\n": 0.4344675111138626, "getStreamMaxVolume(I)I\n": 0.5239148092110016, "getStreamVolume(I)I\n": 0.47251119188198415, "setOnCompletionListener(Landroid/media/MediaPlayer$OnCompletionListener;)V\n": 0.5055354201669474, "destroy()V\n": 0.5006047748363964, "registerReceiver(Landroid/content/BroadcastReceiver;Landroid/content/IntentFilter;)Landroid/content/Intent;\n": 0.43803258647690974, "setKeepScreenOn(Z)V\n": 0.46126158727492766, "getCurrentPosition()I\n": 0.4499143707724778, "stop()V\n": 0.46526461672869385, "setLayout(II)V\n": 0.44336983816374803, "setProgress(I)V\n": 0.5777547659050827, "setVolumeControlStream(I)V\n": 0.6452037558975412, "isPlaying()Z\n": 0.6409257475344252, "setAdUnitId(Ljava/lang/String;)V\n": 0.45163249145993084, "onWindowFocusChanged(Z)V\n": 0.46436189521023197, "i(Ljava/lang/String;Ljava/lang/String;)I\n": 0.4359332316884752, "pause()V\n": 0.569730394156401, "setMax(I)V\n": 0.5573760833368632, "setOnSeekBarChangeListener(Landroid/widget/SeekBar$OnSeekBarChangeListener;)V\n": 0.5764525360068196, "setContentView(Landroid/view/View;Landroid/view/ViewGroup$LayoutParams;)V\n": 0.5373677111145143, "addRule(I)V\n": 0.45756635528032613, "release()V\n": 0.4930634583364559, "unregisterReceiver(Landroid/content/BroadcastReceiver;)V\n": 0.45462472990406544}