{"loadAd(Lcom/google/android/gms/ads/AdRequest;)V\n": 0.4244257148659591, "stopLoading()V\n": 0.4459008666694906, "requestLayout()V\n": 0.41445913889151365, "put(Ljava/lang/String;Ljava/lang/String;)V\n": 0.3873694108520633, "c()Ljava/util/HashMap;\n": 0.37498244145371823, "setTheme(I)V\n": 0.36510891456501754, "setKeepScreenOn(Z)V\n": 0.46126158727492766, "removeView(Landroid/view/View;)V\n": 0.41226275574762056, "e()V\n": 0.40773239579435006, "getParent()Landroid/view/ViewParent;\n": 0.3918761359579031, "postDelayed(Ljava/lang/Runnable;J)Z\n": 0.40093685586444416, "setClassName(Ljava/lang/String;Ljava/lang/String;)Landroid/content/Intent;\n": 0.3931942156854035, "stopSync()V\n": 0.36556505600111655, "setFlags(I)Landroid/content/Intent;\n": 0.37444239444681576, "onRetainNonConfigurationInstance()Ljava/lang/Object;\n": 0.39405064478042434, "d(Ljava/lang/String;Ljava/lang/String;)I\n": 0.40016744444697866, "moveToFirst()Z\n": 0.36912110043935836, "put(Ljava/lang/String;Ljava/lang/Boolean;)V\n": 0.4055929321147329, "setBackgroundColor(I)V\n": 0.3701548861134553, "d(Ljava/lang/String;)V\n": 0.37828505609809143, "setDataAndType(Landroid/net/Uri;Ljava/lang/String;)Landroid/content/Intent;\n": 0.4344675111138626, "setMax(I)V\n": 0.5573760833368632, "setContentView(Landroid/view/View;Landroid/view/ViewGroup$LayoutParams;)V\n": 0.5373677111145143, "onCompletion(Landroid/media/MediaPlayer;)V\n": 0.4251938009498142, "onPrepared(Landroid/media/MediaPlayer;)V\n": 0.3807759870870735, "b(Ljava/lang/String;Ljava/lang/Throwable;)V\n": 0.41445913889151365, "b()I\n": 0.3973091055580717, "currentTimeMillis()J\n": 0.39159242778025777, "setProgress(I)V\n": 0.5777547659050827, "registerReceiver(Landroid/content/BroadcastReceiver;Landroid/content/IntentFilter;)Landroid/content/Intent;\n": 0.43803258647690974, "setTitle(I)V\n": 0.4174614845830314, "applyDimension(IFLandroid/util/DisplayMetrics;)F\n": 0.4058841222247927, "getContentUriForPath(Ljava/lang/String;)Landroid/net/Uri;\n": 0.42525351500430897, "a(Ljava/lang/String;Ljava/lang/Throwable;)V\n": 0.4081667283080295, "b()Lcom/google/ads/AdActivity;\n": 0.3879066892143212, "setOnCompletionListener(Landroid/media/MediaPlayer$OnCompletionListener;)V\n": 0.5055354201669474, "equalsIgnoreCase(Ljava/lang/String;)Z\n": 0.3715840555579088, "getBooleanExtra(Ljava/lang/String;Z)Z\n": 0.38281541605136193, "requestFeature(I)Z\n": 0.366959156214915, "setAdUnitId(Ljava/lang/String;)V\n": 0.45163249145993084, "addView(Landroid/view/View;)V\n": 0.3987382750025252, "h()V\n": 0.4087424611136997, "getAction()Ljava/lang/String;\n": 0.39445076666916473, "elapsedRealtime()J\n": 0.39445076666916473, "getData()Landroid/net/Uri;\n": 0.38055023607472666, "setOnSeekBarChangeListener(Landroid/widget/SeekBar$OnSeekBarChangeListener;)V\n": 0.5764525360068196, "startSync()V\n": 0.37031265413100123, "addRule(I)V\n": 0.45756635528032613, "setData(Landroid/net/Uri;)Landroid/content/Intent;\n": 0.41452793572425584, "getPackageName()Ljava/lang/String;\n": 0.3737546961448209, "seekTo(I)V\n": 0.3863362276343987, "a(Landroid/webkit/WebView;)V\n": 0.40484829962259844, "a(Landroid/view/Window;)V\n": 0.38115765806238094, "<init>(III)V\n": 0.3915745848808739, "setFeatureInt(II)V\n": 0.3645708063592213, "stopPlayback()V\n": 0.3893030466505397, "addFlags(I)Landroid/content/Intent;\n": 0.40773239579435006, "b(Z)V\n": 0.3715840555579088, "a()I\n": 0.3646939762382797, "D(Ljava/lang/String;)V\n": 0.36889335831904335, "<init>(Landroid/os/Bundle;)V\n": 0.3915745848808739, "setLayout(II)V\n": 0.44336983816374803, "getBundleExtra(Ljava/lang/String;)Landroid/os/Bundle;\n": 0.3658673777800948, "isFinishing()Z\n": 0.3964064959111736, "a()Z\n": 0.3692243361915503, "getAbsolutePath()Ljava/lang/String;\n": 0.37313328631369924, "onError(Landroid/media/MediaPlayer;II)Z\n": 0.37410178035844965, "setCancelable(Z)V\n": 0.37498244145371823, "b()Z\n": 0.4116008000026067, "makeText(Landroid/content/Context;Ljava/lang/CharSequence;I)Landroid/widget/Toast;\n": 0.37601987612145615, "release()V\n": 0.4930634583364559, "startService(Landroid/content/Intent;)Landroid/content/ComponentName;\n": 0.38158824166908323, "build()Lcom/google/android/gms/ads/AdRequest;\n": 0.42993786697911374, "b(Landroid/webkit/WebView;)V\n": 0.4015298709371673, "getStreamMaxVolume(I)I\n": 0.5239148092110016, "getStreamVolume(I)I\n": 0.47251119188198415, "getLongExtra(Ljava/lang/String;J)J\n": 0.3771454721880401, "destroy()V\n": 0.5006047748363964, "addView(Landroid/view/View;ILandroid/view/ViewGroup$LayoutParams;)V\n": 0.38825615619544274, "getInt(Ljava/lang/String;I)I\n": 0.3918761359579031, "append(I)Ljava/lang/StringBuilder;\n": 0.3844465805579903, "split(Ljava/lang/String;)[Ljava/lang/String;\n": 0.37444239444681576, "setOnPreparedListener(Landroid/media/MediaPlayer$OnPreparedListener;)V\n": 0.39016325833580423, "getCurrentPosition()I\n": 0.4499143707724778, "stop()V\n": 0.46526461672869385, "setLayoutParams(Landroid/view/ViewGroup$LayoutParams;)V\n": 0.3973091055580717, "update(Landroid/net/Uri;Landroid/content/ContentValues;Ljava/lang/String;[Ljava/lang/String;)I\n": 0.3683776002264856, "b(Ljava/lang/String;)V\n": 0.40320203584107944, "setOnErrorListener(Landroid/media/MediaPlayer$OnErrorListener;)V\n": 0.38055023607472666, "setVolumeControlStream(I)V\n": 0.6452037558975412, "isPlaying()Z\n": 0.6409257475344252, "c(Ljava/lang/String;Ljava/lang/Throwable;)V\n": 0.4026840868986763, "a(Z)V\n": 0.4371797354906086, "onWindowFocusChanged(Z)V\n": 0.46436189521023197, "i(Ljava/lang/String;Ljava/lang/String;)I\n": 0.4359332316884752, "pause()V\n": 0.569730394156401, "<init>(Ljava/lang/String;Ljava/lang/String;)V\n": 0.3658673777800948, "valueOf(J)Ljava/lang/Long;\n": 0.43223888226738644, "getColumnIndexOrThrow(Ljava/lang/String;)I\n": 0.39139235886962165, "unregisterReceiver(Landroid/content/BroadcastReceiver;)V\n": 0.45462472990406544}