{"getTitle()Ljava/lang/String;\n": 0.5880538806563741, "setDisplayHomeAsUpEnabled(Z)V\n": 0.5046447481989921, "getCurrentItem()I\n": 0.4925137593507027, "hide()V\n": 0.5379097512980786, "onNewIntent(Landroid/content/Intent;)V\n": 0.48031360644610316, "setLoadWithOverviewMode(Z)V\n": 0.49688273636856417, "setJavaScriptEnabled(Z)V\n": 0.5720989304060075, "getSupportFragmentManager()Landroid/support/v4/app/FragmentManager;\n": 0.5148271590051046, "setUseWideViewPort(Z)V\n": 0.4721025987385124, "execute([Ljava/lang/Object;)Landroid/os/AsyncTask;\n": 0.5219548010477119, "setAdapter(Landroid/support/v4/view/PagerAdapter;)V\n": 0.5724708677616607, "setCurrentItem(I)V\n": 0.5934622238820146, "setWebChromeClient(Landroid/webkit/WebChromeClient;)V\n": 0.4774374770661864, "setOnPageChangeListener(Landroid/support/v4/view/ViewPager$OnPageChangeListener;)V\n": 0.6255581401319008, "getName()Ljava/lang/String;\n": 0.4877656219397832, "goBack()V\n": 0.4944066585214343, "setBuiltInZoomControls(Z)V\n": 0.4721025987385124, "setMediaController(Landroid/widget/MediaController;)V\n": 0.5322749452878428, "putInt(Ljava/lang/String;I)V\n": 0.4889419945858536, "getMenuInflater()Landroid/view/MenuInflater;\n": 0.4860658652059367, "onCreateOptionsMenu(Landroid/view/Menu;)Z\n": 0.4786485075110022, "putString(Ljava/lang/String;Ljava/lang/String;)V\n": 0.49688273636856417, "inflate(ILandroid/view/Menu;)V\n": 0.4889419945858536, "canGoBack()Z\n": 0.5055586884128952, "getUrl()Ljava/lang/String;\n": 0.5196755224405166}