{"setWebViewClient(Landroid/webkit/WebViewClient;)V\n": 0.3925916603586412, "getCurrentItem()I\n": 0.4925137593507027, "getMenuInflater()Landroid/view/MenuInflater;\n": 0.4860658652059367, "setLoadWithOverviewMode(Z)V\n": 0.49688273636856417, "setJavaScriptEnabled(Z)V\n": 0.5720989304060075, "getSupportFragmentManager()Landroid/support/v4/app/FragmentManager;\n": 0.5148271590051046, "containsKey(Ljava/lang/String;)Z\n": 0.4423638523612833, "isEmpty(Ljava/lang/CharSequence;)Z\n": 0.41416263070801707, "setSelection(I)V\n": 0.4089077626869005, "setWebChromeClient(Landroid/webkit/WebChromeClient;)V\n": 0.4774374770661864, "postDelayed(Ljava/lang/Runnable;J)Z\n": 0.4421800497958782, "setEnabled(Z)V\n": 0.41254942790234, "setOnPageChangeListener(Landroid/support/v4/view/ViewPager$OnPageChangeListener;)V\n": 0.6255581401319008, "findFragmentByTag(Ljava/lang/String;)Landroid/support/v4/app/Fragment;\n": 0.3965032421545764, "getColor(I)I\n": 0.41738535073498456, "putInt(Ljava/lang/String;I)V\n": 0.4889419945858536, "setHomeButtonEnabled(Z)V\n": 0.40975332059032843, "addView(Landroid/view/View;)V\n": 0.39402972504859957, "d(Ljava/lang/String;Ljava/lang/String;)I\n": 0.41991488946785066, "setArguments(Landroid/os/Bundle;)V\n": 0.3917260946587381, "onCreateOptionsMenu(Landroid/view/Menu;)Z\n": 0.4786485075110022, "getCount()I\n": 0.4641325100173027, "createChooser(Landroid/content/Intent;Ljava/lang/CharSequence;)Landroid/content/Intent;\n": 0.4237771358755151, "setId(I)V\n": 0.41991488946785066, "getTitle()Ljava/lang/String;\n": 0.5880538806563741, "getDecorView()Landroid/view/View;\n": 0.4328151218536478, "onNewIntent(Landroid/content/Intent;)V\n": 0.48031360644610316, "setDomStorageEnabled(Z)V\n": 0.39793550534559263, "startsWith(Ljava/lang/String;)Z\n": 0.40553424256826676, "execute([Ljava/lang/Object;)Landroid/os/AsyncTask;\n": 0.5219548010477119, "getHeight()I\n": 0.4486761832670185, "setTypeface(Landroid/graphics/Typeface;)V\n": 0.41561183213792946, "setCurrentItem(I)V\n": 0.5934622238820146, "getSimpleName()Ljava/lang/String;\n": 0.4006899367055851, "getBoolean(Ljava/lang/String;)Z\n": 0.4421800497958782, "setMediaController(Landroid/widget/MediaController;)V\n": 0.5322749452878428, "getStringExtra(Ljava/lang/String;)Ljava/lang/String;\n": 0.4227910188477675, "equalsIgnoreCase(Ljava/lang/String;)Z\n": 0.3911535956686828, "setBuiltInZoomControls(Z)V\n": 0.4721025987385124, "getBooleanExtra(Ljava/lang/String;Z)Z\n": 0.44445932840307345, "setSupportZoom(Z)V\n": 0.39659447765197325, "canGoBack()Z\n": 0.5055586884128952, "setType(Ljava/lang/String;)Landroid/content/Intent;\n": 0.43534221397429246, "onOptionsItemSelected(Landroid/view/MenuItem;)Z\n": 0.4512971642246592, "getLayoutParams()Landroid/view/ViewGroup$LayoutParams;\n": 0.43741984757026375, "loadUrl(Ljava/lang/String;)V\n": 0.42566714822768426, "replace(Ljava/lang/CharSequence;Ljava/lang/CharSequence;)Ljava/lang/String;\n": 0.4170387600879339, "getSerializableExtra(Ljava/lang/String;)Ljava/io/Serializable;\n": 0.388277466288766, "overridePendingTransition(II)V\n": 0.4237771358755151, "findItem(I)Landroid/view/MenuItem;\n": 0.40571159208075425, "setData(Landroid/net/Uri;)Landroid/content/Intent;\n": 0.39659447765197325, "getConfiguration()Landroid/content/res/Configuration;\n": 0.457454344405543, "setAdapter(Landroid/support/v4/view/PagerAdapter;)V\n": 0.5724708677616607, "setDisplayHomeAsUpEnabled(Z)V\n": 0.5046447481989921, "format(Ljava/lang/String;[Ljava/lang/Object;)Ljava/lang/String;\n": 0.41416263070801707, "setUseWideViewPort(Z)V\n": 0.4721025987385124, "notifyDataSetChanged()V\n": 0.39690585442851634, "append(Z)Ljava/lang/StringBuilder;\n": 0.4006899367055851, "booleanValue()Z\n": 0.39978198380843316, "getIntExtra(Ljava/lang/String;I)I\n": 0.430783656759902, "runOnUiThread(Ljava/lang/Runnable;)V\n": 0.4423638523612833, "getName()Ljava/lang/String;\n": 0.4877656219397832, "setOnItemClickListener(Landroid/widget/AdapterView$OnItemClickListener;)V\n": 0.42622509954551147, "findFragmentById(I)Landroid/support/v4/app/Fragment;\n": 0.38747736322319226, "beginTransaction()Landroid/support/v4/app/FragmentTransaction;\n": 0.4674715928231827, "isEmpty()Z\n": 0.428543277607601, "setOnCompletionListener(Landroid/media/MediaPlayer$OnCompletionListener;)V\n": 0.4158272725159694, "setVideoURI(Landroid/net/Uri;)V\n": 0.42789886293029883, "size()I\n": 0.3897155309787244, "putString(Ljava/lang/String;Ljava/lang/String;)V\n": 0.49688273636856417, "setTag(Ljava/lang/Object;)V\n": 0.41416263070801707, "makeText(Landroid/content/Context;Ljava/lang/CharSequence;I)Landroid/widget/Toast;\n": 0.4672521144750259, "addRule(II)V\n": 0.3903210462011323, "goBack()V\n": 0.4944066585214343, "hide()V\n": 0.5379097512980786, "getExtras()Landroid/os/Bundle;\n": 0.44148585981722654, "destroy()V\n": 0.4079908706879495, "commit()I\n": 0.4674715928231827, "parseInt(Ljava/lang/String;)I\n": 0.403432313473559, "getInt(Ljava/lang/String;I)I\n": 0.4171079851167305, "setResult(ILandroid/content/Intent;)V\n": 0.4193872637239257, "putBoolean(Ljava/lang/String;Z)V\n": 0.4006899367055851, "getBoolean(Ljava/lang/String;Z)Z\n": 0.439900771188683, "split(Ljava/lang/String;)[Ljava/lang/String;\n": 0.4342955363674346, "setOnPreparedListener(Landroid/media/MediaPlayer$OnPreparedListener;)V\n": 0.4486761832670185, "reload()V\n": 0.44292392450718493, "setLayoutParams(Landroid/view/ViewGroup$LayoutParams;)V\n": 0.3911535956686828, "fromHtml(Ljava/lang/String;)Landroid/text/Spanned;\n": 0.4117901145303775, "getVisibility()I\n": 0.47081067562906254, "setOnTouchListener(Landroid/view/View$OnTouchListener;)V\n": 0.47168521830635285, "putSerializable(Ljava/lang/String;Ljava/io/Serializable;)V\n": 0.4386465090641296, "getSerializable(Ljava/lang/String;)Ljava/io/Serializable;\n": 0.388277466288766, "getChildAt(I)Landroid/view/View;\n": 0.4140462679291046, "pause()V\n": 0.4117901145303775, "create()Landroid/app/AlertDialog;\n": 0.45585572143904973, "append(I)Ljava/lang/StringBuilder;\n": 0.4012200484983916, "inflate(ILandroid/view/Menu;)V\n": 0.4889419945858536, "setMessage(Ljava/lang/CharSequence;)Landroid/app/AlertDialog$Builder;\n": 0.4102701492951447, "setMessage(Ljava/lang/CharSequence;)V\n": 0.457454344405543, "getUrl()Ljava/lang/String;\n": 0.5196755224405166}