{"stopLoading()V\n": 0.34948597339156906, "requestLayout()V\n": 0.39608410317711157, "c()Ljava/util/HashMap;\n": 0.3347360364096133, "b(Lcom/google/ads/internal/d;)Lcom/google/ads/internal/d;\n": 0.32764310005459596, "findPreference(Ljava/lang/CharSequence;)Landroid/preference/Preference;\n": 0.36259169739375285, "setCustomClose(Z)V\n": 0.3482901821335531, "e()V\n": 0.4339056938437072, "setText(I)V\n": 0.33492405783358703, "setOnCancelListener(Landroid/content/DialogInterface$OnCancelListener;)V\n": 0.3646654235494986, "setClassName(Ljava/lang/String;Ljava/lang/String;)Landroid/content/Intent;\n": 0.3556600482517064, "a(Lcom/google/ads/internal/d;Ljava/util/Map;ZZ)Lcom/google/ads/internal/i;\n": 0.33201167472199056, "launchAdActivity(Lcom/google/ads/internal/d;Lcom/google/ads/internal/e;)V\n": 0.33201167472199056, "b(Landroid/os/Bundle;)V\n": 0.4256880003854539, "a(IZ)Landroid/view/View;\n": 0.353127545774297, "newAdVideoView(IIII)V\n": 0.33930786212519115, "a()V\n": 0.35676693117056, "getSharedPreferences(Ljava/lang/String;I)Landroid/content/SharedPreferences;\n": 0.3320116747219906, "setDataAndType(Landroid/net/Uri;Ljava/lang/String;)Landroid/content/Intent;\n": 0.33492405783358703, "setContentView(Landroid/view/View;Landroid/view/ViewGroup$LayoutParams;)V\n": 0.3727850382843403, "a(Lcom/google/ads/internal/d;)V\n": 0.32764310005459596, "getOpeningAdWebView()Lcom/google/ads/internal/AdWebView;\n": 0.33201167472199056, "a(Landroid/content/Intent;Ljava/lang/String;)V\n": 0.3341050957698152, "b(Ljava/lang/String;Ljava/lang/Throwable;)V\n": 0.3523983565031654, "d(Z)V\n": 0.3482607247493957, "setProgressStyle(I)V\n": 0.3754859522536678, "b()I\n": 0.3873469538423224, "b()Ljava/lang/String;\n": 0.34389334246123604, "b()V\n": 0.4500617569123559, "setAction(Ljava/lang/String;)Landroid/content/Intent;\n": 0.3485093604808499, "a()Ljava/lang/Object;\n": 0.33521981559356234, "setIndeterminate(Z)V\n": 0.3576692528753872, "getLong(Ljava/lang/String;)J\n": 0.3312496497732539, "loadAdList()V\n": 0.43449445336455056, "i()V\n": 0.3613632542980951, "a(Ljava/lang/String;Ljava/lang/Throwable;)V\n": 0.3550230689192868, "b()Lcom/google/ads/AdActivity;\n": 0.3538348531668848, "isEmpty(Ljava/lang/CharSequence;)Z\n": 0.3407488240567798, "requestFeature(I)Z\n": 0.3508173694906569, "h()V\n": 0.4397698498510577, "j()Z\n": 0.3311317690619336, "a(Landroid/os/Bundle;)V\n": 0.4946536303270859, "m()Lcom/google/ads/internal/i;\n": 0.3340900423584355, "a(Landroid/app/Activity;)V\n": 0.4169807462261385, "putBoolean(Ljava/lang/String;Z)Landroid/content/SharedPreferences$Editor;\n": 0.361785413089178, "addRule(I)V\n": 0.34389334246123604, "edit()Landroid/content/SharedPreferences$Editor;\n": 0.33235329741220127, "setData(Landroid/net/Uri;)Landroid/content/Intent;\n": 0.3485093604808499, "<init>(Lcom/google/ads/n;Lcom/google/ads/AdSize;)V\n": 0.3340900423584355, "g()V\n": 0.39697754968679594, "a(Landroid/webkit/WebView;)V\n": 0.3414983805795045, "getPreferenceManager()Landroid/preference/PreferenceManager;\n": 0.3901593880275815, "makeText(Landroid/content/Context;II)Landroid/widget/Toast;\n": 0.3500706526012796, "d()V\n": 0.39697754968679594, "a(Landroid/view/Window;)V\n": 0.33930786212519115, "<init>(Landroid/app/Activity;Lcom/google/ads/internal/AdWebView;)V\n": 0.3363802493893852, "e(Ljava/lang/String;)V\n": 0.3762054685985334, "a(Landroid/app/Activity;)Lcom/google/ads/internal/AdVideoView;\n": 0.32764310005459596, "b(Z)V\n": 0.3290992916103942, "onSharedPreferenceChanged(Landroid/content/SharedPreferences;Ljava/lang/String;)V\n": 0.428553278932873, "d()Lcom/google/ads/internal/d;\n": 0.3287014932881381, "unregisterOnSharedPreferenceChangeListener(Landroid/content/SharedPreferences$OnSharedPreferenceChangeListener;)V\n": 0.3506644800028342, "a()Z\n": 0.3485093604808499, "getAdVideoView()Lcom/google/ads/internal/AdVideoView;\n": 0.33201167472199056, "a(Ljava/util/HashMap;Lcom/google/ads/internal/d;)V\n": 0.32764310005459596, "setCancelable(Z)V\n": 0.3414983805795045, "a(Lcom/google/ads/internal/AdWebView;ZIZZ)V\n": 0.3482901821335531, "o()I\n": 0.33861545485206557, "a()Lcmn/a;\n": 0.5002762752067794, "i()Lcom/google/ads/n;\n": 0.3340900423584355, "setSharedPreferencesName(Ljava/lang/String;)V\n": 0.4212875873992282, "setMinimumWidth(I)V\n": 0.3311317690619336, "registerOnSharedPreferenceChangeListener(Landroid/content/SharedPreferences$OnSharedPreferenceChangeListener;)V\n": 0.35531073961476184, "b()Z\n": 0.3815221876191296, "elapsedRealtime()J\n": 0.41647078495828643, "a(IIII)Landroid/widget/RelativeLayout$LayoutParams;\n": 0.33521981559356234, "b()Ljava/lang/Object;\n": 0.3311317690619336, "moveAdVideoView(IIII)V\n": 0.33930786212519115, "b(Landroid/webkit/WebView;)V\n": 0.3381172084945589, "getBundleExtra(Ljava/lang/String;)Landroid/os/Bundle;\n": 0.3290992916103942, "init(Landroid/app/Activity;)V\n": 0.343270031384518, "a(Lcom/appbrain/AppBrainActivity;)Lcom/appbrain/f;\n": 0.5057144735316524, "destroy()V\n": 0.3877455136475682, "addView(Landroid/view/View;ILandroid/view/ViewGroup$LayoutParams;)V\n": 0.361785413089178, "f()V\n": 0.37869127351390597, "setKeepScreenOn(Z)V\n": 0.3245925201547765, "i()Lcom/google/ads/AdActivity;\n": 0.3288847036484118, "a(I)Z\n": 0.4778912119592136, "l()Lcom/google/ads/internal/AdWebView;\n": 0.3340900423584355, "b(Ljava/lang/String;)V\n": 0.3554333875102708, "c()Lcom/google/ads/AdActivity;\n": 0.3287014932881381, "j()V\n": 0.32372124864204355, "a(Z)V\n": 0.38543750463776116, "onWindowFocusChanged(Z)V\n": 0.34389334246123604, "<init>(Landroid/os/Bundle;)V\n": 0.3516418968343412, "setAdActivity(Lcom/google/ads/AdActivity;)V\n": 0.3229556759986759, "addPreferencesFromResource(I)V\n": 0.38771265825733126, "leftApplication()Z\n": 0.3340900423584355, "c()V\n": 0.3508173694906569, "setMessage(Ljava/lang/CharSequence;)V\n": 0.3279736922397221, "getJSONObject(Ljava/lang/String;)Lorg/json/JSONObject;\n": 0.3369693154318152}