{"b(Ljava/lang/String;Ljava/lang/Throwable;)V\n": 0.3523983565031654, "b()Lcom/google/ads/AdActivity;\n": 0.3538348531668848, "requestLayout()V\n": 0.39608410317711157, "g()V\n": 0.39697754968679594, "b()I\n": 0.3873469538423224, "b()V\n": 0.4500617569123559, "putBoolean(Ljava/lang/String;Z)Landroid/content/SharedPreferences$Editor;\n": 0.361785413089178, "getPreferenceManager()Landroid/preference/PreferenceManager;\n": 0.3901593880275815, "findPreference(Ljava/lang/CharSequence;)Landroid/preference/Preference;\n": 0.36259169739375285, "a(Lcom/appbrain/AppBrainActivity;)Lcom/appbrain/f;\n": 0.5057144735316524, "destroy()V\n": 0.3877455136475682, "setOnCancelListener(Landroid/content/DialogInterface$OnCancelListener;)V\n": 0.3646654235494986, "d()V\n": 0.39697754968679594, "setIndeterminate(Z)V\n": 0.3576692528753872, "f()V\n": 0.37869127351390597, "e()V\n": 0.4339056938437072, "e(Ljava/lang/String;)V\n": 0.3762054685985334, "loadAdList()V\n": 0.43449445336455056, "a(I)Z\n": 0.4778912119592136, "setClassName(Ljava/lang/String;Ljava/lang/String;)Landroid/content/Intent;\n": 0.3556600482517064, "i()V\n": 0.3613632542980951, "onSharedPreferenceChanged(Landroid/content/SharedPreferences;Ljava/lang/String;)V\n": 0.428553278932873, "a(Ljava/lang/String;Ljava/lang/Throwable;)V\n": 0.3550230689192868, "setProgressStyle(I)V\n": 0.3754859522536678, "b(Ljava/lang/String;)V\n": 0.3554333875102708, "addView(Landroid/view/View;ILandroid/view/ViewGroup$LayoutParams;)V\n": 0.361785413089178, "b(Landroid/os/Bundle;)V\n": 0.4256880003854539, "a(IZ)Landroid/view/View;\n": 0.353127545774297, "a(Z)V\n": 0.38543750463776116, "h()V\n": 0.4397698498510577, "a()V\n": 0.35676693117056, "a()Lcmn/a;\n": 0.5002762752067794, "a(Landroid/os/Bundle;)V\n": 0.4946536303270859, "addPreferencesFromResource(I)V\n": 0.38771265825733126, "a(Landroid/app/Activity;)V\n": 0.4169807462261385, "setSharedPreferencesName(Ljava/lang/String;)V\n": 0.4212875873992282, "setContentView(Landroid/view/View;Landroid/view/ViewGroup$LayoutParams;)V\n": 0.3727850382843403, "registerOnSharedPreferenceChangeListener(Landroid/content/SharedPreferences$OnSharedPreferenceChangeListener;)V\n": 0.35531073961476184, "b()Z\n": 0.3815221876191296, "elapsedRealtime()J\n": 0.41647078495828643}