{"fromFile(Ljava/io/File;)Landroid/net/Uri;\n": 0.7935696281402213, "createBitmap(IILandroid/graphics/Bitmap$Config;)Landroid/graphics/Bitmap;\n": 0.7010401355671692, "build()Lcom/google/android/gms/ads/AdRequest;\n": 0.5483942995968984, "moveToFirst()Z\n": 0.5606171201871257, "mkdirs()Z\n": 0.7308824839844721, "close()V\n": 0.5481593674147771, "flush()V\n": 0.5904051141303918, "setImageBitmap(Landroid/graphics/Bitmap;)V\n": 0.6511821111732263, "decodeStream(Ljava/io/InputStream;Landroid/graphics/Rect;Landroid/graphics/BitmapFactory$Options;)Landroid/graphics/Bitmap;\n": 0.5656837097231413, "setContentView(Landroid/view/View;Landroid/view/ViewGroup$LayoutParams;)V\n": 0.5643578296834628, "isRecycled()Z\n": 0.6730551667211041, "getParcelable(Ljava/lang/String;)Landroid/os/Parcelable;\n": 0.556554677287219, "<init>(Ljava/io/File;Ljava/lang/String;)V\n": 0.5720409729985209, "setResult(ILandroid/content/Intent;)V\n": 0.5527464750918882, "getPath()Ljava/lang/String;\n": 0.7481250393436555, "getWidth()I\n": 0.5871497826702214, "gc()V\n": 0.7175432440497826, "getAbsolutePath()Ljava/lang/String;\n": 0.6418659781852598, "getMetrics(Landroid/util/DisplayMetrics;)V\n": 0.5443192939756247, "recycle()V\n": 0.8291718882272413, "putExtra(Ljava/lang/String;Landroid/os/Parcelable;)Landroid/content/Intent;\n": 0.6569703966058772, "getExternalStorageState()Ljava/lang/String;\n": 0.5823155964791809, "invalidate()V\n": 0.6054982133786659, "getBitmap()Landroid/graphics/Bitmap;\n": 0.5691265905916768, "getExternalStorageDirectory()Ljava/io/File;\n": 0.6865528500842337, "createScaledBitmap(Landroid/graphics/Bitmap;IIZ)Landroid/graphics/Bitmap;\n": 0.5674799685811516, "getContentResolver()Landroid/content/ContentResolver;\n": 0.61066411314467, "<init>(FF)V\n": 0.5528127049985705, "compress(Landroid/graphics/Bitmap$CompressFormat;ILjava/io/OutputStream;)Z\n": 0.8159852389689654, "<init>(Ljava/io/File;)V\n": 0.6421950747955548, "getAttributeInt(Ljava/lang/String;I)I\n": 0.5829413011680568, "decodeFile(Ljava/lang/String;Landroid/graphics/BitmapFactory$Options;)Landroid/graphics/Bitmap;\n": 0.6399015209569991, "getWindowManager()Landroid/view/WindowManager;\n": 0.5498871161018355, "<init>(Landroid/graphics/Bitmap;)V\n": 0.5596271366075549, "getData()Landroid/net/Uri;\n": 0.5481593674147771, "delete()Z\n": 0.6054982133786659, "getHeight()I\n": 0.726429821797688, "<init>(Ljava/lang/Runnable;)V\n": 0.5498719039175868, "createBitmap(Landroid/graphics/Bitmap;IIIILandroid/graphics/Matrix;Z)Landroid/graphics/Bitmap;\n": 0.6335887987037522, "exists()Z\n": 0.7182000377699094}