{"fromFile(Ljava/io/File;)Landroid/net/Uri;\n": 0.7935696281402213, "loadAd(Lcom/google/android/gms/ads/AdRequest;)V\n": 0.5399323972908044, "mkdirs()Z\n": 0.7308824839844721, "getPackageName()Ljava/lang/String;\n": 0.4380687831641106, "removeView(Landroid/view/View;)V\n": 0.4518301061954439, "getAttributeInt(Ljava/lang/String;I)I\n": 0.5829413011680568, "setDuration(J)V\n": 0.5403049056875922, "flush()V\n": 0.5904051141303918, "postDelayed(Ljava/lang/Runnable;J)Z\n": 0.4747656445809994, "gc()V\n": 0.7175432440497826, "getExternalStorageState()Ljava/lang/String;\n": 0.5823155964791809, "getBitmap()Landroid/graphics/Bitmap;\n": 0.5691265905916768, "post(Ljava/lang/Runnable;)Z\n": 0.4468794203627043, "query(Landroid/net/Uri;[Ljava/lang/String;Ljava/lang/String;[Ljava/lang/String;Ljava/lang/String;)Landroid/database/Cursor;\n": 0.5045818444822217, "d(Ljava/lang/String;Ljava/lang/String;)I\n": 0.4659569773283974, "setMessage(I)Landroid/app/AlertDialog$Builder;\n": 0.46009689919634816, "append(J)Ljava/lang/StringBuilder;\n": 0.4387438331899245, "moveToFirst()Z\n": 0.5606171201871257, "<init>(Landroid/content/Context;I)V\n": 0.5240551340879653, "valueOf(I)Ljava/lang/String;\n": 0.48621597634267566, "recycle()V\n": 0.8291718882272413, "setContentView(Landroid/view/View;Landroid/view/ViewGroup$LayoutParams;)V\n": 0.5643578296834628, "b(Ljava/lang/String;Ljava/lang/Throwable;)V\n": 0.5151574035059302, "getDefaultDisplay()Landroid/view/Display;\n": 0.5183431675135549, "decodeStream(Ljava/io/InputStream;Landroid/graphics/Rect;Landroid/graphics/BitmapFactory$Options;)Landroid/graphics/Bitmap;\n": 0.5656837097231413, "loadAnimation(Landroid/content/Context;I)Landroid/view/animation/Animation;\n": 0.4775335481936992, "execute([Ljava/lang/Object;)Landroid/os/AsyncTask;\n": 0.477059198419555, "putString(Ljava/lang/String;Ljava/lang/String;)V\n": 0.4518301061954439, "getContentResolver()Landroid/content/ContentResolver;\n": 0.61066411314467, "scanFile(Landroid/content/Context;[Ljava/lang/String;[Ljava/lang/String;Landroid/media/MediaScannerConnection$OnScanCompletedListener;)V\n": 0.4691906031356212, "getWidth()I\n": 0.5871497826702214, "getBoolean(Ljava/lang/String;)Z\n": 0.4610043215496661, "getMetrics(Landroid/util/DisplayMetrics;)V\n": 0.5443192939756247, "putExtra(Ljava/lang/String;Landroid/os/Parcelable;)Landroid/content/Intent;\n": 0.6569703966058772, "setProgress(I)V\n": 0.4671809334892714, "getExternalStorageDirectory()Ljava/io/File;\n": 0.6865528500842337, "setAdUnitId(Ljava/lang/String;)V\n": 0.5178943402585268, "h()V\n": 0.48621597634267566, "getLayoutParams()Landroid/view/ViewGroup$LayoutParams;\n": 0.4838393724227775, "getAction()Ljava/lang/String;\n": 0.463062834612072, "a(Landroid/os/Bundle;)V\n": 0.4428062760898312, "getScheme()Ljava/lang/String;\n": 0.44095420716488526, "getData()Landroid/net/Uri;\n": 0.5481593674147771, "setOnSeekBarChangeListener(Landroid/widget/SeekBar$OnSeekBarChangeListener;)V\n": 0.4872868299144047, "delete()Z\n": 0.6054982133786659, "addRule(I)V\n": 0.4655914292267772, "e()V\n": 0.45412366003399945, "exists()Z\n": 0.7182000377699094, "setData(Landroid/net/Uri;)Landroid/content/Intent;\n": 0.5366915982219993, "getConfiguration()Landroid/content/res/Configuration;\n": 0.453599411646354, "putParcelable(Ljava/lang/String;Landroid/os/Parcelable;)V\n": 0.49999473680511053, "decodeFile(Ljava/lang/String;)Landroid/graphics/Bitmap;\n": 0.5021237423385185, "containsKey(Ljava/lang/String;)Z\n": 0.5012437763602492, "setType(Ljava/lang/String;)Landroid/content/Intent;\n": 0.522930275190666, "getPath()Ljava/lang/String;\n": 0.7481250393436555, "setImageBitmap(Landroid/graphics/Bitmap;)V\n": 0.6511821111732263, "getParcelable(Ljava/lang/String;)Landroid/os/Parcelable;\n": 0.556554677287219, "<init>(Ljava/io/File;Ljava/lang/String;)V\n": 0.5720409729985209, "booleanValue()Z\n": 0.46885112004472296, "createScaledBitmap(Landroid/graphics/Bitmap;IIZ)Landroid/graphics/Bitmap;\n": 0.5674799685811516, "invalidate()V\n": 0.6054982133786659, "setOnItemClickListener(Landroid/widget/AdapterView$OnItemClickListener;)V\n": 0.5091689521593328, "getAbsolutePath()Ljava/lang/String;\n": 0.6418659781852598, "startAnimation(Landroid/view/animation/Animation;)V\n": 0.5107193375573763, "copy(Landroid/graphics/Bitmap$Config;Z)Landroid/graphics/Bitmap;\n": 0.46031455917783504, "getWindowManager()Landroid/view/WindowManager;\n": 0.5498871161018355, "postScale(FF)Z\n": 0.44724299851833277, "setAnimationListener(Landroid/view/animation/Animation$AnimationListener;)V\n": 0.5296281170875574, "getHeight()I\n": 0.726429821797688, "createBitmap(Landroid/graphics/Bitmap;IIIILandroid/graphics/Matrix;Z)Landroid/graphics/Bitmap;\n": 0.6335887987037522, "b()Z\n": 0.44859212103044477, "makeText(Landroid/content/Context;Ljava/lang/CharSequence;I)Landroid/widget/Toast;\n": 0.5412787058991104, "toByteArray()[B\n": 0.44512235215695656, "a(Landroid/content/Context;)V\n": 0.4384626215233057, "createBitmap(IILandroid/graphics/Bitmap$Config;)Landroid/graphics/Bitmap;\n": 0.7010401355671692, "build()Lcom/google/android/gms/ads/AdRequest;\n": 0.5483942995968984, "valueOf(Ljava/lang/Object;)Ljava/lang/String;\n": 0.5275173828677772, "destroy()V\n": 0.4977011829665549, "isRecycled()Z\n": 0.6730551667211041, "setResult(ILandroid/content/Intent;)V\n": 0.5527464750918882, "k()V\n": 0.45412366003399945, "<init>(Ljava/lang/Runnable;)V\n": 0.5498719039175868, "startsWith(Ljava/lang/String;)Z\n": 0.46016869189574655, "postRotate(F)Z\n": 0.4712433763891782, "close()V\n": 0.5481593674147771, "setAction(Ljava/lang/String;)Landroid/content/Intent;\n": 0.4587107677111105, "setOnTouchListener(Landroid/view/View$OnTouchListener;)V\n": 0.4948984044916519, "<init>(FF)V\n": 0.5528127049985705, "c(Ljava/lang/String;Ljava/lang/Throwable;)V\n": 0.5087250267536858, "compress(Landroid/graphics/Bitmap$CompressFormat;ILjava/io/OutputStream;)Z\n": 0.8159852389689654, "<init>(Ljava/io/File;)V\n": 0.6421950747955548, "getChildAt(I)Landroid/view/View;\n": 0.44351942472087946, "decodeFile(Ljava/lang/String;Landroid/graphics/BitmapFactory$Options;)Landroid/graphics/Bitmap;\n": 0.6399015209569991, "openOutputStream(Landroid/net/Uri;)Ljava/io/OutputStream;\n": 0.5224626181861248, "putExtras(Landroid/os/Bundle;)Landroid/content/Intent;\n": 0.44953655235688833, "<init>(Landroid/graphics/Bitmap;)V\n": 0.5596271366075549, "create()Landroid/app/AlertDialog;\n": 0.46788498306533277, "getDrawable()Landroid/graphics/drawable/Drawable;\n": 0.5370419341393708, "<init>(FFFF)V\n": 0.5267339743712319, "getColumnIndexOrThrow(Ljava/lang/String;)I\n": 0.44952863078971284}