{"findPreference(Ljava/lang/CharSequence;)Landroid/preference/Preference;\n": 0.44682214945186555, "setTheme(I)V\n": 0.4382318310889032, "isEmpty(Ljava/lang/CharSequence;)Z\n": 0.43250092671302376, "e()V\n": 0.4131145383008182, "setText(I)V\n": 0.4754645949295493, "getPath()Ljava/lang/String;\n": 0.4220259906859468, "commit()Z\n": 0.374526916591401, "getPackageManager()Landroid/content/pm/PackageManager;\n": 0.4698610408146668, "setChecked(Z)V\n": 0.4353651712607921, "getAbsolutePath()Ljava/lang/String;\n": 0.4020475514577094, "setClassName(Ljava/lang/String;Ljava/lang/String;)Landroid/content/Intent;\n": 0.40606802697228644, "setIcon(I)Landroid/app/AlertDialog$Builder;\n": 0.3779246983702468, "setEnabled(Z)V\n": 0.3972255175969405, "putString(Ljava/lang/String;Ljava/lang/String;)Landroid/content/SharedPreferences$Editor;\n": 0.41092004356263245, "setFlags(I)Landroid/content/Intent;\n": 0.43250092671302376, "setMessage(I)Landroid/app/AlertDialog$Builder;\n": 0.4220259906859468, "append(J)Ljava/lang/StringBuilder;\n": 0.3698837473410926, "<init>(Landroid/content/Context;I)V\n": 0.3658632718265155, "setView(Landroid/view/View;)Landroid/app/AlertDialog$Builder;\n": 0.3739042228556697, "getCount()I\n": 0.3691066286780685, "setSummary(Ljava/lang/CharSequence;)V\n": 0.4466671044040414, "getPreferenceScreen()Landroid/preference/PreferenceScreen;\n": 0.3804698629647733, "isChecked()Z\n": 0.46644977917920444, "getString(I[Ljava/lang/Object;)Ljava/lang/String;\n": 0.38998612491397805, "substring(I)Ljava/lang/String;\n": 0.36279427269493675, "b()I\n": 0.3924015030442666, "b()Ljava/lang/String;\n": 0.3609077559880774, "b()V\n": 0.4290035590046957, "onNewIntent(Landroid/content/Intent;)V\n": 0.4009942366875716, "currentTimeMillis()J\n": 0.37235179120988793, "startsWith(Ljava/lang/String;)Z\n": 0.4153154594264135, "setTitle(Ljava/lang/CharSequence;)V\n": 0.3926857973958326, "getContentResolver()Landroid/content/ContentResolver;\n": 0.41817970397418186, "a(I)V\n": 0.43561232753898166, "setTitle(I)V\n": 0.4516418496814519, "i()V\n": 0.38130418456712745, "getStringExtra(Ljava/lang/String;)Ljava/lang/String;\n": 0.365191179840467, "getBooleanExtra(Ljava/lang/String;Z)Z\n": 0.4153843984013721, "h()V\n": 0.42390819306971855, "onOptionsItemSelected(Landroid/view/MenuItem;)Z\n": 0.36317761608863136, "isFinishing()Z\n": 0.4153843984013721, "c()Z\n": 0.4124512148786451, "getData()Landroid/net/Uri;\n": 0.3722570564908471, "edit()Landroid/content/SharedPreferences$Editor;\n": 0.3926857973958326, "setOnPreferenceChangeListener(Landroid/preference/Preference$OnPreferenceChangeListener;)V\n": 0.3707766496153669, "exists()Z\n": 0.39241013169044175, "setData(Landroid/net/Uri;)Landroid/content/Intent;\n": 0.3994953776974945, "setOnPreferenceClickListener(Landroid/preference/Preference$OnPreferenceClickListener;)V\n": 0.40276064290718344, "getPackageName()Ljava/lang/String;\n": 0.46305146051300494, "hasExtra(Ljava/lang/String;)Z\n": 0.42572797306038496, "setDisplayHomeAsUpEnabled(Z)V\n": 0.385965649399401, "g()V\n": 0.38360635699361684, "setOnCheckedChangeListener(Landroid/widget/CompoundButton$OnCheckedChangeListener;)V\n": 0.38667301394872977, "format(Ljava/lang/String;[Ljava/lang/Object;)Ljava/lang/String;\n": 0.4410936603563288, "getDefault()Ljava/util/Locale;\n": 0.4339330489869079, "registerReceiver(Landroid/content/BroadcastReceiver;Landroid/content/IntentFilter;)Landroid/content/Intent;\n": 0.3657813437350228, "makeText(Landroid/content/Context;II)Landroid/widget/Toast;\n": 0.484959691051395, "setClass(Landroid/content/Context;Ljava/lang/Class;)Landroid/content/Intent;\n": 0.39010739178824744, "d()V\n": 0.4063049579991563, "addFlags(I)Landroid/content/Intent;\n": 0.3926857973958326, "getIntExtra(Ljava/lang/String;I)I\n": 0.37906663679250896, "getLayoutInflater()Landroid/view/LayoutInflater;\n": 0.41092004356263245, "getName()Ljava/lang/String;\n": 0.4494322999096813, "setOnItemClickListener(Landroid/widget/AdapterView$OnItemClickListener;)V\n": 0.4063049579991563, "getAction()Ljava/lang/String;\n": 0.4611433721907074, "a()Z\n": 0.374526916591401, "a()Ljava/lang/String;\n": 0.40606802697228644, "addCategory(Ljava/lang/String;)Landroid/content/Intent;\n": 0.37760220219268925, "getPackageInfo(Ljava/lang/String;I)Landroid/content/pm/PackageInfo;\n": 0.472190461912484, "putString(Ljava/lang/String;Ljava/lang/String;)V\n": 0.374526916591401, "registerOnSharedPreferenceChangeListener(Landroid/content/SharedPreferences$OnSharedPreferenceChangeListener;)V\n": 0.36662330211435123, "b()Z\n": 0.4153154594264135, "makeText(Landroid/content/Context;Ljava/lang/CharSequence;I)Landroid/widget/Toast;\n": 0.3972255175969405, "a(Landroid/content/Context;)V\n": 0.4210439485219502, "setTitle(I)Landroid/app/AlertDialog$Builder;\n": 0.4455881823681187, "startService(Landroid/content/Intent;)Landroid/content/ComponentName;\n": 0.3694875466621196, "getClass()Ljava/lang/Class;\n": 0.3691066286780685, "show()Landroid/app/AlertDialog;\n": 0.3637590575665829, "setAction(Ljava/lang/String;)Landroid/content/Intent;\n": 0.3926857973958326, "f()V\n": 0.45556403719725563, "setResult(ILandroid/content/Intent;)V\n": 0.3858762170941708, "putBoolean(Ljava/lang/String;Z)V\n": 0.3824077684502511, "getBoolean(Ljava/lang/String;Z)Z\n": 0.3994953776974945, "split(Ljava/lang/String;)[Ljava/lang/String;\n": 0.3838087694009615, "setPositiveButton(ILandroid/content/DialogInterface$OnClickListener;)Landroid/app/AlertDialog$Builder;\n": 0.4067227257831084, "setNegativeButton(ILandroid/content/DialogInterface$OnClickListener;)Landroid/app/AlertDialog$Builder;\n": 0.4056847630515707, "j()V\n": 0.36279427269493675, "getText()Landroid/text/Editable;\n": 0.40958697033087677, "b(I)V\n": 0.3858762170941708, "queryIntentActivities(Landroid/content/Intent;I)Ljava/util/List;\n": 0.4161636423864941, "a(Z)V\n": 0.41992411860247997, "endsWith(Ljava/lang/String;)Z\n": 0.36532405182690564, "addPreferencesFromResource(I)V\n": 0.4701517615536425, "getDefaultSharedPreferences(Landroid/content/Context;)Landroid/content/SharedPreferences;\n": 0.4220259906859468, "a(Landroid/content/Context;)Z\n": 0.39019195327249595, "create()Landroid/app/AlertDialog;\n": 0.4290035590046957, "<init>(Ljava/lang/String;Ljava/lang/String;)V\n": 0.40385848123533996, "getString(Ljava/lang/String;Ljava/lang/String;)Ljava/lang/String;\n": 0.4153154594264135, "c()V\n": 0.3904159372952787, "unregisterReceiver(Landroid/content/BroadcastReceiver;)V\n": 0.3724319136211141}