{"setTitle(I)Landroid/app/AlertDialog$Builder;\n": 0.4455881823681187, "getPackageName()Ljava/lang/String;\n": 0.46305146051300494, "hasExtra(Ljava/lang/String;)Z\n": 0.42572797306038496, "b()V\n": 0.4290035590046957, "format(Ljava/lang/String;[Ljava/lang/Object;)Ljava/lang/String;\n": 0.4410936603563288, "getDefault()Ljava/util/Locale;\n": 0.4339330489869079, "findPreference(Ljava/lang/CharSequence;)Landroid/preference/Preference;\n": 0.44682214945186555, "setTheme(I)V\n": 0.4382318310889032, "makeText(Landroid/content/Context;II)Landroid/widget/Toast;\n": 0.484959691051395, "startsWith(Ljava/lang/String;)Z\n": 0.4153154594264135, "isEmpty(Ljava/lang/CharSequence;)Z\n": 0.43250092671302376, "getContentResolver()Landroid/content/ContentResolver;\n": 0.41817970397418186, "a(I)V\n": 0.43561232753898166, "setTitle(I)V\n": 0.4516418496814519, "f()V\n": 0.45556403719725563, "e()V\n": 0.4131145383008182, "setText(I)V\n": 0.4754645949295493, "getPath()Ljava/lang/String;\n": 0.4220259906859468, "getPackageManager()Landroid/content/pm/PackageManager;\n": 0.4698610408146668, "setChecked(Z)V\n": 0.4353651712607921, "getLayoutInflater()Landroid/view/LayoutInflater;\n": 0.41092004356263245, "getName()Ljava/lang/String;\n": 0.4494322999096813, "isFinishing()Z\n": 0.4153843984013721, "setFlags(I)Landroid/content/Intent;\n": 0.43250092671302376, "getBooleanExtra(Ljava/lang/String;Z)Z\n": 0.4153843984013721, "setMessage(I)Landroid/app/AlertDialog$Builder;\n": 0.4220259906859468, "c()Z\n": 0.4124512148786451, "a(Z)V\n": 0.41992411860247997, "h()V\n": 0.42390819306971855, "getAction()Ljava/lang/String;\n": 0.4611433721907074, "getPackageInfo(Ljava/lang/String;I)Landroid/content/pm/PackageInfo;\n": 0.472190461912484, "addPreferencesFromResource(I)V\n": 0.4701517615536425, "setSummary(Ljava/lang/CharSequence;)V\n": 0.4466671044040414, "getDefaultSharedPreferences(Landroid/content/Context;)Landroid/content/SharedPreferences;\n": 0.4220259906859468, "queryIntentActivities(Landroid/content/Intent;I)Ljava/util/List;\n": 0.4161636423864941, "create()Landroid/app/AlertDialog;\n": 0.4290035590046957, "isChecked()Z\n": 0.46644977917920444, "getString(Ljava/lang/String;Ljava/lang/String;)Ljava/lang/String;\n": 0.4153154594264135, "b()Z\n": 0.4153154594264135, "a(Landroid/content/Context;)V\n": 0.4210439485219502}