{"setTitle(I)Landroid/app/AlertDialog$Builder;\n": 0.4455881823681187, "getPackageName()Ljava/lang/String;\n": 0.46305146051300494, "hasExtra(Ljava/lang/String;)Z\n": 0.42572797306038496, "b()V\n": 0.4290035590046957, "format(Ljava/lang/String;[Ljava/lang/Object;)Ljava/lang/String;\n": 0.4410936603563288, "getDefault()Ljava/util/Locale;\n": 0.4339330489869079, "findPreference(Ljava/lang/CharSequence;)Landroid/preference/Preference;\n": 0.44682214945186555, "setTheme(I)V\n": 0.4382318310889032, "makeText(Landroid/content/Context;II)Landroid/widget/Toast;\n": 0.484959691051395, "isEmpty(Ljava/lang/CharSequence;)Z\n": 0.43250092671302376, "a(I)V\n": 0.43561232753898166, "setTitle(I)V\n": 0.4516418496814519, "f()V\n": 0.45556403719725563, "setText(I)V\n": 0.4754645949295493, "getPackageManager()Landroid/content/pm/PackageManager;\n": 0.4698610408146668, "setChecked(Z)V\n": 0.4353651712607921, "getName()Ljava/lang/String;\n": 0.4494322999096813, "setFlags(I)Landroid/content/Intent;\n": 0.43250092671302376, "h()V\n": 0.42390819306971855, "getAction()Ljava/lang/String;\n": 0.4611433721907074, "getPackageInfo(Ljava/lang/String;I)Landroid/content/pm/PackageInfo;\n": 0.472190461912484, "addPreferencesFromResource(I)V\n": 0.4701517615536425, "setSummary(Ljava/lang/CharSequence;)V\n": 0.4466671044040414, "create()Landroid/app/AlertDialog;\n": 0.4290035590046957, "isChecked()Z\n": 0.46644977917920444}