{"getCurrentItem()I\n": 0.4675141726839591, "setJavaScriptEnabled(Z)V\n": 0.4698467649649778, "getSupportFragmentManager()Landroid/support/v4/app/FragmentManager;\n": 0.6045057172178978, "initCamera(Landroid/view/SurfaceHolder;)V\n": 0.4603483029323925, "getDataString()Ljava/lang/String;\n": 0.5336618844939366, "setText(I)V\n": 0.46500439785992137, "setDisplayHomeAsUpEnabled(Z)V\n": 0.46913976339907976, "getPackageManager()Landroid/content/pm/PackageManager;\n": 0.48827212829693767, "getApplication()Landroid/app/Application;\n": 0.5934968472495444, "setOnPageChangeListener(Landroid/support/v4/view/ViewPager$OnPageChangeListener;)V\n": 0.48389520152298066, "findFragmentByTag(Ljava/lang/String;)Landroid/support/v4/app/Fragment;\n": 0.5261672434724339, "<init>(Landroid/app/Activity;)V\n": 0.522982969449236, "getColor(I)I\n": 0.5567238061878963, "putExtras(Landroid/os/Bundle;)Landroid/content/Intent;\n": 0.4698467649649778, "closeDriver()V\n": 0.4758750339150525, "setNegativeButton(Ljava/lang/CharSequence;Landroid/content/DialogInterface$OnClickListener;)Landroid/app/AlertDialog$Builder;\n": 0.4504730104267988, "addCallback(Landroid/view/SurfaceHolder$Callback;)V\n": 0.5087092539997342, "getHolder()Landroid/view/SurfaceHolder;\n": 0.4766295078064194, "getCount()I\n": 0.4555012959719152, "setType(I)V\n": 0.4938262438853569, "valueOf(I)Ljava/lang/String;\n": 0.5231299475924116, "hideSoftInputFromWindow(Landroid/os/IBinder;I)Z\n": 0.5344113826546039, "asList([Ljava/lang/Object;)Ljava/util/List;\n": 0.4675141726839591, "surfaceDestroyed(Landroid/view/SurfaceHolder;)V\n": 0.5127223246173452, "openDriver(Landroid/view/SurfaceHolder;)V\n": 0.4708169528331704, "onNewIntent(Landroid/content/Intent;)V\n": 0.537661335025534, "loadAnimation(Landroid/content/Context;I)Landroid/view/animation/Animation;\n": 0.4708169528331704, "execute([Ljava/lang/Object;)Landroid/os/AsyncTask;\n": 0.4698467649649778, "putString(Ljava/lang/String;Ljava/lang/String;)V\n": 0.5665799224577673, "getText()Landroid/text/Editable;\n": 0.5405676125121586, "setSoftInputMode(I)V\n": 0.4624871385690778, "setCurrentItem(I)V\n": 0.5221729540441931, "setResult(I)V\n": 0.4905752987134327, "getSimpleName()Ljava/lang/String;\n": 0.5432274714924322, "getBarcodeFormat()Lcom/google/zxing/BarcodeFormat;\n": 0.47205502689437323, "contains(Ljava/lang/CharSequence;)Z\n": 0.537661335025534, "getWindowToken()Landroid/os/IBinder;\n": 0.5180934778407228, "equalsIgnoreCase(Ljava/lang/String;)Z\n": 0.4562855654000479, "getBooleanExtra(Ljava/lang/String;Z)Z\n": 0.4813626170474527, "contains(Ljava/lang/Object;)Z\n": 0.4507570991768692, "getQueryParameter(Ljava/lang/String;)Ljava/lang/String;\n": 0.5077304456030093, "canGoBack()Z\n": 0.5371522098524357, "getLatitude()D\n": 0.453674425636166, "getLayoutParams()Landroid/view/ViewGroup$LayoutParams;\n": 0.49936438373217373, "populateIntentExtras(Lcom/facebook/AuthorizationClient$AuthorizationRequest;)Landroid/os/Bundle;\n": 0.5481545591258074, "getAction()Ljava/lang/String;\n": 0.4766295078064194, "replace(Ljava/lang/CharSequence;Ljava/lang/CharSequence;)Ljava/lang/String;\n": 0.45919184288667236, "getSerializableExtra(Ljava/lang/String;)Ljava/io/Serializable;\n": 0.5841617748115262, "overridePendingTransition(II)V\n": 0.4995891182543633, "drawLine(FFFFLandroid/graphics/Paint;)V\n": 0.4516624858959323, "setAdapter(Landroid/support/v4/view/PagerAdapter;)V\n": 0.5296395915328213, "getLayoutInflater()Landroid/view/LayoutInflater;\n": 0.4995891182543633, "containsKey(Ljava/lang/String;)Z\n": 0.4808075724553271, "format(Ljava/lang/String;[Ljava/lang/Object;)Ljava/lang/String;\n": 0.4853483402662929, "surfaceChanged(Landroid/view/SurfaceHolder;III)V\n": 0.5127223246173452, "setSelection(I)V\n": 0.4507570991768692, "setTextColor(I)V\n": 0.4504730104267988, "getIntExtra(Ljava/lang/String;I)I\n": 0.46754359454848277, "getName()Ljava/lang/String;\n": 0.5850052857897272, "<init>(Lcom/facebook/LoginActivity;)V\n": 0.5449270287420953, "findFragmentById(I)Landroid/support/v4/app/Fragment;\n": 0.5205165141278675, "beginTransaction()Landroid/support/v4/app/FragmentTransaction;\n": 0.5364793041447, "addTextChangedListener(Landroid/text/TextWatcher;)V\n": 0.4995891182543633, "addAll(Ljava/util/Collection;)Z\n": 0.47445310579796773, "onActivityResult(IILandroid/content/Intent;)Z\n": 0.5362081962822218, "getCallingPackage()Ljava/lang/String;\n": 0.549286444972032, "getPackageInfo(Ljava/lang/String;I)Landroid/content/pm/PackageInfo;\n": 0.46899763066737926, "cancelCurrentHandler()V\n": 0.5435482182928174, "getHeight()I\n": 0.4882546177529174, "setOnCompletedListener(Lcom/facebook/AuthorizationClient$OnCompletedListener;)V\n": 0.5435482182928174, "quitSynchronously()V\n": 0.46903411996885275, "setTag(Ljava/lang/Object;)V\n": 0.4533792879134233, "makeText(Landroid/content/Context;Ljava/lang/CharSequence;I)Landroid/widget/Toast;\n": 0.5066974916288975, "trim()Ljava/lang/String;\n": 0.5432274714924322, "hasExtra(Ljava/lang/String;)Z\n": 0.5672026831308937, "getLongitude()D\n": 0.453674425636166, "onAuthClientCompleted(Lcom/facebook/AuthorizationClient$Result;)V\n": 0.5435482182928174, "goBack()V\n": 0.5446648281720503, "e(Ljava/lang/String;Ljava/lang/String;)I\n": 0.47905944663095773, "show()Landroid/app/AlertDialog;\n": 0.491160895239542, "commit()I\n": 0.5364793041447, "setContext(Landroid/app/Activity;)V\n": 0.5435482182928174, "setResult(ILandroid/content/Intent;)V\n": 0.5919147970392121, "getClass()Ljava/lang/Class;\n": 0.4791198816889775, "putBoolean(Ljava/lang/String;Z)V\n": 0.5432274714924322, "requestFocus()Z\n": 0.4533792879134233, "setOnEditorActionListener(Landroid/widget/TextView$OnEditorActionListener;)V\n": 0.4875494641350076, "setBackgroundProcessingListener(Lcom/facebook/AuthorizationClient$BackgroundProcessingListener;)V\n": 0.5435482182928174, "startsWith(Ljava/lang/String;)Z\n": 0.4533792879134233, "ordinal()I\n": 0.5027384674060397, "substring(II)Ljava/lang/String;\n": 0.4562855654000479, "getVisibility()I\n": 0.49936438373217373, "putSerializable(Ljava/lang/String;Ljava/io/Serializable;)V\n": 0.6573541029662676, "surfaceCreated(Landroid/view/SurfaceHolder;)V\n": 0.519295687753465, "getSerializable(Ljava/lang/String;)Ljava/io/Serializable;\n": 0.5550989999452811, "startOrContinueAuth(Lcom/facebook/AuthorizationClient$AuthorizationRequest;)V\n": 0.5481545591258074, "create()Landroid/app/AlertDialog;\n": 0.45372457204951283, "putExtra(Ljava/lang/String;Ljava/io/Serializable;)Landroid/content/Intent;\n": 0.49583280909455607, "setMessage(Ljava/lang/CharSequence;)Landroid/app/AlertDialog$Builder;\n": 0.47675627621446276, "getUrl()Ljava/lang/String;\n": 0.47445310579796773}