{"fromFile(Ljava/io/File;)Landroid/net/Uri;\n": 0.5643397861789868, "onActivityResult(IILandroid/content/Intent;)Z\n": 0.6522879783374642, "setJavaScriptEnabled(Z)V\n": 0.5180824266561191, "getSupportFragmentManager()Landroid/support/v4/app/FragmentManager;\n": 0.4640437966696055, "onCreateDialog(I)Landroid/app/Dialog;\n": 0.5014669706110461, "isEmpty(Ljava/lang/CharSequence;)Z\n": 0.5049029988920865, "getPath()Ljava/lang/String;\n": 0.5092369017806051, "setSelection(I)V\n": 0.49414840098710566, "postDelayed(Ljava/lang/Runnable;J)Z\n": 0.49495374689468524, "setEnabled(Z)V\n": 0.4602607272525344, "<init>(Landroid/app/Activity;)V\n": 0.4980786802690794, "getColor(I)I\n": 0.515020131978912, "<init>(Lcom/facebook/LoginActivity;)V\n": 0.6479102066707699, "putInt(Ljava/lang/String;I)V\n": 0.5107400277810122, "clear()V\n": 0.4741379351093948, "putExtras(Landroid/os/Bundle;)Landroid/content/Intent;\n": 0.5481497103459833, "getCount()I\n": 0.4709723575333472, "valueOf(I)Ljava/lang/String;\n": 0.5370066577811786, "currentTimeMillis()J\n": 0.5019844844476236, "loadAnimation(Landroid/content/Context;I)Landroid/view/animation/Animation;\n": 0.49906597000316055, "execute([Ljava/lang/Object;)Landroid/os/AsyncTask;\n": 0.499579482846972, "putString(Ljava/lang/String;Ljava/lang/String;)V\n": 0.605971409749568, "getText()Landroid/text/Editable;\n": 0.5515992300034933, "setTitle(I)V\n": 0.46774352459848173, "getBoolean(Ljava/lang/String;)Z\n": 0.5157695586799758, "putExtra(Ljava/lang/String;Landroid/os/Parcelable;)Landroid/content/Intent;\n": 0.4698808255585313, "indexOf(Ljava/lang/String;)I\n": 0.4859326550030774, "getBooleanExtra(Ljava/lang/String;Z)Z\n": 0.5296467665368361, "setImageDrawable(Landroid/graphics/drawable/Drawable;)V\n": 0.46080748650744763, "makeText(Landroid/content/Context;Ljava/lang/CharSequence;I)Landroid/widget/Toast;\n": 0.4857022749901117, "h()V\n": 0.4640437966696055, "getLayoutParams()Landroid/view/ViewGroup$LayoutParams;\n": 0.46758406719138074, "populateIntentExtras(Lcom/facebook/AuthorizationClient$AuthorizationRequest;)Landroid/os/Bundle;\n": 0.6568545052247224, "isFinishing()Z\n": 0.5157695586799758, "getSerializableExtra(Ljava/lang/String;)Ljava/io/Serializable;\n": 0.6245620911150664, "getData()Landroid/net/Uri;\n": 0.4833894070139683, "onRestoreInstanceState(Landroid/os/Bundle;)V\n": 0.4641957768494142, "putParcelable(Ljava/lang/String;Landroid/os/Parcelable;)V\n": 0.5134566907038324, "compress(Landroid/graphics/Bitmap$CompressFormat;ILjava/io/OutputStream;)Z\n": 0.4997718568569236, "containsKey(Ljava/lang/String;)Z\n": 0.6186285325334758, "format(Ljava/lang/String;[Ljava/lang/Object;)Ljava/lang/String;\n": 0.5107400277810122, "setImageBitmap(Landroid/graphics/Bitmap;)V\n": 0.5399251722256416, "notifyDataSetChanged()V\n": 0.4582067677806796, "showDialog(I)V\n": 0.5161782711178305, "createBitmap(IILandroid/graphics/Bitmap$Config;)Landroid/graphics/Bitmap;\n": 0.49600077367556267, "setTextColor(I)V\n": 0.48447339778084597, "booleanValue()Z\n": 0.48447339778084597, "addFlags(I)Landroid/content/Intent;\n": 0.46951219915710796, "getIntExtra(Ljava/lang/String;I)I\n": 0.49264087891854186, "runOnUiThread(Ljava/lang/Runnable;)V\n": 0.4979205261854805, "getName()Ljava/lang/String;\n": 0.5388982384414096, "setOnItemClickListener(Landroid/widget/AdapterView$OnItemClickListener;)V\n": 0.4741379351093948, "getAction()Ljava/lang/String;\n": 0.4669623111140684, "a()Ljava/lang/String;\n": 0.45882512988251595, "startAnimation(Landroid/view/animation/Animation;)V\n": 0.4709723575333472, "addTextChangedListener(Landroid/text/TextWatcher;)V\n": 0.5280975277724793, "putExtra(Ljava/lang/String;Ljava/io/Serializable;)Landroid/content/Intent;\n": 0.5469581537643536, "setCancelable(Z)V\n": 0.46758406719138074, "getCallingPackage()Ljava/lang/String;\n": 0.6522879783374642, "cancelCurrentHandler()V\n": 0.6568545052247224, "getHeight()I\n": 0.5399251722256416, "setOnCompletedListener(Lcom/facebook/AuthorizationClient$OnCompletedListener;)V\n": 0.6522287692724358, "getParcelableExtra(Ljava/lang/String;)Landroid/os/Parcelable;\n": 0.5016926513838554, "canGoBack()Z\n": 0.47151564979685656, "trim()Ljava/lang/String;\n": 0.48113722855924684, "a(Landroid/content/Context;)V\n": 0.46842156833629983, "hasExtra(Ljava/lang/String;)Z\n": 0.5469581537643536, "onAuthClientCompleted(Lcom/facebook/AuthorizationClient$Result;)V\n": 0.6568545052247224, "getParcelable(Ljava/lang/String;)Landroid/os/Parcelable;\n": 0.6636577771514963, "goBack()V\n": 0.4790599001936063, "getExtras()Landroid/os/Bundle;\n": 0.4698808255585313, "getLongExtra(Ljava/lang/String;J)J\n": 0.45882512988251595, "setClickable(Z)V\n": 0.4629217828278956, "setAction(Ljava/lang/String;)Landroid/content/Intent;\n": 0.4625735952286778, "commit()I\n": 0.4777489382172803, "setContext(Landroid/app/Activity;)V\n": 0.6568545052247224, "setResult(ILandroid/content/Intent;)V\n": 0.6267872215348584, "post(Ljava/lang/Runnable;)Z\n": 0.5421264547146443, "putBoolean(Ljava/lang/String;Z)V\n": 0.5726210677923431, "getBoolean(Ljava/lang/String;Z)Z\n": 0.4833894070139683, "split(Ljava/lang/String;)[Ljava/lang/String;\n": 0.47863636889192007, "requestFocus()Z\n": 0.4582067677806796, "setOnEditorActionListener(Landroid/widget/TextView$OnEditorActionListener;)V\n": 0.47505966129140315, "setBackgroundProcessingListener(Lcom/facebook/AuthorizationClient$BackgroundProcessingListener;)V\n": 0.6522287692724358, "startsWith(Ljava/lang/String;)Z\n": 0.4640437966696055, "ordinal()I\n": 0.48113722855924684, "recycle()V\n": 0.47717711166968857, "close()V\n": 0.4833894070139683, "setOnTouchListener(Landroid/view/View$OnTouchListener;)V\n": 0.4903104266697718, "putSerializable(Ljava/lang/String;Ljava/io/Serializable;)V\n": 0.6978431616993477, "getContentResolver()Landroid/content/ContentResolver;\n": 0.5136585422254752, "getSerializable(Ljava/lang/String;)Ljava/io/Serializable;\n": 0.607051004448289, "<init>(Landroid/graphics/Bitmap;)V\n": 0.49495374689468524, "startOrContinueAuth(Lcom/facebook/AuthorizationClient$AuthorizationRequest;)V\n": 0.6568545052247224, "create()Landroid/app/AlertDialog;\n": 0.5042052187992587, "<init>(I)V\n": 0.4718250671332514, "access$000(Lcom/facebook/LoginActivity;Lcom/facebook/AuthorizationClient$Result;)V\n": 0.47863636889192007, "valueOf(J)Ljava/lang/Long;\n": 0.46774352459848173, "setMessage(Ljava/lang/CharSequence;)Landroid/app/AlertDialog$Builder;\n": 0.4602607272525344, "setMessage(Ljava/lang/CharSequence;)V\n": 0.4641957768494142}