{"setAdapter(Landroid/support/v4/view/PagerAdapter;)V\n": 0.5000258983892246, "setDisplayHomeAsUpEnabled(Z)V\n": 0.5430446927596223, "hide()V\n": 0.4784653942190922, "getExtras()Landroid/os/Bundle;\n": 0.4410936603563288, "replace(ILandroid/support/v4/app/Fragment;)Landroid/support/v4/app/FragmentTransaction;\n": 0.4916725040008428, "setJavaScriptEnabled(Z)V\n": 0.49472392703236234, "getSupportFragmentManager()Landroid/support/v4/app/FragmentManager;\n": 0.6125486711925098, "setTitle(Ljava/lang/CharSequence;)V\n": 0.4482709761373049, "commit()I\n": 0.5886527671270599, "parseInt(Ljava/lang/String;)I\n": 0.4529162712268106, "toUpperCase()Ljava/lang/String;\n": 0.4923727638367655, "booleanValue()Z\n": 0.4454899426854616, "setCurrentItem(I)V\n": 0.49779096836298714, "setSelection(I)V\n": 0.44699284856006444, "execute([Ljava/lang/Object;)Landroid/os/AsyncTask;\n": 0.4413030335030462, "setViewPager(Landroid/support/v4/view/ViewPager;)V\n": 0.4408453815747784, "setOnPageChangeListener(Landroid/support/v4/view/ViewPager$OnPageChangeListener;)V\n": 0.45281707990068304, "putSerializable(Ljava/lang/String;Ljava/io/Serializable;)V\n": 0.5492708732305877, "setMediaController(Landroid/widget/MediaController;)V\n": 0.44437819625447245, "findFragmentById(I)Landroid/support/v4/app/Fragment;\n": 0.4691748040400807, "beginTransaction()Landroid/support/v4/app/FragmentTransaction;\n": 0.5920553842780834, "putExtra(Ljava/lang/String;Ljava/io/Serializable;)Landroid/content/Intent;\n": 0.47350937347464456, "getSerializable(Ljava/lang/String;)Ljava/io/Serializable;\n": 0.49238362086287873, "getSerializableExtra(Ljava/lang/String;)Ljava/io/Serializable;\n": 0.45721336222981596, "putString(Ljava/lang/String;Ljava/lang/String;)V\n": 0.4807880417638451}