{"getPackageName()Ljava/lang/String;\n": 0.42504450068977606, "setAdapter(Landroid/support/v4/view/PagerAdapter;)V\n": 0.5000258983892246, "setDisplayHomeAsUpEnabled(Z)V\n": 0.5430446927596223, "hide()V\n": 0.4784653942190922, "replace(ILandroid/support/v4/app/Fragment;Ljava/lang/String;)Landroid/support/v4/app/FragmentTransaction;\n": 0.42528149561943207, "add(ILandroid/support/v4/app/Fragment;)Landroid/support/v4/app/FragmentTransaction;\n": 0.4407727886672419, "getExtras()Landroid/os/Bundle;\n": 0.4410936603563288, "replace(ILandroid/support/v4/app/Fragment;)Landroid/support/v4/app/FragmentTransaction;\n": 0.4916725040008428, "setJavaScriptEnabled(Z)V\n": 0.49472392703236234, "getSupportFragmentManager()Landroid/support/v4/app/FragmentManager;\n": 0.6125486711925098, "setTitle(Ljava/lang/CharSequence;)V\n": 0.4482709761373049, "destroy()V\n": 0.4389803859582933, "commit()I\n": 0.5886527671270599, "parseInt(Ljava/lang/String;)I\n": 0.4529162712268106, "toUpperCase()Ljava/lang/String;\n": 0.4923727638367655, "booleanValue()Z\n": 0.4454899426854616, "setCurrentItem(I)V\n": 0.49779096836298714, "setSelection(I)V\n": 0.44699284856006444, "execute([Ljava/lang/Object;)Landroid/os/AsyncTask;\n": 0.4413030335030462, "setViewPager(Landroid/support/v4/view/ViewPager;)V\n": 0.4408453815747784, "setBuiltInZoomControls(Z)V\n": 0.42426439863328147, "setOnPageChangeListener(Landroid/support/v4/view/ViewPager$OnPageChangeListener;)V\n": 0.45281707990068304, "getName()Ljava/lang/String;\n": 0.42504450068977606, "setOnItemClickListener(Landroid/widget/AdapterView$OnItemClickListener;)V\n": 0.4343350908687876, "getColor(I)I\n": 0.428729761028957, "putSerializable(Ljava/lang/String;Ljava/io/Serializable;)V\n": 0.5492708732305877, "setMediaController(Landroid/widget/MediaController;)V\n": 0.44437819625447245, "putInt(Ljava/lang/String;I)V\n": 0.4337665231411074, "findFragmentById(I)Landroid/support/v4/app/Fragment;\n": 0.4691748040400807, "beginTransaction()Landroid/support/v4/app/FragmentTransaction;\n": 0.5920553842780834, "d(Ljava/lang/String;Ljava/lang/String;)I\n": 0.436697378027196, "putExtra(Ljava/lang/String;Ljava/io/Serializable;)Landroid/content/Intent;\n": 0.47350937347464456, "isPlaying()Z\n": 0.428387924277962, "getSerializable(Ljava/lang/String;)Ljava/io/Serializable;\n": 0.49238362086287873, "setType(Ljava/lang/String;)Landroid/content/Intent;\n": 0.4389803859582933, "isEmpty()Z\n": 0.4396282329132845, "applyDimension(IFLandroid/util/DisplayMetrics;)F\n": 0.42790481336893027, "getSerializableExtra(Ljava/lang/String;)Ljava/io/Serializable;\n": 0.45721336222981596, "getIntExtra(Ljava/lang/String;I)I\n": 0.4389803859582933, "putString(Ljava/lang/String;Ljava/lang/String;)V\n": 0.4807880417638451}