{"cancel()V\n": 0.4204763236454843, "stopLoading()V\n": 0.3868728449636904, "getCurrentItem()I\n": 0.3954245904403233, "replace(ILandroid/support/v4/app/Fragment;)Landroid/support/v4/app/FragmentTransaction;\n": 0.4916725040008428, "setJavaScriptEnabled(Z)V\n": 0.49472392703236234, "getSupportFragmentManager()Landroid/support/v4/app/FragmentManager;\n": 0.6125486711925098, "containsKey(Ljava/lang/String;)Z\n": 0.41290017366989007, "postDelayed(Ljava/lang/Runnable;J)Z\n": 0.42272185314502325, "setOnPageChangeListener(Landroid/support/v4/view/ViewPager$OnPageChangeListener;)V\n": 0.45281707990068304, "findFragmentByTag(Ljava/lang/String;)Landroid/support/v4/app/Fragment;\n": 0.40891574590169105, "getColor(I)I\n": 0.428729761028957, "putInt(Ljava/lang/String;I)V\n": 0.4337665231411074, "putExtras(Landroid/os/Bundle;)Landroid/content/Intent;\n": 0.39485008260798876, "setArguments(Landroid/os/Bundle;)V\n": 0.3943116121194878, "onOptionsItemSelected(Lcom/actionbarsherlock/view/MenuItem;)Z\n": 0.3850135399149453, "createChooser(Landroid/content/Intent;Ljava/lang/CharSequence;)Landroid/content/Intent;\n": 0.40532402369429577, "getSupportActionBar()Lcom/actionbarsherlock/app/ActionBar;\n": 0.3904362658292403, "setOnItemSelectedListener(Landroid/widget/AdapterView$OnItemSelectedListener;)V\n": 0.3855594924289772, "setContentView(Landroid/view/View;Landroid/view/ViewGroup$LayoutParams;)V\n": 0.3868728449636904, "valueOf(I)Ljava/lang/String;\n": 0.4015271193941332, "setHomeButtonEnabled(Z)V\n": 0.4175498954007153, "currentTimeMillis()J\n": 0.4073888291663103, "setPluginState(Landroid/webkit/WebSettings$PluginState;)V\n": 0.421355033834227, "setTitle(Ljava/lang/CharSequence;)V\n": 0.4482709761373049, "applyDimension(IFLandroid/util/DisplayMetrics;)F\n": 0.42790481336893027, "setCurrentItem(I)V\n": 0.49779096836298714, "format(Ljava/util/Date;)Ljava/lang/String;\n": 0.38687284496369034, "putExtra(Ljava/lang/String;J)Landroid/content/Intent;\n": 0.3878983552166754, "setDisplayShowHomeEnabled(Z)V\n": 0.38634179426383386, "setMediaController(Landroid/widget/MediaController;)V\n": 0.44437819625447245, "equalsIgnoreCase(Ljava/lang/String;)Z\n": 0.41618139382457603, "setBuiltInZoomControls(Z)V\n": 0.42426439863328147, "getBooleanExtra(Ljava/lang/String;Z)Z\n": 0.4157539105107646, "setType(Ljava/lang/String;)Landroid/content/Intent;\n": 0.4389803859582933, "populateIntentExtras(Lcom/facebook/AuthorizationClient$AuthorizationRequest;)Landroid/os/Bundle;\n": 0.390204787518483, "isFinishing()Z\n": 0.4018180252422473, "loadUrl(Ljava/lang/String;)V\n": 0.405923401723266, "replace(Ljava/lang/CharSequence;Ljava/lang/CharSequence;)Ljava/lang/String;\n": 0.3956654096219561, "getSerializableExtra(Ljava/lang/String;)Ljava/io/Serializable;\n": 0.45721336222981596, "onCreateOptionsMenu(Lcom/actionbarsherlock/view/Menu;)Z\n": 0.3905581671735055, "addRule(I)V\n": 0.39717273015274157, "setData(Landroid/net/Uri;)Landroid/content/Intent;\n": 0.390204787518483, "getPackageName()Ljava/lang/String;\n": 0.42504450068977606, "setAdapter(Landroid/support/v4/view/PagerAdapter;)V\n": 0.5000258983892246, "hasExtra(Ljava/lang/String;)Z\n": 0.38638364875530995, "setDisplayHomeAsUpEnabled(Z)V\n": 0.5430446927596223, "add(ILandroid/support/v4/app/Fragment;)Landroid/support/v4/app/FragmentTransaction;\n": 0.4407727886672419, "format(Ljava/lang/String;[Ljava/lang/Object;)Ljava/lang/String;\n": 0.41031968405239894, "setUseWideViewPort(Z)V\n": 0.40532402369429577, "notifyDataSetChanged()V\n": 0.4015271193941332, "setSelection(I)V\n": 0.44699284856006444, "booleanValue()Z\n": 0.4454899426854616, "addFlags(I)Landroid/content/Intent;\n": 0.39485008260798876, "valueOf(Z)Ljava/lang/Boolean;\n": 0.4018180252422473, "getName()Ljava/lang/String;\n": 0.42504450068977606, "setOnItemClickListener(Landroid/widget/AdapterView$OnItemClickListener;)V\n": 0.4343350908687876, "<init>(Lcom/facebook/LoginActivity;)V\n": 0.38687284496369034, "setDisplayShowTitleEnabled(Z)V\n": 0.4229726213150103, "findFragmentById(I)Landroid/support/v4/app/Fragment;\n": 0.4691748040400807, "beginTransaction()Landroid/support/v4/app/FragmentTransaction;\n": 0.5920553842780834, "putExtra(Ljava/lang/String;Ljava/io/Serializable;)Landroid/content/Intent;\n": 0.47350937347464456, "isEmpty()Z\n": 0.4396282329132845, "getPackageInfo(Ljava/lang/String;I)Landroid/content/pm/PackageInfo;\n": 0.3913009723676988, "setWebViewClient(Landroid/webkit/WebViewClient;)V\n": 0.3868728449636904, "getIntExtra(Ljava/lang/String;I)I\n": 0.4389803859582933, "setViewPager(Landroid/support/v4/view/ViewPager;)V\n": 0.4408453815747784, "getSupportActionBar()Landroid/support/v7/app/ActionBar;\n": 0.407311854959456, "cancelCurrentHandler()V\n": 0.3855594924289772, "putString(Ljava/lang/String;Ljava/lang/String;)V\n": 0.4807880417638451, "setOnCompletedListener(Lcom/facebook/AuthorizationClient$OnCompletedListener;)V\n": 0.3855594924289772, "addView(Landroid/view/View;)V\n": 0.39859626450804464, "getLayoutInflater()Landroid/view/LayoutInflater;\n": 0.3977478737187014, "onAuthClientCompleted(Lcom/facebook/AuthorizationClient$Result;)V\n": 0.3855594924289772, "hide()V\n": 0.4784653942190922, "replace(ILandroid/support/v4/app/Fragment;Ljava/lang/String;)Landroid/support/v4/app/FragmentTransaction;\n": 0.42528149561943207, "valueOf(Ljava/lang/Object;)Ljava/lang/String;\n": 0.4018180252422473, "show(Landroid/support/v4/app/FragmentManager;Ljava/lang/String;)V\n": 0.3950432640085676, "getExtras()Landroid/os/Bundle;\n": 0.4410936603563288, "destroy()V\n": 0.4389803859582933, "commit()I\n": 0.5886527671270599, "parseInt(Ljava/lang/String;)I\n": 0.4529162712268106, "toUpperCase()Ljava/lang/String;\n": 0.4923727638367655, "append(I)Ljava/lang/StringBuilder;\n": 0.40445797428022173, "getTime()J\n": 0.40878596787650595, "split(Ljava/lang/String;)[Ljava/lang/String;\n": 0.40445797428022173, "setOnPreparedListener(Landroid/media/MediaPlayer$OnPreparedListener;)V\n": 0.4088542566093546, "setBackgroundProcessingListener(Lcom/facebook/AuthorizationClient$BackgroundProcessingListener;)V\n": 0.3855594924289772, "ordinal()I\n": 0.3844957380656519, "execute([Ljava/lang/Object;)Landroid/os/AsyncTask;\n": 0.4413030335030462, "putSerializable(Ljava/lang/String;Ljava/io/Serializable;)V\n": 0.5492708732305877, "isPlaying()Z\n": 0.428387924277962, "getSerializable(Ljava/lang/String;)Ljava/io/Serializable;\n": 0.49238362086287873, "setContext(Landroid/app/Activity;)V\n": 0.3855594924289772, "d(Ljava/lang/String;Ljava/lang/String;)I\n": 0.436697378027196, "startOrContinueAuth(Lcom/facebook/AuthorizationClient$AuthorizationRequest;)V\n": 0.390204787518483, "pause()V\n": 0.40316954462456805, "create()Landroid/app/AlertDialog;\n": 0.4134312629660117, "valueOf(J)Ljava/lang/Long;\n": 0.38638364875530995, "unregisterReceiver(Landroid/content/BroadcastReceiver;)V\n": 0.3844957380656519, "put(Ljava/lang/Object;Ljava/lang/Object;)Ljava/lang/Object;\n": 0.42039920560027033}