{"getPackageName()Ljava/lang/String;\n": 0.427367148234529, "startService(Landroid/content/Intent;)Landroid/content/ComponentName;\n": 0.37368399797629187, "g()V\n": 0.37394625470521287, "setOnCheckedChangeListener(Landroid/widget/CompoundButton$OnCheckedChangeListener;)V\n": 0.369287715647159, "b()V\n": 0.4413030335030462, "findPreference(Ljava/lang/CharSequence;)Landroid/preference/Preference;\n": 0.41325053893848746, "setTheme(I)V\n": 0.3784856949536762, "makeText(Landroid/content/Context;II)Landroid/widget/Toast;\n": 0.3712313488041213, "isEmpty(Ljava/lang/CharSequence;)Z\n": 0.36928771564715906, "registerReceiver(Landroid/content/BroadcastReceiver;Landroid/content/IntentFilter;)Landroid/content/Intent;\n": 0.3844957380656519, "a(I)V\n": 0.39470358951872225, "d()V\n": 0.4436256810477991, "f()V\n": 0.4695611668412385, "a(Landroid/app/Activity;)V\n": 0.38671364484397347, "e()V\n": 0.427367148234529, "setText(I)V\n": 0.389803699849779, "getBoolean(Ljava/lang/String;Z)Z\n": 0.4018180252422473, "getPackageManager()Landroid/content/pm/PackageManager;\n": 0.4041406727870002, "setChecked(Z)V\n": 0.38101113519151325, "i()V\n": 0.435628623596673, "edit()Landroid/content/SharedPreferences$Editor;\n": 0.37394625470521287, "j()V\n": 0.41290017366989007, "b(Landroid/os/Bundle;)V\n": 0.3991796567135555, "b(I)V\n": 0.3669783120709542, "c(Ljava/lang/String;Ljava/lang/Throwable;)V\n": 0.39395979873090425, "a(Landroid/content/Context;)Z\n": 0.3729986725897421, "a(Z)V\n": 0.41110861542125887, "h()V\n": 0.4396282329132845, "b()I\n": 0.36635686076107044, "a()V\n": 0.3722185705332476, "a(Landroid/os/Bundle;)V\n": 0.4196254444051627, "addPreferencesFromResource(I)V\n": 0.3901717237431071, "getDefaultSharedPreferences(Landroid/content/Context;)Landroid/content/SharedPreferences;\n": 0.40532402369429577, "putBoolean(Ljava/lang/String;Z)Landroid/content/SharedPreferences$Editor;\n": 0.3640800351595111, "setContentView(Landroid/view/View;Landroid/view/ViewGroup$LayoutParams;)V\n": 0.4396282329132845, "unregisterReceiver(Landroid/content/BroadcastReceiver;)V\n": 0.3913009723676988, "b()Z\n": 0.36635686076107044, "c()V\n": 0.4018180252422473, "exists()Z\n": 0.36744327381632413, "a(Landroid/content/Context;)V\n": 0.4616096445589487}