{"getMenuInflater()Landroid/view/MenuInflater;\n": 0.322394037469742, "d()Z\n": 0.331027032396607, "a(Ljava/lang/String;)Ljava/lang/String;\n": 0.3251706562654025, "findPreference(Ljava/lang/CharSequence;)Landroid/preference/Preference;\n": 0.41325053893848746, "setTheme(I)V\n": 0.3784856949536762, "isEmpty(Ljava/lang/CharSequence;)Z\n": 0.36928771564715906, "e()V\n": 0.427367148234529, "setOnCheckedChangeListener(Landroid/widget/CompoundButton$OnCheckedChangeListener;)V\n": 0.369287715647159, "setSelection(I)V\n": 0.31441022398716395, "getPackageManager()Landroid/content/pm/PackageManager;\n": 0.4041406727870002, "setChecked(Z)V\n": 0.38101113519151325, "setClassName(Ljava/lang/String;Ljava/lang/String;)Landroid/content/Intent;\n": 0.320890045721595, "getWindowManager()Landroid/view/WindowManager;\n": 0.3165323276975649, "setEnabled(Z)V\n": 0.3460744841681784, "putString(Ljava/lang/String;Ljava/lang/String;)Landroid/content/SharedPreferences$Editor;\n": 0.35986712384072983, "b(Landroid/os/Bundle;)V\n": 0.3991796567135555, "a(Landroid/content/Context;)Z\n": 0.3729986725897421, "a(Ljava/lang/String;)Z\n": 0.3193813999710304, "onCreateOptionsMenu(Landroid/view/Menu;)Z\n": 0.35304242680243697, "addAction(Ljava/lang/String;)V\n": 0.334461246444414, "a()V\n": 0.3722185705332476, "setSummary(Ljava/lang/CharSequence;)V\n": 0.32046364828132773, "setDataAndType(Landroid/net/Uri;Ljava/lang/String;)Landroid/content/Intent;\n": 0.3136014728114763, "setContentView(Landroid/view/View;Landroid/view/ViewGroup$LayoutParams;)V\n": 0.4396282329132845, "isChecked()Z\n": 0.363655198828527, "getString(I[Ljava/lang/Object;)Ljava/lang/String;\n": 0.34557389539248695, "b()I\n": 0.36635686076107044, "b()V\n": 0.4413030335030462, "setProgress(I)V\n": 0.3167760707764464, "registerReceiver(Landroid/content/BroadcastReceiver;Landroid/content/IntentFilter;)Landroid/content/Intent;\n": 0.3844957380656519, "a(I)V\n": 0.39470358951872225, "setTitle(I)V\n": 0.3447148238895413, "i()V\n": 0.435628623596673, "getStringExtra(Ljava/lang/String;)Ljava/lang/String;\n": 0.32679031979887485, "getBooleanExtra(Ljava/lang/String;Z)Z\n": 0.35768772189194276, "h()V\n": 0.4396282329132845, "onOptionsItemSelected(Landroid/view/MenuItem;)Z\n": 0.3367838939891668, "getCount()I\n": 0.31644339504518254, "isFinishing()Z\n": 0.32749330381015535, "c()Z\n": 0.34291002167236195, "a(Landroid/os/Bundle;)V\n": 0.4196254444051627, "a(Landroid/app/Activity;)V\n": 0.38671364484397347, "putBoolean(Ljava/lang/String;Z)Landroid/content/SharedPreferences$Editor;\n": 0.3640800351595111, "<init>(Ljava/lang/Runnable;)V\n": 0.3295625239383526, "edit()Landroid/content/SharedPreferences$Editor;\n": 0.37394625470521287, "exists()Z\n": 0.36744327381632413, "setData(Landroid/net/Uri;)Landroid/content/Intent;\n": 0.3367838939891668, "getPackageName()Ljava/lang/String;\n": 0.427367148234529, "commit()Z\n": 0.3298159513549082, "g()V\n": 0.37394625470521287, "setText(I)V\n": 0.389803699849779, "format(Ljava/lang/String;[Ljava/lang/Object;)Ljava/lang/String;\n": 0.3370483119001848, "getDefault()Ljava/util/Locale;\n": 0.31653232769756484, "makeText(Landroid/content/Context;II)Landroid/widget/Toast;\n": 0.3712313488041213, "d()V\n": 0.4436256810477991, "setTextColor(I)V\n": 0.3194631825836534, "booleanValue()Z\n": 0.3370483119001848, "e(Ljava/lang/String;)V\n": 0.334461246444414, "addFlags(I)Landroid/content/Intent;\n": 0.3298159513549082, "b(Z)V\n": 0.3575642961028047, "a()I\n": 0.3391065415339197, "e()Z\n": 0.35049921077287804, "getAction()Ljava/lang/String;\n": 0.34291002167236195, "a()Z\n": 0.35768772189194276, "a()Ljava/lang/String;\n": 0.3579158202279329, "sendBroadcast(Landroid/content/Intent;)V\n": 0.34291002167236195, "addCategory(Ljava/lang/String;)Landroid/content/Intent;\n": 0.33335059892614977, "b(Landroid/content/Context;)V\n": 0.3320653523550279, "getPackageInfo(Ljava/lang/String;I)Landroid/content/pm/PackageInfo;\n": 0.35046956655541717, "getIntExtra(Ljava/lang/String;I)I\n": 0.334461246444414, "getDrawable(I)Landroid/graphics/drawable/Drawable;\n": 0.32532489235583056, "b()Z\n": 0.36635686076107044, "from(Landroid/content/Context;)Landroid/view/LayoutInflater;\n": 0.3447148238895413, "putInt(Ljava/lang/String;I)Landroid/content/SharedPreferences$Editor;\n": 0.32500402066674366, "a(Landroid/content/Context;)V\n": 0.4616096445589487, "setTitle(I)Landroid/app/AlertDialog$Builder;\n": 0.3572748008574641, "getStringArray(I)[Ljava/lang/String;\n": 0.32500402066674366, "startService(Landroid/content/Intent;)Landroid/content/ComponentName;\n": 0.37368399797629187, "valueOf(Ljava/lang/Object;)Ljava/lang/String;\n": 0.3298159513549082, "setAction(Ljava/lang/String;)Landroid/content/Intent;\n": 0.32749330381015535, "f()V\n": 0.4695611668412385, "getInt(Ljava/lang/String;I)I\n": 0.32749330381015535, "getBoolean(Ljava/lang/String;Z)Z\n": 0.4018180252422473, "close()V\n": 0.35304242680243697, "destroy()V\n": 0.34142918907867265, "b(Ljava/lang/String;)V\n": 0.3391065415339197, "setPositiveButton(ILandroid/content/DialogInterface$OnClickListener;)Landroid/app/AlertDialog$Builder;\n": 0.3165323276975649, "setNegativeButton(ILandroid/content/DialogInterface$OnClickListener;)Landroid/app/AlertDialog$Builder;\n": 0.3266512464982529, "j()V\n": 0.41290017366989007, "b(I)V\n": 0.3669783120709542, "c(Ljava/lang/String;Ljava/lang/Throwable;)V\n": 0.39395979873090425, "a(Z)V\n": 0.41110861542125887, "onWindowFocusChanged(Z)V\n": 0.3391065415339197, "addPreferencesFromResource(I)V\n": 0.3901717237431071, "getDefaultSharedPreferences(Landroid/content/Context;)Landroid/content/SharedPreferences;\n": 0.40532402369429577, "create()Landroid/app/AlertDialog;\n": 0.34142918907867265, "unregisterReceiver(Landroid/content/BroadcastReceiver;)V\n": 0.3913009723676988, "c()V\n": 0.4018180252422473, "inflate(ILandroid/view/Menu;)V\n": 0.322394037469742, "getString(Ljava/lang/String;Ljava/lang/String;)Ljava/lang/String;\n": 0.3517025863306276}