{"getPackageName()Ljava/lang/String;\n": 0.427367148234529, "b()V\n": 0.4413030335030462, "findPreference(Ljava/lang/CharSequence;)Landroid/preference/Preference;\n": 0.41325053893848746, "registerReceiver(Landroid/content/BroadcastReceiver;Landroid/content/IntentFilter;)Landroid/content/Intent;\n": 0.3844957380656519, "a(I)V\n": 0.39470358951872225, "d()V\n": 0.4436256810477991, "f()V\n": 0.4695611668412385, "a(Landroid/app/Activity;)V\n": 0.38671364484397347, "e()V\n": 0.427367148234529, "setText(I)V\n": 0.389803699849779, "getBoolean(Ljava/lang/String;Z)Z\n": 0.4018180252422473, "getPackageManager()Landroid/content/pm/PackageManager;\n": 0.4041406727870002, "i()V\n": 0.435628623596673, "j()V\n": 0.41290017366989007, "b(Landroid/os/Bundle;)V\n": 0.3991796567135555, "c(Ljava/lang/String;Ljava/lang/Throwable;)V\n": 0.39395979873090425, "a(Z)V\n": 0.41110861542125887, "h()V\n": 0.4396282329132845, "a(Landroid/os/Bundle;)V\n": 0.4196254444051627, "addPreferencesFromResource(I)V\n": 0.3901717237431071, "getDefaultSharedPreferences(Landroid/content/Context;)Landroid/content/SharedPreferences;\n": 0.40532402369429577, "setContentView(Landroid/view/View;Landroid/view/ViewGroup$LayoutParams;)V\n": 0.4396282329132845, "unregisterReceiver(Landroid/content/BroadcastReceiver;)V\n": 0.3913009723676988, "c()V\n": 0.4018180252422473, "a(Landroid/content/Context;)V\n": 0.4616096445589487}