{"cancel()V\n": 0.34943026993244225, "append(D)Ljava/lang/StringBuilder;\n": 0.37874526288033045, "isProviderEnabled(Ljava/lang/String;)Z\n": 0.3823626673630385, "setLongitude(D)V\n": 0.3377219262565083, "b()V\n": 0.33277467665050625, "format(Ljava/lang/String;[Ljava/lang/Object;)Ljava/lang/String;\n": 0.3796490781490157, "execute([Ljava/lang/Object;)Landroid/os/AsyncTask;\n": 0.3692431343656303, "getText()Landroid/text/Editable;\n": 0.37389681938918207, "<init>(Landroid/content/Context;ILjava/util/List;)V\n": 0.33525271684663244, "getLatitude()D\n": 0.4872948181239793, "setResult(ILandroid/content/Intent;)V\n": 0.35784674132965405, "setTextColor(I)V\n": 0.4170387600879339, "setCancelable(Z)Landroid/app/AlertDialog$Builder;\n": 0.34513552559001426, "parseDouble(Ljava/lang/String;)D\n": 0.3362671065305918, "setLatitude(D)V\n": 0.3377219262565083, "getInstance()Ljava/util/Calendar;\n": 0.40775295654478555, "valueOf(D)Ljava/lang/Double;\n": 0.350414251235221, "setOnItemClickListener(Landroid/widget/AdapterView$OnItemClickListener;)V\n": 0.3624052985440445, "post(Ljava/lang/Runnable;)Z\n": 0.3339082805879876, "getColor(I)I\n": 0.3405864461997474, "parseInt(Ljava/lang/String;)I\n": 0.3373332338648968, "b(I)V\n": 0.3373332338648968, "clear()V\n": 0.34645034829367777, "getOverlays()Ljava/util/List;\n": 0.33170088085135563, "addTextChangedListener(Landroid/text/TextWatcher;)V\n": 0.34943026993244225, "getLongitude()D\n": 0.4872948181239793, "<init>(DD)V\n": 0.48750608965846187, "getLayoutParams()Landroid/view/ViewGroup$LayoutParams;\n": 0.3339082805879876, "removeUpdates(Landroid/location/LocationListener;)V\n": 0.39488200101351867, "valueOf(I)Ljava/lang/String;\n": 0.36526843124943176, "onLocationChanged(Landroid/location/Location;)V\n": 0.35076452740071784, "create()Landroid/app/AlertDialog;\n": 0.36468457715123975, "append(I)Ljava/lang/StringBuilder;\n": 0.34082133152013905, "requestLocationUpdates(Ljava/lang/String;JFLandroid/location/LocationListener;)V\n": 0.3999835403848515, "getTime()J\n": 0.37836024879441127, "makeText(Landroid/content/Context;Ljava/lang/CharSequence;I)Landroid/widget/Toast;\n": 0.35556746272245876, "setMessage(Ljava/lang/CharSequence;)Landroid/app/AlertDialog$Builder;\n": 0.33505395525770154, "getSystemService(Ljava/lang/String;)Ljava/lang/Object;\n": 0.33219294338038874, "getAccuracy()F\n": 0.3537493673893208, "getExtras()Landroid/os/Bundle;\n": 0.34082133152013905}