{"cancel()V\n": 0.34943026993244225, "isProviderEnabled(Ljava/lang/String;)Z\n": 0.3823626673630385, "a(Ljava/lang/String;Ljava/lang/String;)V\n": 0.3236575622217253, "setJavaScriptEnabled(Z)V\n": 0.3190990050073348, "getSupportFragmentManager()Landroid/support/v4/app/FragmentManager;\n": 0.30486971427117926, "onCreateOptionsMenu(Landroid/view/Menu;)Z\n": 0.30542333336416333, "getLatitude()D\n": 0.4872948181239793, "e()V\n": 0.3213782836145301, "setText(I)V\n": 0.31062197303101285, "setSelection(I)V\n": 0.32712621014952037, "getPackageManager()Landroid/content/pm/PackageManager;\n": 0.3236575622217253, "setEnabled(Z)V\n": 0.3031440547569681, "post(Ljava/lang/Runnable;)Z\n": 0.3339082805879876, "getColor(I)I\n": 0.3405864461997474, "putInt(Ljava/lang/String;I)V\n": 0.30774584365109603, "clear()V\n": 0.34645034829367777, "getOverlays()Ljava/util/List;\n": 0.33170088085135563, "setNegativeButton(Ljava/lang/CharSequence;Landroid/content/DialogInterface$OnClickListener;)Landroid/app/AlertDialog$Builder;\n": 0.31925036117076316, "getCount()I\n": 0.29717836972330897, "valueOf(I)Ljava/lang/String;\n": 0.36526843124943176, "i()V\n": 0.3159741802580595, "isChecked()Z\n": 0.31225683696090584, "getAccuracy()F\n": 0.3537493673893208, "b()I\n": 0.3163742317908464, "b()Ljava/lang/String;\n": 0.30770261197135856, "b()V\n": 0.33277467665050625, "get(I)I\n": 0.3233676197757139, "onNewIntent(Landroid/content/Intent;)V\n": 0.30774584365109603, "currentTimeMillis()J\n": 0.32212649055068, "execute([Ljava/lang/Object;)Landroid/os/AsyncTask;\n": 0.3692431343656303, "getText()Landroid/text/Editable;\n": 0.37389681938918207, "a(I)V\n": 0.3071956181409486, "inflate(ILandroid/view/ViewGroup;)Landroid/view/View;\n": 0.2985854975425775, "getBoolean(Ljava/lang/String;)Z\n": 0.3031440547569681, "setMargins(IIII)V\n": 0.31454044779294427, "setTitle(Ljava/lang/CharSequence;)Landroid/app/AlertDialog$Builder;\n": 0.3282161194361158, "format(Ljava/util/Date;)Ljava/lang/String;\n": 0.3019935848912625, "getInstance()Ljava/util/Calendar;\n": 0.40775295654478555, "valueOf(D)Ljava/lang/Double;\n": 0.350414251235221, "setBuiltInZoomControls(Z)V\n": 0.3159741802580595, "parseDouble(Ljava/lang/String;)D\n": 0.3362671065305918, "makeText(Landroid/content/Context;Ljava/lang/CharSequence;I)Landroid/widget/Toast;\n": 0.35556746272245876, "h()V\n": 0.32787874931051353, "onOptionsItemSelected(Landroid/view/MenuItem;)Z\n": 0.3213782836145301, "getLayoutParams()Landroid/view/ViewGroup$LayoutParams;\n": 0.3339082805879876, "isFinishing()Z\n": 0.3099818905785538, "getSystemService(Ljava/lang/String;)Ljava/lang/Object;\n": 0.33219294338038874, "getPackageName()Ljava/lang/String;\n": 0.3008647761497728, "containsKey(Ljava/lang/String;)Z\n": 0.29738746377229125, "setLongitude(D)V\n": 0.3377219262565083, "setGravity(I)V\n": 0.2991174555113457, "format(Ljava/lang/String;[Ljava/lang/Object;)Ljava/lang/String;\n": 0.3796490781490157, "<init>(DD)V\n": 0.48750608965846187, "<init>(Landroid/content/Context;ILjava/util/List;)V\n": 0.33525271684663244, "setTextColor(I)V\n": 0.4170387600879339, "setPositiveButton(Ljava/lang/CharSequence;Landroid/content/DialogInterface$OnClickListener;)Landroid/app/AlertDialog$Builder;\n": 0.2985854975425775, "setCancelable(Z)Landroid/app/AlertDialog$Builder;\n": 0.34513552559001426, "b(Z)V\n": 0.32500261993059676, "getIntExtra(Ljava/lang/String;I)I\n": 0.30542333336416333, "getName()Ljava/lang/String;\n": 0.3031440547569681, "setOnItemClickListener(Landroid/widget/AdapterView$OnItemClickListener;)V\n": 0.3624052985440445, "addTextChangedListener(Landroid/text/TextWatcher;)V\n": 0.34943026993244225, "getLongitude()D\n": 0.4872948181239793, "getDefaultDisplay()Landroid/view/Display;\n": 0.3031440547569681, "getWindowManager()Landroid/view/WindowManager;\n": 0.30486971427117926, "setAdapter(Landroid/widget/SpinnerAdapter;)V\n": 0.30630777896113764, "size()I\n": 0.30486971427117926, "getHeight()I\n": 0.32212649055068, "requestLocationUpdates(Ljava/lang/String;JFLandroid/location/LocationListener;)V\n": 0.3999835403848515, "getDrawable(I)Landroid/graphics/drawable/Drawable;\n": 0.31062197303101285, "setTag(Ljava/lang/Object;)V\n": 0.3019935848912625, "addView(Landroid/view/View;)V\n": 0.30630777896113764, "trim()Ljava/lang/String;\n": 0.3172128665585882, "append(D)Ljava/lang/StringBuilder;\n": 0.37874526288033045, "valueOf(Ljava/lang/Object;)Ljava/lang/String;\n": 0.3282161194361158, "getExtras()Landroid/os/Bundle;\n": 0.34082133152013905, "getClass()Ljava/lang/Class;\n": 0.3105347009468285, "show()Landroid/app/AlertDialog;\n": 0.31925036117076316, "parseInt(Ljava/lang/String;)I\n": 0.3373332338648968, "f()V\n": 0.32055194936446807, "setResult(ILandroid/content/Intent;)V\n": 0.35784674132965405, "getTime()J\n": 0.37836024879441127, "getBoolean(Ljava/lang/String;Z)Z\n": 0.2963062189353823, "split(Ljava/lang/String;)[Ljava/lang/String;\n": 0.31925036117076316, "close()V\n": 0.32593684082892055, "fromHtml(Ljava/lang/String;)Landroid/text/Spanned;\n": 0.29874969093380327, "b(Ljava/lang/String;)V\n": 0.3099818905785538, "setOnTouchListener(Landroid/view/View$OnTouchListener;)V\n": 0.32500261993059676, "setLatitude(D)V\n": 0.3377219262565083, "b(I)V\n": 0.3373332338648968, "a(Z)V\n": 0.3168197264001395, "getString(Ljava/lang/String;Ljava/lang/String;)Ljava/lang/String;\n": 0.2962413261314289, "isRouteDisplayed()Z\n": 0.3214376287817123, "removeUpdates(Landroid/location/LocationListener;)V\n": 0.39488200101351867, "onLocationChanged(Landroid/location/Location;)V\n": 0.35076452740071784, "create()Landroid/app/AlertDialog;\n": 0.36468457715123975, "append(I)Ljava/lang/StringBuilder;\n": 0.34082133152013905, "put(Ljava/lang/Object;Ljava/lang/Object;)Ljava/lang/Object;\n": 0.2985854975425775, "setMessage(Ljava/lang/CharSequence;)Landroid/app/AlertDialog$Builder;\n": 0.33505395525770154, "setMessage(Ljava/lang/CharSequence;)V\n": 0.32723011497622784}