{"cancel()V\n": 0.3659764022253048, "setHint(Ljava/lang/CharSequence;)V\n": 0.38604119888052785, "getSupportFragmentManager()Landroid/support/v4/app/FragmentManager;\n": 0.4158883083359672, "add(II)V\n": 0.36922931691539385, "getLatitude()D\n": 0.6064216842520168, "setOnCheckedChangeListener(Landroid/widget/CompoundButton$OnCheckedChangeListener;)V\n": 0.3804935586903529, "setSelection(I)V\n": 0.407911198313621, "setEnabled(Z)V\n": 0.37399567273807993, "post(Ljava/lang/Runnable;)Z\n": 0.3937986381487692, "getColor(I)I\n": 0.3629796142936481, "putInt(Ljava/lang/String;I)V\n": 0.37459443374941725, "clear()V\n": 0.3716581997834669, "putExtras(Landroid/os/Bundle;)Landroid/content/Intent;\n": 0.3693207268288539, "setArguments(Landroid/os/Bundle;)V\n": 0.3674337914352201, "setNegativeButton(Ljava/lang/CharSequence;Landroid/content/DialogInterface$OnClickListener;)Landroid/app/AlertDialog$Builder;\n": 0.35984662139707796, "<init>(Landroid/content/Context;I)V\n": 0.3643406236529097, "valueOf(I)Ljava/lang/String;\n": 0.3922918085722244, "isChecked()Z\n": 0.36978865641515174, "onNewIntent(Landroid/content/Intent;)V\n": 0.36574574633801366, "execute([Ljava/lang/Object;)Landroid/os/AsyncTask;\n": 0.43009502364879193, "putString(Ljava/lang/String;Ljava/lang/String;)V\n": 0.4113952400118879, "getText()Landroid/text/Editable;\n": 0.4453839330406457, "inflate(ILandroid/view/ViewGroup;)Landroid/view/View;\n": 0.3669832538742409, "getBoolean(Ljava/lang/String;)Z\n": 0.3693207268288539, "setTitle(Ljava/lang/CharSequence;)Landroid/app/AlertDialog$Builder;\n": 0.39269545637498393, "format(Ljava/util/Date;)Ljava/lang/String;\n": 0.4070396209245636, "getInstance()Ljava/util/Calendar;\n": 0.4016027328901391, "toLowerCase()Ljava/lang/String;\n": 0.37399567273807993, "valueOf(D)Ljava/lang/Double;\n": 0.42112616961945615, "equalsIgnoreCase(Ljava/lang/String;)Z\n": 0.3716448712789494, "setBuiltInZoomControls(Z)V\n": 0.3659764022253048, "getBooleanExtra(Ljava/lang/String;Z)Z\n": 0.37867061864730595, "parseDouble(Ljava/lang/String;)D\n": 0.4057089996188867, "<init>(DD)V\n": 0.5341964134887651, "getLayoutParams()Landroid/view/ViewGroup$LayoutParams;\n": 0.4006473101165739, "populateIntentExtras(Lcom/facebook/AuthorizationClient$AuthorizationRequest;)Landroid/os/Bundle;\n": 0.37399567273807993, "<init>(Lcom/facebook/LoginActivity;)V\n": 0.3804935586903529, "getSerializableExtra(Ljava/lang/String;)Ljava/io/Serializable;\n": 0.4217874332769029, "getTime()Ljava/util/Date;\n": 0.4011404959836279, "getLayoutInflater()Landroid/view/LayoutInflater;\n": 0.4498459944019372, "containsKey(Ljava/lang/String;)Z\n": 0.407911198313621, "setText(I)V\n": 0.37459443374941725, "format(Ljava/lang/String;[Ljava/lang/Object;)Ljava/lang/String;\n": 0.40998918339503143, "getDefault()Ljava/util/Locale;\n": 0.3627961838675458, "setSoftInputMode(I)V\n": 0.3622352433376262, "notifyDataSetChanged()V\n": 0.3627961838675458, "<init>(Landroid/content/Context;ILjava/util/List;)V\n": 0.36564171691472974, "addAll(Ljava/util/Collection;)Z\n": 0.3646457809196279, "setTextColor(I)V\n": 0.37459443374941725, "booleanValue()Z\n": 0.36574574633801366, "setCancelable(Z)Landroid/app/AlertDialog$Builder;\n": 0.38639268363128865, "getIntExtra(Ljava/lang/String;I)I\n": 0.3646457809196279, "runOnUiThread(Ljava/lang/Runnable;)V\n": 0.4117234525034679, "getName()Ljava/lang/String;\n": 0.43009502364879193, "setOnItemClickListener(Landroid/widget/AdapterView$OnItemClickListener;)V\n": 0.4043828211480489, "findFragmentById(I)Landroid/support/v4/app/Fragment;\n": 0.4207451318303399, "beginTransaction()Landroid/support/v4/app/FragmentTransaction;\n": 0.36640395027755046, "addTextChangedListener(Landroid/text/TextWatcher;)V\n": 0.4803440279207126, "putExtra(Ljava/lang/String;Ljava/io/Serializable;)Landroid/content/Intent;\n": 0.44603374021209025, "onActivityResult(IILandroid/content/Intent;)Z\n": 0.3672205275732476, "getCallingPackage()Ljava/lang/String;\n": 0.39819093351316004, "isEmpty()Z\n": 0.3716448712789494, "setAdapter(Landroid/widget/SpinnerAdapter;)V\n": 0.4070396209245636, "setOnItemSelectedListener(Landroid/widget/AdapterView$OnItemSelectedListener;)V\n": 0.3693207268288539, "cancelCurrentHandler()V\n": 0.37399567273807993, "getHeight()I\n": 0.3686953088084815, "setOnCompletedListener(Lcom/facebook/AuthorizationClient$OnCompletedListener;)V\n": 0.3646457809196279, "getDrawable(I)Landroid/graphics/drawable/Drawable;\n": 0.3775439962198851, "makeText(Landroid/content/Context;Ljava/lang/CharSequence;I)Landroid/widget/Toast;\n": 0.39737040228420994, "trim()Ljava/lang/String;\n": 0.4006473101165739, "hasExtra(Ljava/lang/String;)Z\n": 0.38503767317453946, "getStringArray(I)[Ljava/lang/String;\n": 0.3684808580126019, "onAuthClientCompleted(Lcom/facebook/AuthorizationClient$Result;)V\n": 0.37399567273807993, "getText()Ljava/lang/CharSequence;\n": 0.42697246926285565, "doubleValue()D\n": 0.40161785348691964, "append(D)Ljava/lang/StringBuilder;\n": 0.5325049217641434, "goBack()V\n": 0.3774131647948456, "getExtras()Landroid/os/Bundle;\n": 0.3716448712789494, "getClass()Ljava/lang/Class;\n": 0.3766769582292575, "remove(I)Ljava/lang/Object;\n": 0.3674337914352201, "commit()I\n": 0.37325262224535516, "setContext(Landroid/app/Activity;)V\n": 0.37867061864730595, "setResult(ILandroid/content/Intent;)V\n": 0.43944491546724396, "getTime()J\n": 0.4020453481934359, "putBoolean(Ljava/lang/String;Z)V\n": 0.4006473101165739, "getBoolean(Ljava/lang/String;Z)Z\n": 0.3623083079650149, "setOnEditorActionListener(Landroid/widget/TextView$OnEditorActionListener;)V\n": 0.3625346742160838, "setBackgroundProcessingListener(Lcom/facebook/AuthorizationClient$BackgroundProcessingListener;)V\n": 0.3646457809196279, "ordinal()I\n": 0.3835256301970622, "setTitle(Ljava/lang/CharSequence;)V\n": 0.3693207268288539, "fromHtml(Ljava/lang/String;)Landroid/text/Spanned;\n": 0.45542577956613717, "getVisibility()I\n": 0.42804199798779263, "setOnTouchListener(Landroid/view/View$OnTouchListener;)V\n": 0.38934224610175655, "putSerializable(Ljava/lang/String;Ljava/io/Serializable;)V\n": 0.4498459944019372, "getSerializable(Ljava/lang/String;)Ljava/io/Serializable;\n": 0.38049355869035295, "startOrContinueAuth(Lcom/facebook/AuthorizationClient$AuthorizationRequest;)V\n": 0.37399567273807993, "create()Landroid/app/AlertDialog;\n": 0.4558072261495349, "getLongitude()D\n": 0.6008066686570908, "setMessage(Ljava/lang/CharSequence;)Landroid/app/AlertDialog$Builder;\n": 0.39269545637498393, "setMessage(Ljava/lang/CharSequence;)V\n": 0.3629796142936481}