{"getLayoutInflater()Landroid/view/LayoutInflater;\n": 0.4498459944019372, "getText()Ljava/lang/CharSequence;\n": 0.42697246926285565, "setOnItemClickListener(Landroid/widget/AdapterView$OnItemClickListener;)V\n": 0.4043828211480489, "append(D)Ljava/lang/StringBuilder;\n": 0.5325049217641434, "containsKey(Ljava/lang/String;)Z\n": 0.407911198313621, "format(Ljava/lang/String;[Ljava/lang/Object;)Ljava/lang/String;\n": 0.40998918339503143, "doubleValue()D\n": 0.40161785348691964, "getSupportFragmentManager()Landroid/support/v4/app/FragmentManager;\n": 0.4158883083359672, "execute([Ljava/lang/Object;)Landroid/os/AsyncTask;\n": 0.43009502364879193, "getText()Landroid/text/Editable;\n": 0.4453839330406457, "getCallingPackage()Ljava/lang/String;\n": 0.39819093351316004, "getLatitude()D\n": 0.6064216842520168, "setResult(ILandroid/content/Intent;)V\n": 0.43944491546724396, "getTime()J\n": 0.4020453481934359, "putBoolean(Ljava/lang/String;Z)V\n": 0.4006473101165739, "setSelection(I)V\n": 0.407911198313621, "format(Ljava/util/Date;)Ljava/lang/String;\n": 0.4070396209245636, "getInstance()Ljava/util/Calendar;\n": 0.4016027328901391, "runOnUiThread(Ljava/lang/Runnable;)V\n": 0.4117234525034679, "parseDouble(Ljava/lang/String;)D\n": 0.4057089996188867, "getName()Ljava/lang/String;\n": 0.43009502364879193, "fromHtml(Ljava/lang/String;)Landroid/text/Spanned;\n": 0.45542577956613717, "valueOf(D)Ljava/lang/Double;\n": 0.42112616961945615, "getVisibility()I\n": 0.42804199798779263, "post(Ljava/lang/Runnable;)Z\n": 0.3937986381487692, "putSerializable(Ljava/lang/String;Ljava/io/Serializable;)V\n": 0.4498459944019372, "findFragmentById(I)Landroid/support/v4/app/Fragment;\n": 0.4207451318303399, "addTextChangedListener(Landroid/text/TextWatcher;)V\n": 0.4803440279207126, "putExtra(Ljava/lang/String;Ljava/io/Serializable;)Landroid/content/Intent;\n": 0.44603374021209025, "makeText(Landroid/content/Context;Ljava/lang/CharSequence;I)Landroid/widget/Toast;\n": 0.39737040228420994, "<init>(DD)V\n": 0.5341964134887651, "getLayoutParams()Landroid/view/ViewGroup$LayoutParams;\n": 0.4006473101165739, "setAdapter(Landroid/widget/SpinnerAdapter;)V\n": 0.4070396209245636, "getSerializableExtra(Ljava/lang/String;)Ljava/io/Serializable;\n": 0.4217874332769029, "getTime()Ljava/util/Date;\n": 0.4011404959836279, "create()Landroid/app/AlertDialog;\n": 0.4558072261495349, "putString(Ljava/lang/String;Ljava/lang/String;)V\n": 0.4113952400118879, "getLongitude()D\n": 0.6008066686570908, "setMessage(Ljava/lang/CharSequence;)Landroid/app/AlertDialog$Builder;\n": 0.39269545637498393, "trim()Ljava/lang/String;\n": 0.4006473101165739}