{"b(Ljava/lang/String;Ljava/lang/Throwable;)V\n": 0.4554148830951707, "<init>(Landroid/content/Context;II[Ljava/lang/Object;)V\n": 0.37345956723337975, "format(Ljava/lang/String;[Ljava/lang/Object;)Ljava/lang/String;\n": 0.39812999213980327, "v(Ljava/lang/String;)V\n": 0.4456461233386102, "getSupportFragmentManager()Landroid/support/v4/app/FragmentManager;\n": 0.37235179120988793, "a(Landroid/app/Activity;)Lcom/google/android/gms/internal/bs;\n": 0.4177921551819764, "myPid()I\n": 0.4367972935346763, "isDetached()Z\n": 0.37513079382043985, "obtain()Landroid/os/Message;\n": 0.37555419581040067, "onEvent(Ljava/lang/String;)V\n": 0.36321581783325857, "getName()Ljava/lang/String;\n": 0.37679677669195505, "setOnTouchListener(Landroid/view/View$OnTouchListener;)V\n": 0.36662330211435123, "queryIntentActivities(Landroid/content/Intent;I)Ljava/util/List;\n": 0.36662035162619716, "setOnKeyListener(Landroid/view/View$OnKeyListener;)V\n": 0.3921616786201523, "sendBroadcast(Landroid/content/Intent;)V\n": 0.4253403153436028, "<init>(Landroid/content/Context;I)V\n": 0.4181294535160177, "isFinished()Z\n": 0.43461048410690517, "killProcess(I)V\n": 0.44395790490409714, "isFinishing()Z\n": 0.374526916591401, "setComponent(Landroid/content/ComponentName;)Landroid/content/Intent;\n": 0.4124512148786451, "startSearch(Ljava/lang/String;ZLandroid/os/Bundle;Z)V\n": 0.36687499113543887, "elapsedRealtime()J\n": 0.380944524853193, "<init>(Ljava/lang/String;Ljava/lang/String;)V\n": 0.37235179120988793, "getInstance(Landroid/content/Context;)Landroid/appwidget/AppWidgetManager;\n": 0.3725826308583909, "setListAdapter(Landroid/widget/ListAdapter;)V\n": 0.41865183508982656}