{"b(Ljava/lang/String;Ljava/lang/Throwable;)V\n": 0.4554148830951707, "cancel()V\n": 0.3553903079460605, "getAppName()Ljava/lang/String;\n": 0.36226055803294616, "<init>(Landroid/content/Context;II[Ljava/lang/Object;)V\n": 0.37345956723337975, "format(Ljava/lang/String;[Ljava/lang/Object;)Ljava/lang/String;\n": 0.39812999213980327, "v(Ljava/lang/String;)V\n": 0.4456461233386102, "getSupportFragmentManager()Landroid/support/v4/app/FragmentManager;\n": 0.37235179120988793, "execute([Ljava/lang/Object;)Landroid/os/AsyncTask;\n": 0.3450187352841998, "a(Landroid/app/Activity;)Lcom/google/android/gms/internal/bs;\n": 0.4177921551819764, "getAdImplWithId(J)Lcom/millennialmedia/android/MMAdImpl;\n": 0.350646987384873, "setText(I)V\n": 0.34657359027997264, "myPid()I\n": 0.4367972935346763, "getPackageManager()Landroid/content/pm/PackageManager;\n": 0.3450187352841998, "isDetached()Z\n": 0.37513079382043985, "getLanguage()Ljava/lang/String;\n": 0.34398501143759513, "handleMessage(Landroid/os/Message;)Z\n": 0.35309718750471353, "obtain()Landroid/os/Message;\n": 0.37555419581040067, "getIntExtra(Ljava/lang/String;I)I\n": 0.3382091549825379, "onEvent(Ljava/lang/String;)V\n": 0.36321581783325857, "getName()Ljava/lang/String;\n": 0.37679677669195505, "putString(Ljava/lang/String;Ljava/lang/String;)Landroid/content/SharedPreferences$Editor;\n": 0.3516883255716224, "setOnTouchListener(Landroid/view/View$OnTouchListener;)V\n": 0.36662330211435123, "queryIntentActivities(Landroid/content/Intent;I)Ljava/util/List;\n": 0.36662035162619716, "onWindowFocusChanged(Z)V\n": 0.35636803578696946, "setOnKeyListener(Landroid/view/View$OnKeyListener;)V\n": 0.3921616786201523, "sendBroadcast(Landroid/content/Intent;)V\n": 0.4253403153436028, "addCategory(Ljava/lang/String;)Landroid/content/Intent;\n": 0.3442843608227461, "<init>(Landroid/content/Context;I)V\n": 0.4181294535160177, "isFinished()Z\n": 0.43461048410690517, "killProcess(I)V\n": 0.44395790490409714, "isFinishing()Z\n": 0.374526916591401, "setComponent(Landroid/content/ComponentName;)Landroid/content/Intent;\n": 0.4124512148786451, "startSearch(Ljava/lang/String;ZLandroid/os/Bundle;Z)V\n": 0.36687499113543887, "elapsedRealtime()J\n": 0.380944524853193, "overlayClosed(Lcom/millennialmedia/android/MMAdImpl;)V\n": 0.350646987384873, "<init>(Ljava/lang/String;Ljava/lang/String;)V\n": 0.37235179120988793, "getString(Ljava/lang/String;Ljava/lang/String;)Ljava/lang/String;\n": 0.34657359027997264, "getClassName()Ljava/lang/String;\n": 0.3606154692874018, "getInstance(Landroid/content/Context;)Landroid/appwidget/AppWidgetManager;\n": 0.3725826308583909, "setListAdapter(Landroid/widget/ListAdapter;)V\n": 0.41865183508982656}