{"getAdImplWithId(J)Lcom/millennialmedia/android/MMAdImpl;\n": 0.350646987384873, "cancel()V\n": 0.3553903079460605, "stopLoading()V\n": 0.31506690025452055, "onCreateSuper(Landroid/os/Bundle;)V\n": 0.33366943478143, "<init>(Landroid/content/Context;II[Ljava/lang/Object;)V\n": 0.37345956723337975, "contains(Ljava/lang/String;)Z\n": 0.31638540761778855, "setGravity(III)V\n": 0.3333877876019451, "getSupportFragmentManager()Landroid/support/v4/app/FragmentManager;\n": 0.37235179120988793, "getLatitude()D\n": 0.3162506717307541, "setDuration(J)V\n": 0.31359709013701326, "setText(I)V\n": 0.34657359027997264, "onDestroySuper()V\n": 0.33366943478143, "getPackageManager()Landroid/content/pm/PackageManager;\n": 0.3450187352841998, "postDelayed(Ljava/lang/Runnable;J)Z\n": 0.31551055397699845, "setOnPageChangeListener(Landroid/support/v4/view/ViewPager$OnPageChangeListener;)V\n": 0.33511661208889915, "putString(Ljava/lang/String;Ljava/lang/String;)Landroid/content/SharedPreferences$Editor;\n": 0.3516883255716224, "dispatchTouchEventSuper(Landroid/view/MotionEvent;)Z\n": 0.33366943478143, "onRetainNonConfigurationInstance()Ljava/lang/Object;\n": 0.33301850518508924, "d(Ljava/lang/String;Ljava/lang/String;)I\n": 0.31506690025452055, "showSoftInput(Landroid/view/View;I)Z\n": 0.31622702928677066, "startSearch(Ljava/lang/String;ZLandroid/os/Bundle;Z)V\n": 0.36687499113543887, "<init>(Landroid/content/Context;I)V\n": 0.4181294535160177, "getWrappedActivity()Lcom/millennialmedia/android/MMBaseActivity;\n": 0.3365487343627834, "setComponent(Landroid/content/ComponentName;)Landroid/content/Intent;\n": 0.4124512148786451, "setContentView(Landroid/view/View;Landroid/view/ViewGroup$LayoutParams;)V\n": 0.32079538935005736, "onRetainNonConfigurationInstanceSuper()Ljava/lang/Object;\n": 0.33366943478143, "setListAdapter(Landroid/widget/ListAdapter;)V\n": 0.41865183508982656, "b(Ljava/lang/String;Ljava/lang/Throwable;)V\n": 0.4554148830951707, "onSaveInstanceStateSuper(Landroid/os/Bundle;)V\n": 0.33366943478143, "onStartSuper()V\n": 0.33366943478143, "onResumeSuper()V\n": 0.33366943478143, "v(Ljava/lang/String;)V\n": 0.4456461233386102, "execute([Ljava/lang/Object;)Landroid/os/AsyncTask;\n": 0.3450187352841998, "applyDimension(IFLandroid/util/DisplayMetrics;)F\n": 0.33798085663666755, "inflate(ILandroid/view/ViewGroup;)Landroid/view/View;\n": 0.3177804140775524, "setCurrentItem(I)V\n": 0.32967899219532165, "myPid()I\n": 0.4367972935346763, "getInstance(Landroid/content/Context;)Landroid/appwidget/AppWidgetManager;\n": 0.3725826308583909, "onEvent(Ljava/lang/String;)V\n": 0.36321581783325857, "isFinishing()Z\n": 0.374526916591401, "elapsedRealtime()J\n": 0.380944524853193, "isInitialized()Z\n": 0.3240527226463333, "getRunningTasks(I)Ljava/util/List;\n": 0.32459147301782, "setData(Landroid/net/Uri;)Landroid/content/Intent;\n": 0.3109708337758906, "getConfiguration()Landroid/content/res/Configuration;\n": 0.32920320936152053, "<init>(Landroid/os/Handler$Callback;)V\n": 0.3145794519315633, "getPackageName()Ljava/lang/String;\n": 0.32005027417810633, "setAdapter(Landroid/support/v4/view/PagerAdapter;)V\n": 0.3183704842016792, "onKeyDownSuper(ILandroid/view/KeyEvent;)Z\n": 0.33366943478143, "format(Ljava/lang/String;[Ljava/lang/Object;)Ljava/lang/String;\n": 0.39812999213980327, "a(Landroid/webkit/WebView;)V\n": 0.32920320936152053, "getActivity(Landroid/content/Context;ILandroid/content/Intent;I)Landroid/app/PendingIntent;\n": 0.32358184293023673, "makeText(Landroid/content/Context;II)Landroid/widget/Toast;\n": 0.32577444895055546, "a(Landroid/app/Activity;)Lcom/google/android/gms/internal/bs;\n": 0.4177921551819764, "getLanguage()Ljava/lang/String;\n": 0.34398501143759513, "getIntExtra(Ljava/lang/String;I)I\n": 0.3382091549825379, "getName()Ljava/lang/String;\n": 0.37679677669195505, "setOnItemClickListener(Landroid/widget/AdapterView$OnItemClickListener;)V\n": 0.31324069387644454, "onSearchRequested()Z\n": 0.3284513361245641, "onResumeFragments()V\n": 0.31912508239946713, "overlayClosed(Lcom/millennialmedia/android/MMAdImpl;)V\n": 0.350646987384873, "getLongitude()D\n": 0.3162506717307541, "setOnKeyListener(Landroid/view/View$OnKeyListener;)V\n": 0.3921616786201523, "sendBroadcast(Landroid/content/Intent;)V\n": 0.4253403153436028, "addCategory(Ljava/lang/String;)Landroid/content/Intent;\n": 0.3442843608227461, "onRestoreInstanceStateSuper(Landroid/os/Bundle;)V\n": 0.33366943478143, "killProcess(I)V\n": 0.44395790490409714, "getPackageInfo(Ljava/lang/String;I)Landroid/content/pm/PackageInfo;\n": 0.33252849430456616, "contains(Ljava/lang/Object;)Z\n": 0.31466850182724104, "from(Landroid/content/Context;)Landroid/view/LayoutInflater;\n": 0.31096651945280296, "onConfigurationChangedSuper(Landroid/content/res/Configuration;)V\n": 0.3365487343627834, "getAppName()Ljava/lang/String;\n": 0.36226055803294616, "b(Landroid/webkit/WebView;)V\n": 0.32587792441847485, "getLongExtra(Ljava/lang/String;J)J\n": 0.3336994677098988, "destroy()V\n": 0.3313995746808761, "addView(Landroid/view/View;ILandroid/view/ViewGroup$LayoutParams;)V\n": 0.32587792441847485, "append(I)Ljava/lang/StringBuilder;\n": 0.32938812299336245, "getClass()Ljava/lang/Class;\n": 0.32587792441847485, "onRestartSuper()V\n": 0.33366943478143, "getLastNonConfigurationInstance()Ljava/lang/Object;\n": 0.31610231524594146, "isDetached()Z\n": 0.37513079382043985, "handleMessage(Landroid/os/Message;)Z\n": 0.35309718750471353, "obtain()Landroid/os/Message;\n": 0.37555419581040067, "onPauseSuper()V\n": 0.33366943478143, "commit()I\n": 0.31922735453238354, "setOnTouchListener(Landroid/view/View$OnTouchListener;)V\n": 0.36662330211435123, "onWindowFocusChangedSuper(Z)V\n": 0.3365487343627834, "queryIntentActivities(Landroid/content/Intent;I)Ljava/util/List;\n": 0.36662035162619716, "onActivityResultSuper(IILandroid/content/Intent;)V\n": 0.33366943478143, "onWindowFocusChanged(Z)V\n": 0.35636803578696946, "isFinished()Z\n": 0.43461048410690517, "<init>(Landroid/os/Bundle;)V\n": 0.32255263947542917, "getDefaultSharedPreferences(Landroid/content/Context;)Landroid/content/SharedPreferences;\n": 0.3368803960738699, "finishSuper()V\n": 0.32358184293023673, "setResult(ILandroid/content/Intent;)V\n": 0.31324069387644454, "<init>(Ljava/lang/String;Ljava/lang/String;)V\n": 0.37235179120988793, "getString(Ljava/lang/String;Ljava/lang/String;)Ljava/lang/String;\n": 0.34657359027997264, "getClassName()Ljava/lang/String;\n": 0.3606154692874018, "onStopSuper()V\n": 0.33366943478143, "put(Ljava/lang/Object;Ljava/lang/Object;)Ljava/lang/Object;\n": 0.3313995746808761}