{"b(Ljava/lang/String;Ljava/lang/Throwable;)V\n": 1.3862943611198906, "append(Ljava/lang/Object;)Ljava/lang/StringBuilder;\n": 0.6931471805599453, "d(Ljava/lang/String;Ljava/lang/String;)I\n": 1.3862943611198906, "get(Ljava/lang/Object;)Ljava/lang/Object;\n": 2.772588722239781, "add(Ljava/lang/Object;)Z\n": 1.3862943611198906, "length()I\n": 0.6931471805599453, "valueOf(I)Ljava/lang/Integer;\n": 0.6931471805599453, "onRestart()V\n": 0.6931471805599453, "b()V\n": 1.0986122886681098, "getExtras()Landroid/os/Bundle;\n": 0.6931471805599453, "printStackTrace()V\n": 0.6931471805599453, "onConfigurationChanged(Landroid/content/res/Configuration;)V\n": 0.6931471805599453, "setImageResource(I)V\n": 0.6931471805599453, "a()Ljava/lang/Object;\n": 1.9459101490553132, "execute([Ljava/lang/Object;)Landroid/os/AsyncTask;\n": 1.0986122886681098, "isEmpty(Ljava/lang/CharSequence;)Z\n": 1.3862943611198906, "onWindowFocusChanged(Z)V\n": 1.0986122886681098, "append(I)Ljava/lang/StringBuilder;\n": 2.0794415416798357, "e()V\n": 1.0986122886681098, "get(I)Ljava/lang/Object;\n": 1.3862943611198906, "e(Ljava/lang/String;)V\n": 1.0986122886681098, "setLayoutParams(Landroid/view/ViewGroup$LayoutParams;)V\n": 1.3862943611198906, "a(Ljava/lang/String;)V\n": 4.1588830833596715, "valueOf(Z)Ljava/lang/Boolean;\n": 1.0986122886681098, "close()V\n": 1.0986122886681098, "getStringExtra(Ljava/lang/String;)Ljava/lang/String;\n": 1.3862943611198906, "equalsIgnoreCase(Ljava/lang/String;)Z\n": 1.3862943611198906, "valueOf(Ljava/lang/Object;)Ljava/lang/String;\n": 2.1972245773362196, "getSettings()Landroid/webkit/WebSettings;\n": 0.6931471805599453, "onKeyDown(ILandroid/view/KeyEvent;)Z\n": 0.6931471805599453, "intValue()I\n": 0.6931471805599453, "i(Ljava/lang/String;Ljava/lang/String;)V\n": 3.1354942159291497, "setRequestedOrientation(I)V\n": 0.6931471805599453, "getDisplayMetrics()Landroid/util/DisplayMetrics;\n": 0.6931471805599453, "getMessage()Ljava/lang/String;\n": 0.6931471805599453, "makeText(Landroid/content/Context;Ljava/lang/CharSequence;I)Landroid/widget/Toast;\n": 1.0986122886681098, "start()V\n": 0.6931471805599453, "c(Ljava/lang/String;Ljava/lang/Throwable;)V\n": 1.791759469228055, "setBackgroundColor(I)V\n": 1.3862943611198906, "d(Ljava/lang/String;)V\n": 1.0986122886681098, "setBackgroundResource(I)V\n": 1.0986122886681098, "onBackPressed()V\n": 0.6931471805599453, "loadUrl(Ljava/lang/String;)V\n": 0.6931471805599453, "a()V\n": 0.6931471805599453, "addView(Landroid/view/View;Landroid/view/ViewGroup$LayoutParams;)V\n": 1.3862943611198906, "size()I\n": 0.6931471805599453, "onClick(Landroid/view/View;)V\n": 0.6931471805599453, "addRule(I)V\n": 2.1972245773362196, "addView(Landroid/view/View;)V\n": 2.0794415416798357, "format(Ljava/lang/String;[Ljava/lang/Object;)Ljava/lang/String;\n": 1.3862943611198906}