{"b(Ljava/lang/String;Ljava/lang/Throwable;)V\n": 2.772588722239781, "append(Ljava/lang/Object;)Ljava/lang/StringBuilder;\n": 0.6931471805599453, "getPackageName()Ljava/lang/String;\n": 1.0986122886681098, "getColumnIndex(Ljava/lang/String;)I\n": 2.3978952727983707, "get(I)Ljava/lang/Object;\n": 2.0794415416798357, "add(Ljava/lang/Object;)Z\n": 2.0794415416798357, "length()I\n": 1.3862943611198906, "valueOf(I)Ljava/lang/Integer;\n": 2.772588722239781, "onRestart()V\n": 0.6931471805599453, "b()V\n": 1.0986122886681098, "getExtras()Landroid/os/Bundle;\n": 1.3862943611198906, "findPreference(Ljava/lang/CharSequence;)Landroid/preference/Preference;\n": 2.0794415416798357, "printStackTrace()V\n": 0.6931471805599453, "onConfigurationChanged(Landroid/content/res/Configuration;)V\n": 0.6931471805599453, "setImageResource(I)V\n": 0.6931471805599453, "execute([Ljava/lang/Object;)Landroid/os/AsyncTask;\n": 1.0986122886681098, "isEmpty(Ljava/lang/CharSequence;)Z\n": 1.3862943611198906, "getText()Landroid/text/Editable;\n": 1.3862943611198906, "setAdapter(Landroid/widget/ListAdapter;)V\n": 0.6931471805599453, "onWindowFocusChanged(Z)V\n": 1.0986122886681098, "append(I)Ljava/lang/StringBuilder;\n": 0.6931471805599453, "setTextColor(I)V\n": 1.3862943611198906, "booleanValue()Z\n": 2.772588722239781, "get(Ljava/lang/Object;)Ljava/lang/Object;\n": 2.0794415416798357, "e(Ljava/lang/String;)V\n": 1.0986122886681098, "setLayoutParams(Landroid/view/ViewGroup$LayoutParams;)V\n": 0.6931471805599453, "a(Ljava/lang/String;)V\n": 2.772588722239781, "valueOf(Z)Ljava/lang/Boolean;\n": 1.0986122886681098, "setEnabled(Z)V\n": 1.0986122886681098, "close()V\n": 1.0986122886681098, "setTypeface(Landroid/graphics/Typeface;)V\n": 2.302585092994046, "getStringExtra(Ljava/lang/String;)Ljava/lang/String;\n": 1.3862943611198906, "equalsIgnoreCase(Ljava/lang/String;)Z\n": 1.3862943611198906, "valueOf(Ljava/lang/Object;)Ljava/lang/String;\n": 1.0986122886681098, "getSettings()Landroid/webkit/WebSettings;\n": 0.6931471805599453, "onKeyDown(ILandroid/view/KeyEvent;)Z\n": 0.6931471805599453, "intValue()I\n": 0.6931471805599453, "onBackPressed()V\n": 0.6931471805599453, "loadUrl(Ljava/lang/String;)V\n": 0.6931471805599453, "makeText(Landroid/content/Context;Ljava/lang/CharSequence;I)Landroid/widget/Toast;\n": 1.0986122886681098, "setBackgroundColor(I)V\n": 0.6931471805599453, "d(Ljava/lang/String;)V\n": 1.0986122886681098, "setBackgroundResource(I)V\n": 1.0986122886681098, "startActivityForResult(Landroid/content/Intent;I)V\n": 0.6931471805599453, "a()V\n": 0.6931471805599453, "addView(Landroid/view/View;Landroid/view/ViewGroup$LayoutParams;)V\n": 0.6931471805599453, "getSharedPreferences(Ljava/lang/String;I)Landroid/content/SharedPreferences;\n": 1.3862943611198906, "create()Landroid/app/AlertDialog;\n": 1.0986122886681098, "size()I\n": 1.3862943611198906, "addRule(I)V\n": 1.0986122886681098, "put(Ljava/lang/Object;Ljava/lang/Object;)Ljava/lang/Object;\n": 2.1972245773362196, "c()V\n": 1.0986122886681098, "addView(Landroid/view/View;)V\n": 0.6931471805599453, "getSystemService(Ljava/lang/String;)Ljava/lang/Object;\n": 0.6931471805599453, "getString(Ljava/lang/String;Ljava/lang/String;)Ljava/lang/String;\n": 1.3862943611198906}