{"length()I\n": 2.0794415416798357, "getPackageName()Ljava/lang/String;\n": 1.0986122886681098, "get(I)Ljava/lang/Object;\n": 4.1588830833596715, "add(Ljava/lang/Object;)Z\n": 4.1588830833596715, "hasNext()Z\n": 0.6931471805599453, "valueOf(I)Ljava/lang/Integer;\n": 0.6931471805599453, "a(Ljava/lang/String;Ljava/lang/String;)V\n": 2.1972245773362196, "b()V\n": 1.0986122886681098, "getExtras()Landroid/os/Bundle;\n": 0.6931471805599453, "printStackTrace()V\n": 0.6931471805599453, "getText()Landroid/text/Editable;\n": 2.772588722239781, "setAdapter(Landroid/widget/ListAdapter;)V\n": 0.6931471805599453, "d()V\n": 1.0986122886681098, "append(I)Ljava/lang/StringBuilder;\n": 1.3862943611198906, "setTextColor(I)V\n": 1.3862943611198906, "get(Ljava/lang/Object;)Ljava/lang/Object;\n": 1.3862943611198906, "setText(I)V\n": 1.3862943611198906, "iterator()Ljava/util/Iterator;\n": 0.6931471805599453, "a(Ljava/lang/String;)V\n": 0.6931471805599453, "setEnabled(Z)V\n": 1.0986122886681098, "getName()Ljava/lang/String;\n": 1.0986122886681098, "next()Ljava/lang/Object;\n": 0.6931471805599453, "getStringExtra(Ljava/lang/String;)Ljava/lang/String;\n": 2.772588722239781, "equalsIgnoreCase(Ljava/lang/String;)Z\n": 1.3862943611198906, "getBooleanExtra(Ljava/lang/String;Z)Z\n": 1.0986122886681098, "a()Ljava/lang/String;\n": 1.9459101490553132, "parseInt(Ljava/lang/String;)I\n": 1.0986122886681098, "intValue()I\n": 0.6931471805599453, "onBackPressed()V\n": 0.6931471805599453, "a(I)V\n": 1.6094379124341003, "setTypeface(Landroid/graphics/Typeface;)V\n": 2.302585092994046, "setBackgroundResource(I)V\n": 1.0986122886681098, "a()V\n": 1.3862943611198906, "valueOf(Ljava/lang/Object;)Ljava/lang/String;\n": 4.394449154672439, "size()I\n": 2.0794415416798357, "putString(Ljava/lang/String;Ljava/lang/String;)V\n": 1.0986122886681098, "getId()I\n": 1.0986122886681098, "c()V\n": 1.0986122886681098, "addView(Landroid/view/View;)V\n": 0.6931471805599453, "trim()Ljava/lang/String;\n": 1.6094379124341003, "put(Ljava/lang/Object;Ljava/lang/Object;)Ljava/lang/Object;\n": 2.1972245773362196}