{"length()I\n": 0.6931471805599453, "get(I)Ljava/lang/Object;\n": 2.0794415416798357, "add(Ljava/lang/Object;)Z\n": 1.3862943611198906, "hasNext()Z\n": 0.6931471805599453, "valueOf(I)Ljava/lang/Integer;\n": 2.0794415416798357, "valueOf(Ljava/lang/Object;)Ljava/lang/String;\n": 2.1972245773362196, "b()V\n": 1.0986122886681098, "get(I)I\n": 2.3978952727983707, "getExtras()Landroid/os/Bundle;\n": 1.3862943611198906, "printStackTrace()V\n": 0.6931471805599453, "findPreference(Ljava/lang/CharSequence;)Landroid/preference/Preference;\n": 2.0794415416798357, "setImageResource(I)V\n": 0.6931471805599453, "getSupportFragmentManager()Landroid/support/v4/app/FragmentManager;\n": 1.3862943611198906, "setClass(Landroid/content/Context;Ljava/lang/Class;)Landroid/content/Intent;\n": 4.605170185988092, "c()V\n": 1.0986122886681098, "getText()Landroid/text/Editable;\n": 1.3862943611198906, "append(I)Ljava/lang/StringBuilder;\n": 1.3862943611198906, "setTextColor(I)V\n": 1.3862943611198906, "get(Ljava/lang/Object;)Ljava/lang/Object;\n": 1.3862943611198906, "setText(I)V\n": 1.3862943611198906, "iterator()Ljava/util/Iterator;\n": 0.6931471805599453, "setLayoutParams(Landroid/view/ViewGroup$LayoutParams;)V\n": 0.6931471805599453, "a(Ljava/lang/String;)V\n": 1.3862943611198906, "setEnabled(Z)V\n": 1.0986122886681098, "close()V\n": 1.0986122886681098, "setBackgroundResource(I)V\n": 2.1972245773362196, "getName()Ljava/lang/String;\n": 1.0986122886681098, "getStringExtra(Ljava/lang/String;)Ljava/lang/String;\n": 0.6931471805599453, "equalsIgnoreCase(Ljava/lang/String;)Z\n": 1.3862943611198906, "next()Ljava/lang/Object;\n": 0.6931471805599453, "onKeyDown(ILandroid/view/KeyEvent;)Z\n": 0.6931471805599453, "intValue()I\n": 0.6931471805599453, "onBackPressed()V\n": 1.3862943611198906, "d(Ljava/lang/String;Ljava/lang/String;)I\n": 1.3862943611198906, "setTypeface(Landroid/graphics/Typeface;)V\n": 4.605170185988092, "onOptionsItemSelected(Landroid/view/MenuItem;)Z\n": 1.0986122886681098, "onOptionsItemSelected(Lcom/actionbarsherlock/view/MenuItem;)Z\n": 2.5649493574615367, "startActivityForResult(Landroid/content/Intent;I)V\n": 0.6931471805599453, "a()V\n": 1.3862943611198906, "addView(Landroid/view/View;Landroid/view/ViewGroup$LayoutParams;)V\n": 0.6931471805599453, "valueOf(I)Ljava/lang/String;\n": 1.3862943611198906, "create()Landroid/app/AlertDialog;\n": 1.0986122886681098, "size()I\n": 1.3862943611198906, "format(Ljava/lang/String;[Ljava/lang/Object;)Ljava/lang/String;\n": 1.3862943611198906, "getId()I\n": 1.0986122886681098, "getSupportActionBar()Lcom/actionbarsherlock/app/ActionBar;\n": 2.5649493574615367, "addView(Landroid/view/View;)V\n": 0.6931471805599453, "put(Ljava/lang/Object;Ljava/lang/Object;)Ljava/lang/Object;\n": 1.0986122886681098, "getItemId()I\n": 0.6931471805599453}