{"length()I\n": 2.0794415416798357, "get(I)Ljava/lang/Object;\n": 3.4657359027997265, "add(Ljava/lang/Object;)Z\n": 3.4657359027997265, "hasNext()Z\n": 0.6931471805599453, "valueOf(I)Ljava/lang/Integer;\n": 1.3862943611198906, "valueOf(Ljava/lang/Object;)Ljava/lang/String;\n": 2.1972245773362196, "b()V\n": 1.0986122886681098, "getExtras()Landroid/os/Bundle;\n": 1.3862943611198906, "printStackTrace()V\n": 1.3862943611198906, "setImageResource(I)V\n": 0.6931471805599453, "getSupportFragmentManager()Landroid/support/v4/app/FragmentManager;\n": 1.3862943611198906, "isEmpty(Ljava/lang/CharSequence;)Z\n": 2.772588722239781, "getText()Landroid/text/Editable;\n": 1.3862943611198906, "a(I)V\n": 1.6094379124341003, "append(I)Ljava/lang/StringBuilder;\n": 1.3862943611198906, "setTextColor(I)V\n": 1.3862943611198906, "get(Ljava/lang/Object;)Ljava/lang/Object;\n": 2.0794415416798357, "iterator()Ljava/util/Iterator;\n": 0.6931471805599453, "ordinal()I\n": 1.6094379124341003, "setLayoutParams(Landroid/view/ViewGroup$LayoutParams;)V\n": 0.6931471805599453, "a(Ljava/lang/String;)V\n": 0.6931471805599453, "setEnabled(Z)V\n": 1.0986122886681098, "getName()Ljava/lang/String;\n": 1.0986122886681098, "getStringExtra(Ljava/lang/String;)Ljava/lang/String;\n": 1.3862943611198906, "equalsIgnoreCase(Ljava/lang/String;)Z\n": 4.1588830833596715, "putSerializable(Ljava/lang/String;Ljava/io/Serializable;)V\n": 1.791759469228055, "next()Ljava/lang/Object;\n": 0.6931471805599453, "parseInt(Ljava/lang/String;)I\n": 1.0986122886681098, "clear()V\n": 1.0986122886681098, "onBackPressed()V\n": 0.6931471805599453, "setAdapter(Landroid/widget/ListAdapter;)V\n": 0.6931471805599453, "setTypeface(Landroid/graphics/Typeface;)V\n": 2.302585092994046, "onOptionsItemSelected(Landroid/view/MenuItem;)Z\n": 1.0986122886681098, "getInt(Ljava/lang/String;)I\n": 0.6931471805599453, "setBackgroundResource(I)V\n": 1.0986122886681098, "a()V\n": 0.6931471805599453, "valueOf(I)Ljava/lang/String;\n": 1.3862943611198906, "size()I\n": 2.772588722239781, "putString(Ljava/lang/String;Ljava/lang/String;)V\n": 1.0986122886681098, "getId()I\n": 1.0986122886681098, "c()V\n": 1.0986122886681098, "addView(Landroid/view/View;)V\n": 0.6931471805599453, "trim()Ljava/lang/String;\n": 1.6094379124341003, "put(Ljava/lang/Object;Ljava/lang/Object;)Ljava/lang/Object;\n": 3.295836866004329, "getItemId()I\n": 0.6931471805599453}