{"length()I\n": 1.3862943611198906, "getText()Ljava/lang/CharSequence;\n": 1.791759469228055, "get(I)Ljava/lang/Object;\n": 1.3862943611198906, "add(Ljava/lang/Object;)Z\n": 2.0794415416798357, "hasNext()Z\n": 0.6931471805599453, "valueOf(I)Ljava/lang/Integer;\n": 1.3862943611198906, "valueOf(Ljava/lang/Object;)Ljava/lang/String;\n": 2.1972245773362196, "b()V\n": 1.0986122886681098, "getExtras()Landroid/os/Bundle;\n": 1.3862943611198906, "printStackTrace()V\n": 0.6931471805599453, "setImageResource(I)V\n": 0.6931471805599453, "getSupportFragmentManager()Landroid/support/v4/app/FragmentManager;\n": 1.3862943611198906, "getText()Landroid/text/Editable;\n": 2.772588722239781, "setAdapter(Landroid/widget/ListAdapter;)V\n": 0.6931471805599453, "getInt(Ljava/lang/String;I)I\n": 1.0986122886681098, "append(I)Ljava/lang/StringBuilder;\n": 1.3862943611198906, "setTextColor(I)V\n": 4.1588830833596715, "get(Ljava/lang/Object;)Ljava/lang/Object;\n": 1.3862943611198906, "e(Ljava/lang/String;)V\n": 1.0986122886681098, "iterator()Ljava/util/Iterator;\n": 0.6931471805599453, "setChecked(Z)V\n": 6.931471805599453, "setBackgroundColor(I)V\n": 2.0794415416798357, "a(Ljava/lang/String;)V\n": 2.0794415416798357, "close()V\n": 1.0986122886681098, "getName()Ljava/lang/String;\n": 1.0986122886681098, "getStringExtra(Ljava/lang/String;)Ljava/lang/String;\n": 0.6931471805599453, "equalsIgnoreCase(Ljava/lang/String;)Z\n": 1.3862943611198906, "next()Ljava/lang/Object;\n": 0.6931471805599453, "onKeyDown(ILandroid/view/KeyEvent;)Z\n": 0.6931471805599453, "onBackPressed()V\n": 0.6931471805599453, "onOptionsItemSelected(Landroid/view/MenuItem;)Z\n": 1.0986122886681098, "getLayoutParams()Landroid/view/ViewGroup$LayoutParams;\n": 1.6094379124341003, "setLayoutParams(Landroid/view/ViewGroup$LayoutParams;)V\n": 0.6931471805599453, "setBackgroundResource(I)V\n": 2.1972245773362196, "a()V\n": 0.6931471805599453, "addView(Landroid/view/View;Landroid/view/ViewGroup$LayoutParams;)V\n": 0.6931471805599453, "println(Ljava/lang/String;)V\n": 2.8903717578961645, "create()Landroid/app/AlertDialog;\n": 1.0986122886681098, "size()I\n": 1.3862943611198906, "putString(Ljava/lang/String;Ljava/lang/String;)V\n": 3.295836866004329, "addRule(I)V\n": 1.0986122886681098, "getId()I\n": 1.0986122886681098, "addView(Landroid/view/View;)V\n": 0.6931471805599453, "put(Ljava/lang/Object;Ljava/lang/Object;)Ljava/lang/Object;\n": 1.0986122886681098, "getItemId()I\n": 0.6931471805599453}