{"close()V\n": 3.295836866004329, "length()I\n": 0.6931471805599453, "getPackageName()Ljava/lang/String;\n": 1.0986122886681098, "get(I)Ljava/lang/Object;\n": 1.3862943611198906, "putExtra(Ljava/lang/String;I)Landroid/content/Intent;\n": 0.6931471805599453, "add(Ljava/lang/Object;)Z\n": 2.0794415416798357, "append(Ljava/lang/Object;)Ljava/lang/StringBuilder;\n": 0.6931471805599453, "valueOf(I)Ljava/lang/Integer;\n": 0.6931471805599453, "valueOf(Ljava/lang/Object;)Ljava/lang/String;\n": 2.1972245773362196, "b()V\n": 2.1972245773362196, "fromHtml(Ljava/lang/String;)Landroid/text/Spanned;\n": 1.9459101490553132, "getExtras()Landroid/os/Bundle;\n": 1.3862943611198906, "setImageBitmap(Landroid/graphics/Bitmap;)V\n": 1.3862943611198906, "setTextColor(I)V\n": 2.772588722239781, "printStackTrace()V\n": 1.3862943611198906, "findPreference(Ljava/lang/CharSequence;)Landroid/preference/Preference;\n": 4.1588830833596715, "e(Ljava/lang/String;)V\n": 1.0986122886681098, "execute([Ljava/lang/Object;)Landroid/os/AsyncTask;\n": 1.0986122886681098, "isEmpty(Ljava/lang/CharSequence;)Z\n": 1.3862943611198906, "setBackgroundDrawable(Landroid/graphics/drawable/Drawable;)V\n": 1.0986122886681098, "a(I)V\n": 1.6094379124341003, "d()V\n": 1.0986122886681098, "getInt(Ljava/lang/String;I)I\n": 1.0986122886681098, "append(I)Ljava/lang/StringBuilder;\n": 1.3862943611198906, "e()V\n": 1.0986122886681098, "get(Ljava/lang/Object;)Ljava/lang/Object;\n": 1.3862943611198906, "getBoolean(Ljava/lang/String;Z)Z\n": 1.0986122886681098, "setPositiveButton(Ljava/lang/CharSequence;Landroid/content/DialogInterface$OnClickListener;)Landroid/app/AlertDialog$Builder;\n": 1.0986122886681098, "getWidth()I\n": 1.0986122886681098, "commit()Z\n": 1.0986122886681098, "getPackageManager()Landroid/content/pm/PackageManager;\n": 1.0986122886681098, "show()Landroid/app/AlertDialog;\n": 1.3862943611198906, "parseColor(Ljava/lang/String;)I\n": 2.4849066497880004, "setLayoutParams(Landroid/view/ViewGroup$LayoutParams;)V\n": 3.4657359027997265, "a(Ljava/lang/String;)V\n": 2.0794415416798357, "getIntExtra(Ljava/lang/String;I)I\n": 1.0986122886681098, "setEnabled(Z)V\n": 2.1972245773362196, "substring(II)Ljava/lang/String;\n": 1.3862943611198906, "setBackgroundResource(I)V\n": 6.591673732008658, "g()V\n": 1.0986122886681098, "getStringExtra(Ljava/lang/String;)Ljava/lang/String;\n": 1.3862943611198906, "<init>(Ljava/lang/String;Landroid/net/Uri;)V\n": 0.6931471805599453, "next()Ljava/lang/Object;\n": 0.6931471805599453, "onKeyDown(ILandroid/view/KeyEvent;)Z\n": 0.6931471805599453, "intValue()I\n": 0.6931471805599453, "c(Ljava/lang/String;Ljava/lang/Throwable;)V\n": 1.791759469228055, "onBackPressed()V\n": 0.6931471805599453, "d(Ljava/lang/String;Ljava/lang/String;)I\n": 1.3862943611198906, "hasNext()Z\n": 0.6931471805599453, "a(Z)V\n": 1.0986122886681098, "makeText(Landroid/content/Context;Ljava/lang/CharSequence;I)Landroid/widget/Toast;\n": 1.0986122886681098, "start()V\n": 0.6931471805599453, "setNegativeButton(Ljava/lang/CharSequence;Landroid/content/DialogInterface$OnClickListener;)Landroid/app/AlertDialog$Builder;\n": 1.3862943611198906, "setBackgroundColor(I)V\n": 0.6931471805599453, "i(Ljava/lang/String;Ljava/lang/String;)I\n": 1.791759469228055, "startActivityForResult(Landroid/content/Intent;I)V\n": 0.6931471805599453, "a()V\n": 2.0794415416798357, "a(Ljava/lang/String;Ljava/lang/String;)V\n": 2.1972245773362196, "getSharedPreferences(Ljava/lang/String;I)Landroid/content/SharedPreferences;\n": 1.3862943611198906, "iterator()Ljava/util/Iterator;\n": 0.6931471805599453, "size()I\n": 2.0794415416798357, "onClick(Landroid/view/View;)V\n": 0.6931471805599453, "addRule(I)V\n": 2.1972245773362196, "edit()Landroid/content/SharedPreferences$Editor;\n": 1.0986122886681098, "c()V\n": 1.0986122886681098, "addView(Landroid/view/View;)V\n": 0.6931471805599453, "setMessage(Ljava/lang/CharSequence;)Landroid/app/AlertDialog$Builder;\n": 1.0986122886681098, "getSystemService(Ljava/lang/String;)Ljava/lang/Object;\n": 0.6931471805599453, "putInt(Ljava/lang/String;I)Landroid/content/SharedPreferences$Editor;\n": 1.9459101490553132, "getId()I\n": 1.0986122886681098}