{"length()I\n": 1.3862943611198906, "get(I)Ljava/lang/Object;\n": 2.0794415416798357, "putExtra(Ljava/lang/String;I)Landroid/content/Intent;\n": 0.6931471805599453, "c()V\n": 1.0986122886681098, "add(Ljava/lang/Object;)Z\n": 2.772588722239781, "hasNext()Z\n": 0.6931471805599453, "valueOf(I)Ljava/lang/Integer;\n": 1.3862943611198906, "valueOf(Ljava/lang/Object;)Ljava/lang/String;\n": 2.1972245773362196, "b()V\n": 2.1972245773362196, "getExtras()Landroid/os/Bundle;\n": 0.6931471805599453, "printStackTrace()V\n": 1.3862943611198906, "findPreference(Ljava/lang/CharSequence;)Landroid/preference/Preference;\n": 2.0794415416798357, "setImageResource(I)V\n": 0.6931471805599453, "isEmpty(Ljava/lang/CharSequence;)Z\n": 1.3862943611198906, "getText()Landroid/text/Editable;\n": 1.3862943611198906, "a(I)V\n": 1.6094379124341003, "d()V\n": 1.0986122886681098, "append(I)Ljava/lang/StringBuilder;\n": 1.3862943611198906, "e()V\n": 1.0986122886681098, "get(Ljava/lang/Object;)Ljava/lang/Object;\n": 0.6931471805599453, "setText(I)V\n": 1.3862943611198906, "getBoolean(Ljava/lang/String;Z)Z\n": 1.0986122886681098, "iterator()Ljava/util/Iterator;\n": 0.6931471805599453, "setChecked(Z)V\n": 1.3862943611198906, "ordinal()I\n": 4.828313737302301, "a(Ljava/lang/String;)V\n": 1.3862943611198906, "valueOf(Z)Ljava/lang/Boolean;\n": 1.0986122886681098, "setEnabled(Z)V\n": 1.0986122886681098, "close()V\n": 1.0986122886681098, "getName()Ljava/lang/String;\n": 1.0986122886681098, "getStringExtra(Ljava/lang/String;)Ljava/lang/String;\n": 1.3862943611198906, "equalsIgnoreCase(Ljava/lang/String;)Z\n": 1.3862943611198906, "next()Ljava/lang/Object;\n": 0.6931471805599453, "onKeyDown(ILandroid/view/KeyEvent;)Z\n": 0.6931471805599453, "intValue()I\n": 0.6931471805599453, "clear()V\n": 1.0986122886681098, "onBackPressed()V\n": 0.6931471805599453, "a(Z)V\n": 1.0986122886681098, "makeText(Landroid/content/Context;Ljava/lang/CharSequence;I)Landroid/widget/Toast;\n": 1.0986122886681098, "onOptionsItemSelected(Landroid/view/MenuItem;)Z\n": 1.0986122886681098, "setBackgroundResource(I)V\n": 1.0986122886681098, "startActivityForResult(Landroid/content/Intent;I)V\n": 0.6931471805599453, "a()V\n": 2.0794415416798357, "create()Landroid/app/AlertDialog;\n": 1.0986122886681098, "size()I\n": 2.0794415416798357, "putString(Ljava/lang/String;Ljava/lang/String;)V\n": 1.0986122886681098, "getId()I\n": 1.0986122886681098, "format(Ljava/lang/String;[Ljava/lang/Object;)Ljava/lang/String;\n": 1.3862943611198906, "put(Ljava/lang/Object;Ljava/lang/Object;)Ljava/lang/Object;\n": 1.0986122886681098, "setTextColor(I)V\n": 1.3862943611198906, "addView(Landroid/view/View;)V\n": 0.6931471805599453, "getString(Ljava/lang/String;Ljava/lang/String;)Ljava/lang/String;\n": 1.3862943611198906, "getItemId()I\n": 0.6931471805599453}