{"valueOf(Ljava/lang/Object;)Ljava/lang/String;\n": 1.0986122886681098, "length()I\n": 1.3862943611198906, "getColumnIndex(Ljava/lang/String;)I\n": 2.3978952727983707, "get(I)Ljava/lang/Object;\n": 1.3862943611198906, "add(Ljava/lang/Object;)Z\n": 1.3862943611198906, "valueOf(I)Ljava/lang/Integer;\n": 2.772588722239781, "onRestart()V\n": 0.6931471805599453, "b()V\n": 1.0986122886681098, "getExtras()Landroid/os/Bundle;\n": 1.3862943611198906, "printStackTrace()V\n": 0.6931471805599453, "onConfigurationChanged(Landroid/content/res/Configuration;)V\n": 0.6931471805599453, "setImageResource(I)V\n": 0.6931471805599453, "getSupportFragmentManager()Landroid/support/v4/app/FragmentManager;\n": 1.3862943611198906, "isEmpty(Ljava/lang/CharSequence;)Z\n": 1.3862943611198906, "getText()Landroid/text/Editable;\n": 1.3862943611198906, "append(I)Ljava/lang/StringBuilder;\n": 1.3862943611198906, "put(Ljava/lang/Object;Ljava/lang/Object;)Ljava/lang/Object;\n": 3.295836866004329, "booleanValue()Z\n": 1.3862943611198906, "get(Ljava/lang/Object;)Ljava/lang/Object;\n": 1.3862943611198906, "getBoolean(Ljava/lang/String;Z)Z\n": 1.0986122886681098, "valueOf(F)Ljava/lang/Float;\n": 2.8903717578961645, "setBackgroundColor(I)V\n": 0.6931471805599453, "a(Ljava/lang/String;)V\n": 2.0794415416798357, "valueOf(Z)Ljava/lang/Boolean;\n": 1.0986122886681098, "close()V\n": 1.0986122886681098, "setTypeface(Landroid/graphics/Typeface;)V\n": 2.302585092994046, "getStringExtra(Ljava/lang/String;)Ljava/lang/String;\n": 1.3862943611198906, "equalsIgnoreCase(Ljava/lang/String;)Z\n": 1.3862943611198906, "getSettings()Landroid/webkit/WebSettings;\n": 0.6931471805599453, "c()V\n": 1.0986122886681098, "onKeyDown(ILandroid/view/KeyEvent;)Z\n": 0.6931471805599453, "intValue()I\n": 2.0794415416798357, "c(Ljava/lang/String;Ljava/lang/Throwable;)V\n": 1.791759469228055, "onBackPressed()V\n": 0.6931471805599453, "d(Ljava/lang/String;Ljava/lang/String;)I\n": 1.3862943611198906, "a(Z)V\n": 1.0986122886681098, "makeText(Landroid/content/Context;Ljava/lang/CharSequence;I)Landroid/widget/Toast;\n": 1.0986122886681098, "onOptionsItemSelected(Landroid/view/MenuItem;)Z\n": 1.0986122886681098, "onCreateOptionsMenu(Landroid/view/Menu;)Z\n": 1.0986122886681098, "setLayoutParams(Landroid/view/ViewGroup$LayoutParams;)V\n": 0.6931471805599453, "setBackgroundResource(I)V\n": 1.0986122886681098, "startActivityForResult(Landroid/content/Intent;I)V\n": 0.6931471805599453, "a()V\n": 0.6931471805599453, "addView(Landroid/view/View;Landroid/view/ViewGroup$LayoutParams;)V\n": 0.6931471805599453, "getDefaultSharedPreferences(Landroid/content/Context;)Landroid/content/SharedPreferences;\n": 1.791759469228055, "create()Landroid/app/AlertDialog;\n": 1.0986122886681098, "size()I\n": 1.3862943611198906, "addRule(I)V\n": 1.0986122886681098, "floatValue()F\n": 3.1780538303479458, "setTextColor(I)V\n": 1.3862943611198906, "addView(Landroid/view/View;)V\n": 0.6931471805599453, "getString(Ljava/lang/String;Ljava/lang/String;)Ljava/lang/String;\n": 1.3862943611198906, "getItemId()I\n": 0.6931471805599453}