{"length()I\n": 1.3862943611198906, "get(I)Ljava/lang/Object;\n": 2.772588722239781, "add(Ljava/lang/Object;)Z\n": 2.0794415416798357, "hasNext()Z\n": 0.6931471805599453, "valueOf(I)Ljava/lang/Integer;\n": 1.3862943611198906, "valueOf(Ljava/lang/Object;)Ljava/lang/String;\n": 1.0986122886681098, "v(Ljava/lang/String;Ljava/lang/String;)V\n": 4.290459441148391, "getExtras()Landroid/os/Bundle;\n": 1.3862943611198906, "printStackTrace()V\n": 0.6931471805599453, "getSupportFragmentManager()Landroid/support/v4/app/FragmentManager;\n": 2.772588722239781, "execute([Ljava/lang/Object;)Landroid/os/AsyncTask;\n": 1.0986122886681098, "isEmpty(Ljava/lang/CharSequence;)Z\n": 1.3862943611198906, "getText()Landroid/text/Editable;\n": 2.772588722239781, "append(I)Ljava/lang/StringBuilder;\n": 0.6931471805599453, "get(Ljava/lang/Object;)Ljava/lang/Object;\n": 0.6931471805599453, "iterator()Ljava/util/Iterator;\n": 0.6931471805599453, "setLayoutParams(Landroid/view/ViewGroup$LayoutParams;)V\n": 0.6931471805599453, "a(Ljava/lang/String;)V\n": 0.6931471805599453, "valueOf(Z)Ljava/lang/Boolean;\n": 1.0986122886681098, "getName()Ljava/lang/String;\n": 1.0986122886681098, "getStringExtra(Ljava/lang/String;)Ljava/lang/String;\n": 1.3862943611198906, "equalsIgnoreCase(Ljava/lang/String;)Z\n": 1.3862943611198906, "next()Ljava/lang/Object;\n": 0.6931471805599453, "intValue()I\n": 0.6931471805599453, "onBackPressed()V\n": 0.6931471805599453, "onOptionsItemSelected(Landroid/view/MenuItem;)Z\n": 1.0986122886681098, "setBackgroundResource(I)V\n": 1.0986122886681098, "startActivityForResult(Landroid/content/Intent;I)V\n": 0.6931471805599453, "a()V\n": 0.6931471805599453, "getApplication()Landroid/app/Application;\n": 1.791759469228055, "b()V\n": 1.0986122886681098, "size()I\n": 2.0794415416798357, "putString(Ljava/lang/String;Ljava/lang/String;)V\n": 1.0986122886681098, "getId()I\n": 1.0986122886681098, "format(Ljava/lang/String;[Ljava/lang/Object;)Ljava/lang/String;\n": 1.3862943611198906, "getString(Ljava/lang/String;Ljava/lang/String;)Ljava/lang/String;\n": 1.3862943611198906, "addView(Landroid/view/View;)V\n": 0.6931471805599453, "trim()Ljava/lang/String;\n": 1.6094379124341003, "put(Ljava/lang/Object;Ljava/lang/Object;)Ljava/lang/Object;\n": 2.1972245773362196, "getItemId()I\n": 0.6931471805599453}