{"length()I\n": 1.3862943611198906, "get(I)Ljava/lang/Object;\n": 1.3862943611198906, "putExtra(Ljava/lang/String;I)Landroid/content/Intent;\n": 0.6931471805599453, "add(Ljava/lang/Object;)Z\n": 2.0794415416798357, "hasNext()Z\n": 0.6931471805599453, "valueOf(I)Ljava/lang/Integer;\n": 2.0794415416798357, "a(Ljava/lang/String;Ljava/lang/String;)V\n": 2.1972245773362196, "b()V\n": 1.0986122886681098, "getExtras()Landroid/os/Bundle;\n": 0.6931471805599453, "loadUrl(Ljava/lang/String;)V\n": 0.6931471805599453, "printStackTrace()V\n": 1.3862943611198906, "setImageResource(I)V\n": 0.6931471805599453, "getSupportFragmentManager()Landroid/support/v4/app/FragmentManager;\n": 1.3862943611198906, "startsWith(Ljava/lang/String;)Z\n": 1.3862943611198906, "isEmpty(Ljava/lang/CharSequence;)Z\n": 1.3862943611198906, "getText()Landroid/text/Editable;\n": 1.3862943611198906, "a(I)V\n": 1.6094379124341003, "d()V\n": 1.0986122886681098, "putExtra(Ljava/lang/String;Z)Landroid/content/Intent;\n": 0.6931471805599453, "append(I)Ljava/lang/StringBuilder;\n": 1.3862943611198906, "e()V\n": 1.0986122886681098, "get(Ljava/lang/Object;)Ljava/lang/Object;\n": 1.3862943611198906, "setText(I)V\n": 1.3862943611198906, "iterator()Ljava/util/Iterator;\n": 0.6931471805599453, "ordinal()I\n": 1.6094379124341003, "setLayoutParams(Landroid/view/ViewGroup$LayoutParams;)V\n": 0.6931471805599453, "a(Ljava/lang/String;)V\n": 1.3862943611198906, "getIntExtra(Ljava/lang/String;I)I\n": 1.0986122886681098, "setEnabled(Z)V\n": 1.0986122886681098, "close()V\n": 1.0986122886681098, "getName()Ljava/lang/String;\n": 1.0986122886681098, "next()Ljava/lang/Object;\n": 0.6931471805599453, "getStringExtra(Ljava/lang/String;)Ljava/lang/String;\n": 2.0794415416798357, "equalsIgnoreCase(Ljava/lang/String;)Z\n": 1.3862943611198906, "getBooleanExtra(Ljava/lang/String;Z)Z\n": 1.0986122886681098, "onKeyDown(ILandroid/view/KeyEvent;)Z\n": 0.6931471805599453, "i(Ljava/lang/String;Ljava/lang/String;)V\n": 3.1354942159291497, "onBackPressed()V\n": 0.6931471805599453, "setAdapter(Landroid/widget/ListAdapter;)V\n": 0.6931471805599453, "a(Z)V\n": 1.0986122886681098, "makeText(Landroid/content/Context;Ljava/lang/CharSequence;I)Landroid/widget/Toast;\n": 1.0986122886681098, "onOptionsItemSelected(Landroid/view/MenuItem;)Z\n": 1.0986122886681098, "setBackgroundResource(I)V\n": 1.0986122886681098, "startActivityForResult(Landroid/content/Intent;I)V\n": 0.6931471805599453, "a()V\n": 1.3862943611198906, "valueOf(Ljava/lang/Object;)Ljava/lang/String;\n": 1.0986122886681098, "valueOf(Z)Ljava/lang/Boolean;\n": 1.0986122886681098, "size()I\n": 2.0794415416798357, "putString(Ljava/lang/String;Ljava/lang/String;)V\n": 1.0986122886681098, "getId()I\n": 1.0986122886681098, "c()V\n": 1.0986122886681098, "addView(Landroid/view/View;)V\n": 0.6931471805599453, "put(Ljava/lang/Object;Ljava/lang/Object;)Ljava/lang/Object;\n": 1.0986122886681098, "getItemId()I\n": 0.6931471805599453}