{"length()I\n": 1.3862943611198906, "get(I)Ljava/lang/Object;\n": 2.772588722239781, "add(Ljava/lang/Object;)Z\n": 2.772588722239781, "hasNext()Z\n": 1.3862943611198906, "valueOf(I)Ljava/lang/Integer;\n": 2.0794415416798357, "valueOf(Ljava/lang/Object;)Ljava/lang/String;\n": 2.1972245773362196, "getExtras()Landroid/os/Bundle;\n": 1.3862943611198906, "printStackTrace()V\n": 0.6931471805599453, "setImageResource(I)V\n": 0.6931471805599453, "getSupportFragmentManager()Landroid/support/v4/app/FragmentManager;\n": 2.772588722239781, "execute([Ljava/lang/Object;)Landroid/os/AsyncTask;\n": 1.0986122886681098, "onClick(Landroid/view/View;)V\n": 0.6931471805599453, "getText()Landroid/text/Editable;\n": 1.3862943611198906, "setAdapter(Landroid/widget/ListAdapter;)V\n": 0.6931471805599453, "append(I)Ljava/lang/StringBuilder;\n": 2.0794415416798357, "setTextColor(I)V\n": 1.3862943611198906, "setSelected(Z)V\n": 2.4849066497880004, "get(Ljava/lang/Object;)Ljava/lang/Object;\n": 1.3862943611198906, "iterator()Ljava/util/Iterator;\n": 1.3862943611198906, "setChecked(Z)V\n": 1.3862943611198906, "ordinal()I\n": 4.828313737302301, "setLayoutParams(Landroid/view/ViewGroup$LayoutParams;)V\n": 0.6931471805599453, "a(Ljava/lang/String;)V\n": 0.6931471805599453, "setEnabled(Z)V\n": 1.0986122886681098, "runOnUiThread(Ljava/lang/Runnable;)V\n": 1.791759469228055, "getStringExtra(Ljava/lang/String;)Ljava/lang/String;\n": 2.0794415416798357, "equalsIgnoreCase(Ljava/lang/String;)Z\n": 1.3862943611198906, "next()Ljava/lang/Object;\n": 1.3862943611198906, "intValue()I\n": 0.6931471805599453, "beginTransaction()Landroid/support/v4/app/FragmentTransaction;\n": 1.6094379124341003, "onBackPressed()V\n": 0.6931471805599453, "onOptionsItemSelected(Landroid/view/MenuItem;)Z\n": 1.0986122886681098, "v(Ljava/lang/String;)V\n": 2.995732273553991, "setBackgroundColor(I)V\n": 0.6931471805599453, "setBackgroundResource(I)V\n": 1.0986122886681098, "a()V\n": 0.6931471805599453, "valueOf(I)Ljava/lang/String;\n": 1.3862943611198906, "size()I\n": 2.0794415416798357, "putString(Ljava/lang/String;Ljava/lang/String;)V\n": 1.0986122886681098, "getId()I\n": 1.0986122886681098, "addView(Landroid/view/View;)V\n": 1.3862943611198906, "inflate(ILandroid/view/ViewGroup;)Landroid/view/View;\n": 1.0986122886681098, "put(Ljava/lang/Object;Ljava/lang/Object;)Ljava/lang/Object;\n": 2.1972245773362196, "getItemId()I\n": 0.6931471805599453}