{"append(Ljava/lang/Object;)Ljava/lang/StringBuilder;\n": 2.0794415416798357, "size()I\n": 1.3862943611198906, "get(I)Ljava/lang/Object;\n": 1.3862943611198906, "putExtra(Ljava/lang/String;I)Landroid/content/Intent;\n": 0.6931471805599453, "add(Ljava/lang/Object;)Z\n": 1.3862943611198906, "length()I\n": 1.3862943611198906, "valueOf(I)Ljava/lang/Integer;\n": 1.3862943611198906, "valueOf(Ljava/lang/Object;)Ljava/lang/String;\n": 1.0986122886681098, "b()V\n": 2.1972245773362196, "getExtras()Landroid/os/Bundle;\n": 0.6931471805599453, "printStackTrace()V\n": 1.3862943611198906, "findPreference(Ljava/lang/CharSequence;)Landroid/preference/Preference;\n": 2.0794415416798357, "setImageResource(I)V\n": 0.6931471805599453, "put(ILjava/lang/Object;)V\n": 12.568964226079276, "isEmpty(Ljava/lang/CharSequence;)Z\n": 1.3862943611198906, "getText()Landroid/text/Editable;\n": 1.3862943611198906, "a(I)V\n": 1.6094379124341003, "d()V\n": 1.0986122886681098, "f()V\n": 1.6094379124341003, "append(I)Ljava/lang/StringBuilder;\n": 1.3862943611198906, "e()V\n": 1.0986122886681098, "get(Ljava/lang/Object;)Ljava/lang/Object;\n": 0.6931471805599453, "setText(I)V\n": 2.772588722239781, "getBoolean(Ljava/lang/String;Z)Z\n": 1.0986122886681098, "valueOf(Ljava/lang/String;)Ljava/lang/Float;\n": 4.406719247264253, "iterator()Ljava/util/Iterator;\n": 0.6931471805599453, "getId()I\n": 1.0986122886681098, "setChecked(Z)V\n": 1.3862943611198906, "setBackgroundColor(I)V\n": 0.6931471805599453, "a(Ljava/lang/String;)V\n": 1.3862943611198906, "valueOf(Z)Ljava/lang/Boolean;\n": 1.0986122886681098, "setEnabled(Z)V\n": 1.0986122886681098, "close()V\n": 1.0986122886681098, "g()V\n": 1.0986122886681098, "getStringExtra(Ljava/lang/String;)Ljava/lang/String;\n": 1.3862943611198906, "equalsIgnoreCase(Ljava/lang/String;)Z\n": 1.3862943611198906, "next()Ljava/lang/Object;\n": 0.6931471805599453, "onKeyDown(ILandroid/view/KeyEvent;)Z\n": 0.6931471805599453, "hasNext()Z\n": 0.6931471805599453, "onBackPressed()V\n": 0.6931471805599453, "start()V\n": 0.6931471805599453, "a(Z)V\n": 1.0986122886681098, "h()V\n": 1.3862943611198906, "setBackgroundDrawable(Landroid/graphics/drawable/Drawable;)V\n": 3.295836866004329, "setLayoutParams(Landroid/view/ViewGroup$LayoutParams;)V\n": 0.6931471805599453, "a()V\n": 2.0794415416798357, "setBackgroundResource(I)V\n": 7.690286020676768, "<init>(Ljava/io/File;Ljava/lang/String;)V\n": 2.302585092994046, "getSystemService(Ljava/lang/String;)Ljava/lang/Object;\n": 0.6931471805599453, "round(D)J\n": 3.5263605246161616, "onClick(Landroid/view/View;)V\n": 0.6931471805599453, "round(F)I\n": 3.091042453358316, "floatValue()F\n": 3.1780538303479458, "c()V\n": 2.1972245773362196, "addView(Landroid/view/View;)V\n": 0.6931471805599453, "getString(I[Ljava/lang/Object;)Ljava/lang/String;\n": 1.9459101490553132, "setTextColor(I)V\n": 1.3862943611198906, "put(Ljava/lang/Object;Ljava/lang/Object;)Ljava/lang/Object;\n": 1.0986122886681098}