{"b(Ljava/lang/String;Ljava/lang/Throwable;)V\n": 1.3862943611198906, "length()I\n": 0.6931471805599453, "getPackageName()Ljava/lang/String;\n": 1.0986122886681098, "get(I)Ljava/lang/Object;\n": 1.3862943611198906, "putExtra(Ljava/lang/String;I)Landroid/content/Intent;\n": 0.6931471805599453, "add(Ljava/lang/Object;)Z\n": 2.0794415416798357, "append(Ljava/lang/Object;)Ljava/lang/StringBuilder;\n": 0.6931471805599453, "valueOf(I)Ljava/lang/Integer;\n": 1.3862943611198906, "onRestart()V\n": 0.6931471805599453, "b()V\n": 1.0986122886681098, "getExtras()Landroid/os/Bundle;\n": 0.6931471805599453, "findPreference(Ljava/lang/CharSequence;)Landroid/preference/Preference;\n": 2.0794415416798357, "printStackTrace()V\n": 0.6931471805599453, "onConfigurationChanged(Landroid/content/res/Configuration;)V\n": 0.6931471805599453, "setImageResource(I)V\n": 1.3862943611198906, "getSupportFragmentManager()Landroid/support/v4/app/FragmentManager;\n": 1.3862943611198906, "setTitle(Ljava/lang/CharSequence;)V\n": 1.0986122886681098, "isEmpty(Ljava/lang/CharSequence;)Z\n": 1.3862943611198906, "parseInt(Ljava/lang/String;)I\n": 1.0986122886681098, "append(I)Ljava/lang/StringBuilder;\n": 2.0794415416798357, "setTextColor(I)V\n": 1.3862943611198906, "get(Ljava/lang/Object;)Ljava/lang/Object;\n": 2.0794415416798357, "getBoolean(Ljava/lang/String;Z)Z\n": 1.0986122886681098, "iterator()Ljava/util/Iterator;\n": 0.6931471805599453, "setBackgroundColor(I)V\n": 0.6931471805599453, "a(Ljava/lang/String;)V\n": 2.0794415416798357, "setEnabled(Z)V\n": 1.0986122886681098, "getName()Ljava/lang/String;\n": 1.0986122886681098, "next()Ljava/lang/Object;\n": 0.6931471805599453, "getStringExtra(Ljava/lang/String;)Ljava/lang/String;\n": 0.6931471805599453, "equalsIgnoreCase(Ljava/lang/String;)Z\n": 2.772588722239781, "valueOf(Ljava/lang/Object;)Ljava/lang/String;\n": 2.1972245773362196, "getBaseContext()Landroid/content/Context;\n": 2.0794415416798357, "onKeyDown(ILandroid/view/KeyEvent;)Z\n": 0.6931471805599453, "c(Ljava/lang/String;Ljava/lang/Throwable;)V\n": 1.791759469228055, "onBackPressed()V\n": 0.6931471805599453, "d(Ljava/lang/String;Ljava/lang/String;)I\n": 2.772588722239781, "setLayoutParams(Landroid/view/ViewGroup$LayoutParams;)V\n": 0.6931471805599453, "setBackgroundResource(I)V\n": 1.0986122886681098, "a()V\n": 1.3862943611198906, "addView(Landroid/view/View;Landroid/view/ViewGroup$LayoutParams;)V\n": 0.6931471805599453, "valueOf(I)Ljava/lang/String;\n": 1.3862943611198906, "size()I\n": 1.3862943611198906, "hasNext()Z\n": 0.6931471805599453, "addRule(I)V\n": 1.0986122886681098, "put(Ljava/lang/Object;Ljava/lang/Object;)Ljava/lang/Object;\n": 2.1972245773362196, "c()V\n": 1.0986122886681098, "addView(Landroid/view/View;)V\n": 1.3862943611198906, "getSystemService(Ljava/lang/String;)Ljava/lang/Object;\n": 0.6931471805599453, "getString(Ljava/lang/String;Ljava/lang/String;)Ljava/lang/String;\n": 1.3862943611198906}