{"length()I\n": 0.6931471805599453, "get(I)Ljava/lang/Object;\n": 1.3862943611198906, "add(Ljava/lang/Object;)Z\n": 1.3862943611198906, "valueOf(I)Ljava/lang/Integer;\n": 0.6931471805599453, "valueOf(Ljava/lang/Object;)Ljava/lang/String;\n": 1.0986122886681098, "getExtras()Landroid/os/Bundle;\n": 0.6931471805599453, "printStackTrace()V\n": 0.6931471805599453, "setImageResource(I)V\n": 0.6931471805599453, "append(I)Ljava/lang/StringBuilder;\n": 0.6931471805599453, "get(Ljava/lang/Object;)Ljava/lang/Object;\n": 0.6931471805599453, "setBackgroundColor(I)V\n": 0.6931471805599453, "a(Ljava/lang/String;)V\n": 1.3862943611198906, "setEnabled(Z)V\n": 1.0986122886681098, "setBackgroundResource(I)V\n": 1.0986122886681098, "getStringExtra(Ljava/lang/String;)Ljava/lang/String;\n": 1.3862943611198906, "equalsIgnoreCase(Ljava/lang/String;)Z\n": 1.3862943611198906, "onKeyDown(ILandroid/view/KeyEvent;)Z\n": 0.6931471805599453, "intValue()I\n": 0.6931471805599453, "onBackPressed()V\n": 0.6931471805599453, "setLayoutParams(Landroid/view/ViewGroup$LayoutParams;)V\n": 0.6931471805599453, "i(Ljava/lang/String;Ljava/lang/String;)I\n": 1.791759469228055, "a()V\n": 0.6931471805599453, "size()I\n": 0.6931471805599453, "addView(Landroid/view/View;)V\n": 0.6931471805599453, "put(Ljava/lang/Object;Ljava/lang/Object;)Ljava/lang/Object;\n": 1.0986122886681098}