{"length()I\n": 0.6931471805599453, "get(I)Ljava/lang/Object;\n": 0.6931471805599453, "add(Ljava/lang/Object;)Z\n": 1.3862943611198906, "valueOf(I)Ljava/lang/Integer;\n": 0.6931471805599453, "valueOf(Ljava/lang/Object;)Ljava/lang/String;\n": 1.0986122886681098, "getExtras()Landroid/os/Bundle;\n": 0.6931471805599453, "printStackTrace()V\n": 0.6931471805599453, "onConfigurationChanged(Landroid/content/res/Configuration;)V\n": 0.6931471805599453, "isEmpty(Ljava/lang/CharSequence;)Z\n": 1.3862943611198906, "append(I)Ljava/lang/StringBuilder;\n": 1.3862943611198906, "get(Ljava/lang/Object;)Ljava/lang/Object;\n": 2.0794415416798357, "e(Ljava/lang/String;)V\n": 1.0986122886681098, "setBackgroundColor(I)V\n": 0.6931471805599453, "a(Ljava/lang/String;)V\n": 2.772588722239781, "close()V\n": 1.0986122886681098, "getStringExtra(Ljava/lang/String;)Ljava/lang/String;\n": 1.3862943611198906, "onKeyDown(ILandroid/view/KeyEvent;)Z\n": 0.6931471805599453, "d(Ljava/lang/String;Ljava/lang/String;)I\n": 1.3862943611198906, "addView(Landroid/view/View;)V\n": 1.3862943611198906, "start()V\n": 0.6931471805599453, "setLayoutParams(Landroid/view/ViewGroup$LayoutParams;)V\n": 0.6931471805599453, "loadUrl(Ljava/lang/String;)V\n": 0.6931471805599453, "a()V\n": 0.6931471805599453, "addView(Landroid/view/View;Landroid/view/ViewGroup$LayoutParams;)V\n": 0.6931471805599453, "size()I\n": 0.6931471805599453, "addRule(I)V\n": 1.0986122886681098, "i(Ljava/lang/String;Ljava/lang/String;)V\n": 3.1354942159291497}