{"length()I\n": 0.6931471805599453, "get(I)Ljava/lang/Object;\n": 0.6931471805599453, "add(Ljava/lang/Object;)Z\n": 3.4657359027997265, "valueOf(I)Ljava/lang/Integer;\n": 0.6931471805599453, "valueOf(Ljava/lang/Object;)Ljava/lang/String;\n": 1.0986122886681098, "b()V\n": 1.0986122886681098, "getExtras()Landroid/os/Bundle;\n": 0.6931471805599453, "printStackTrace()V\n": 0.6931471805599453, "findPreference(Ljava/lang/CharSequence;)Landroid/preference/Preference;\n": 2.0794415416798357, "startsWith(Ljava/lang/String;)Z\n": 2.772588722239781, "isEmpty(Ljava/lang/CharSequence;)Z\n": 1.3862943611198906, "getText()Landroid/text/Editable;\n": 1.3862943611198906, "append(I)Ljava/lang/StringBuilder;\n": 0.6931471805599453, "get(Ljava/lang/Object;)Ljava/lang/Object;\n": 0.6931471805599453, "setText(I)V\n": 1.3862943611198906, "a(Ljava/lang/String;)V\n": 0.6931471805599453, "setEnabled(Z)V\n": 1.0986122886681098, "getStringExtra(Ljava/lang/String;)Ljava/lang/String;\n": 1.3862943611198906, "next()Ljava/lang/Object;\n": 0.6931471805599453, "onBackPressed()V\n": 0.6931471805599453, "a()V\n": 0.6931471805599453, "size()I\n": 1.3862943611198906, "c()V\n": 1.0986122886681098}