{"append(Ljava/lang/Object;)Ljava/lang/StringBuilder;\n": 0.6931471805599453, "get(I)Ljava/lang/Object;\n": 1.3862943611198906, "add(Ljava/lang/Object;)Z\n": 1.3862943611198906, "length()I\n": 0.6931471805599453, "valueOf(I)Ljava/lang/Integer;\n": 0.6931471805599453, "valueOf(Ljava/lang/Object;)Ljava/lang/String;\n": 1.0986122886681098, "b()V\n": 1.0986122886681098, "getExtras()Landroid/os/Bundle;\n": 0.6931471805599453, "printStackTrace()V\n": 0.6931471805599453, "replaceAll(Ljava/lang/String;Ljava/lang/String;)Ljava/lang/String;\n": 2.3978952727983707, "getSupportFragmentManager()Landroid/support/v4/app/FragmentManager;\n": 1.3862943611198906, "append(I)Ljava/lang/StringBuilder;\n": 1.3862943611198906, "get(Ljava/lang/Object;)Ljava/lang/Object;\n": 0.6931471805599453, "setBackgroundColor(I)V\n": 0.6931471805599453, "a(Ljava/lang/String;)V\n": 0.6931471805599453, "getStringExtra(Ljava/lang/String;)Ljava/lang/String;\n": 1.3862943611198906, "onKeyDown(ILandroid/view/KeyEvent;)Z\n": 0.6931471805599453, "onBackPressed()V\n": 0.6931471805599453, "addView(Landroid/view/View;)V\n": 0.6931471805599453, "setLayoutParams(Landroid/view/ViewGroup$LayoutParams;)V\n": 0.6931471805599453, "a()V\n": 0.6931471805599453, "replace(Ljava/lang/CharSequence;Ljava/lang/CharSequence;)Ljava/lang/String;\n": 1.3862943611198906, "addView(Landroid/view/View;Landroid/view/ViewGroup$LayoutParams;)V\n": 0.6931471805599453, "size()I\n": 1.3862943611198906, "addRule(I)V\n": 1.0986122886681098, "i(Ljava/lang/String;Ljava/lang/String;)V\n": 3.1354942159291497, "getId()I\n": 1.0986122886681098}