{"setBackgroundResource(I)V\n": 1.0986122886681098, "getText()Landroid/text/Editable;\n": 2.772588722239781, "a(Ljava/lang/String;)V\n": 0.6931471805599453, "getStringExtra(Ljava/lang/String;)Ljava/lang/String;\n": 2.0794415416798357, "equalsIgnoreCase(Ljava/lang/String;)Z\n": 1.3862943611198906, "get(I)Ljava/lang/Object;\n": 2.772588722239781, "append(I)Ljava/lang/StringBuilder;\n": 0.6931471805599453, "add(Ljava/lang/Object;)Z\n": 2.772588722239781, "length()I\n": 1.3862943611198906, "intValue()I\n": 0.6931471805599453, "valueOf(I)Ljava/lang/Integer;\n": 0.6931471805599453, "onBackPressed()V\n": 0.6931471805599453, "valueOf(Ljava/lang/Object;)Ljava/lang/String;\n": 3.295836866004329, "b()V\n": 1.0986122886681098, "getExtras()Landroid/os/Bundle;\n": 0.6931471805599453, "size()I\n": 1.3862943611198906, "get(Ljava/lang/Object;)Ljava/lang/Object;\n": 0.6931471805599453, "setEnabled(Z)V\n": 1.0986122886681098, "put(Ljava/lang/Object;Ljava/lang/Object;)Ljava/lang/Object;\n": 1.0986122886681098, "a()V\n": 0.6931471805599453}