{"length()I\n": 0.6931471805599453, "get(I)Ljava/lang/Object;\n": 1.3862943611198906, "add(Ljava/lang/Object;)Z\n": 1.3862943611198906, "valueOf(I)Ljava/lang/Integer;\n": 1.3862943611198906, "valueOf(Ljava/lang/Object;)Ljava/lang/String;\n": 1.0986122886681098, "getExtras()Landroid/os/Bundle;\n": 0.6931471805599453, "getSupportFragmentManager()Landroid/support/v4/app/FragmentManager;\n": 1.3862943611198906, "setClass(Landroid/content/Context;Ljava/lang/Class;)Landroid/content/Intent;\n": 2.302585092994046, "getText()Landroid/text/Editable;\n": 1.3862943611198906, "append(I)Ljava/lang/StringBuilder;\n": 1.3862943611198906, "get(Ljava/lang/Object;)Ljava/lang/Object;\n": 0.6931471805599453, "setText(I)V\n": 1.3862943611198906, "a(Ljava/lang/String;)V\n": 0.6931471805599453, "getName()Ljava/lang/String;\n": 1.0986122886681098, "getStringExtra(Ljava/lang/String;)Ljava/lang/String;\n": 0.6931471805599453, "equalsIgnoreCase(Ljava/lang/String;)Z\n": 1.3862943611198906, "setTypeface(Landroid/graphics/Typeface;)V\n": 2.302585092994046, "onBackPressed()V\n": 0.6931471805599453, "setBackgroundResource(I)V\n": 1.0986122886681098, "a()V\n": 0.6931471805599453, "size()I\n": 1.3862943611198906, "getId()I\n": 1.0986122886681098, "addView(Landroid/view/View;)V\n": 0.6931471805599453, "put(Ljava/lang/Object;Ljava/lang/Object;)Ljava/lang/Object;\n": 1.0986122886681098, "getItemId()I\n": 0.6931471805599453}