{"setBackgroundResource(I)V\n": 1.0986122886681098, "getText()Landroid/text/Editable;\n": 1.3862943611198906, "size()I\n": 0.6931471805599453, "a(Ljava/lang/String;)V\n": 1.3862943611198906, "equalsIgnoreCase(Ljava/lang/String;)Z\n": 1.3862943611198906, "get(I)Ljava/lang/Object;\n": 0.6931471805599453, "get(Ljava/lang/Object;)Ljava/lang/Object;\n": 1.3862943611198906, "setTextColor(I)V\n": 2.772588722239781, "add(Ljava/lang/Object;)Z\n": 1.3862943611198906, "length()I\n": 0.6931471805599453, "setLayoutParams(Landroid/view/ViewGroup$LayoutParams;)V\n": 0.6931471805599453, "putString(Ljava/lang/String;Ljava/lang/String;)V\n": 2.1972245773362196, "append(I)Ljava/lang/StringBuilder;\n": 0.6931471805599453, "a()V\n": 0.6931471805599453, "setChecked(Z)V\n": 4.1588830833596715, "valueOf(Ljava/lang/Object;)Ljava/lang/String;\n": 1.0986122886681098, "addView(Landroid/view/View;)V\n": 0.6931471805599453, "setBackgroundColor(I)V\n": 1.3862943611198906, "valueOf(I)Ljava/lang/Integer;\n": 0.6931471805599453, "setImageResource(I)V\n": 0.6931471805599453, "getExtras()Landroid/os/Bundle;\n": 0.6931471805599453}