{"length()I\n": 0.6931471805599453, "get(I)Ljava/lang/Object;\n": 2.0794415416798357, "add(Ljava/lang/Object;)Z\n": 0.6931471805599453, "valueOf(I)Ljava/lang/Integer;\n": 0.6931471805599453, "valueOf(Ljava/lang/Object;)Ljava/lang/String;\n": 1.0986122886681098, "getExtras()Landroid/os/Bundle;\n": 0.6931471805599453, "printStackTrace()V\n": 0.6931471805599453, "onConfigurationChanged(Landroid/content/res/Configuration;)V\n": 0.6931471805599453, "getSupportFragmentManager()Landroid/support/v4/app/FragmentManager;\n": 1.3862943611198906, "append(I)Ljava/lang/StringBuilder;\n": 0.6931471805599453, "get(Ljava/lang/Object;)Ljava/lang/Object;\n": 0.6931471805599453, "setLayoutParams(Landroid/view/ViewGroup$LayoutParams;)V\n": 0.6931471805599453, "a(Ljava/lang/String;)V\n": 0.6931471805599453, "getStringExtra(Ljava/lang/String;)Ljava/lang/String;\n": 1.3862943611198906, "equalsIgnoreCase(Ljava/lang/String;)Z\n": 1.3862943611198906, "getSettings()Landroid/webkit/WebSettings;\n": 0.6931471805599453, "onBackPressed()V\n": 0.6931471805599453, "d(Ljava/lang/String;Ljava/lang/String;)I\n": 1.3862943611198906, "onOptionsItemSelected(Landroid/view/MenuItem;)Z\n": 1.0986122886681098, "a()V\n": 0.6931471805599453, "size()I\n": 1.3862943611198906, "putString(Ljava/lang/String;Ljava/lang/String;)V\n": 1.0986122886681098, "addView(Landroid/view/View;)V\n": 0.6931471805599453, "put(Ljava/lang/Object;Ljava/lang/Object;)Ljava/lang/Object;\n": 1.0986122886681098, "getItemId()I\n": 0.6931471805599453}