{"length()I\n": 0.6931471805599453, "get(I)Ljava/lang/Object;\n": 1.3862943611198906, "add(Ljava/lang/Object;)Z\n": 1.3862943611198906, "hasNext()Z\n": 0.6931471805599453, "valueOf(I)Ljava/lang/Integer;\n": 0.6931471805599453, "valueOf(Ljava/lang/Object;)Ljava/lang/String;\n": 1.0986122886681098, "b()V\n": 1.0986122886681098, "getExtras()Landroid/os/Bundle;\n": 0.6931471805599453, "setImageBitmap(Landroid/graphics/Bitmap;)V\n": 1.3862943611198906, "printStackTrace()V\n": 0.6931471805599453, "findPreference(Ljava/lang/CharSequence;)Landroid/preference/Preference;\n": 2.0794415416798357, "isEmpty(Ljava/lang/CharSequence;)Z\n": 1.3862943611198906, "setBackgroundDrawable(Landroid/graphics/drawable/Drawable;)V\n": 1.0986122886681098, "d()V\n": 1.0986122886681098, "append(I)Ljava/lang/StringBuilder;\n": 0.6931471805599453, "e()V\n": 1.0986122886681098, "get(Ljava/lang/Object;)Ljava/lang/Object;\n": 0.6931471805599453, "iterator()Ljava/util/Iterator;\n": 0.6931471805599453, "getPackageManager()Landroid/content/pm/PackageManager;\n": 1.0986122886681098, "parseColor(Ljava/lang/String;)I\n": 2.4849066497880004, "setLayoutParams(Landroid/view/ViewGroup$LayoutParams;)V\n": 2.0794415416798357, "a(Ljava/lang/String;)V\n": 1.3862943611198906, "setEnabled(Z)V\n": 1.0986122886681098, "close()V\n": 2.1972245773362196, "getStringExtra(Ljava/lang/String;)Ljava/lang/String;\n": 0.6931471805599453, "next()Ljava/lang/Object;\n": 0.6931471805599453, "a(Z)V\n": 1.0986122886681098, "makeText(Landroid/content/Context;Ljava/lang/CharSequence;I)Landroid/widget/Toast;\n": 1.0986122886681098, "setBackgroundResource(I)V\n": 4.394449154672439, "a()V\n": 1.3862943611198906, "size()I\n": 1.3862943611198906, "addRule(I)V\n": 1.0986122886681098, "c()V\n": 1.0986122886681098, "addView(Landroid/view/View;)V\n": 0.6931471805599453, "setTextColor(I)V\n": 1.3862943611198906}