{"append(Ljava/lang/Object;)Ljava/lang/StringBuilder;\n": 1.3862943611198906, "get(I)Ljava/lang/Object;\n": 0.6931471805599453, "add(Ljava/lang/Object;)Z\n": 1.3862943611198906, "length()I\n": 0.6931471805599453, "valueOf(I)Ljava/lang/Integer;\n": 0.6931471805599453, "valueOf(Ljava/lang/Object;)Ljava/lang/String;\n": 1.0986122886681098, "b()V\n": 2.1972245773362196, "printStackTrace()V\n": 0.6931471805599453, "put(ILjava/lang/Object;)V\n": 8.37930948405285, "isEmpty(Ljava/lang/CharSequence;)Z\n": 1.3862943611198906, "setBackgroundDrawable(Landroid/graphics/drawable/Drawable;)V\n": 2.1972245773362196, "a(I)V\n": 1.6094379124341003, "d()V\n": 1.0986122886681098, "append(I)Ljava/lang/StringBuilder;\n": 0.6931471805599453, "e()V\n": 1.0986122886681098, "get(Ljava/lang/Object;)Ljava/lang/Object;\n": 0.6931471805599453, "setText(I)V\n": 1.3862943611198906, "setLayoutParams(Landroid/view/ViewGroup$LayoutParams;)V\n": 0.6931471805599453, "a(Ljava/lang/String;)V\n": 1.3862943611198906, "setEnabled(Z)V\n": 1.0986122886681098, "getStringExtra(Ljava/lang/String;)Ljava/lang/String;\n": 0.6931471805599453, "onBackPressed()V\n": 0.6931471805599453, "a(Z)V\n": 1.0986122886681098, "setBackgroundResource(I)V\n": 5.493061443340549, "a()V\n": 1.3862943611198906, "size()I\n": 0.6931471805599453, "round(F)I\n": 3.091042453358316, "c()V\n": 1.0986122886681098, "addView(Landroid/view/View;)V\n": 0.6931471805599453}