{"length()I\n": 0.6931471805599453, "get(I)Ljava/lang/Object;\n": 2.0794415416798357, "add(Ljava/lang/Object;)Z\n": 2.772588722239781, "hasNext()Z\n": 0.6931471805599453, "valueOf(I)Ljava/lang/Integer;\n": 0.6931471805599453, "valueOf(Ljava/lang/Object;)Ljava/lang/String;\n": 2.1972245773362196, "getExtras()Landroid/os/Bundle;\n": 0.6931471805599453, "printStackTrace()V\n": 0.6931471805599453, "isEmpty(Ljava/lang/CharSequence;)Z\n": 1.3862943611198906, "getText()Landroid/text/Editable;\n": 1.3862943611198906, "append(I)Ljava/lang/StringBuilder;\n": 0.6931471805599453, "get(Ljava/lang/Object;)Ljava/lang/Object;\n": 0.6931471805599453, "iterator()Ljava/util/Iterator;\n": 0.6931471805599453, "ordinal()I\n": 1.6094379124341003, "a(Ljava/lang/String;)V\n": 0.6931471805599453, "setEnabled(Z)V\n": 1.0986122886681098, "getStringExtra(Ljava/lang/String;)Ljava/lang/String;\n": 0.6931471805599453, "next()Ljava/lang/Object;\n": 0.6931471805599453, "setBackgroundResource(I)V\n": 1.0986122886681098, "a()V\n": 0.6931471805599453, "size()I\n": 1.3862943611198906, "addView(Landroid/view/View;)V\n": 0.6931471805599453, "put(Ljava/lang/Object;Ljava/lang/Object;)Ljava/lang/Object;\n": 2.1972245773362196}