{"b(Ljava/lang/String;Ljava/lang/Throwable;)V\n": 1.3862943611198906, "length()I\n": 0.6931471805599453, "get(I)Ljava/lang/Object;\n": 1.3862943611198906, "add(Ljava/lang/Object;)Z\n": 1.3862943611198906, "valueOf(I)Ljava/lang/Integer;\n": 0.6931471805599453, "valueOf(Ljava/lang/Object;)Ljava/lang/String;\n": 1.0986122886681098, "b()V\n": 1.0986122886681098, "getExtras()Landroid/os/Bundle;\n": 0.6931471805599453, "printStackTrace()V\n": 0.6931471805599453, "findPreference(Ljava/lang/CharSequence;)Landroid/preference/Preference;\n": 2.0794415416798357, "setImageResource(I)V\n": 0.6931471805599453, "getSupportFragmentManager()Landroid/support/v4/app/FragmentManager;\n": 1.3862943611198906, "append(I)Ljava/lang/StringBuilder;\n": 1.3862943611198906, "get(Ljava/lang/Object;)Ljava/lang/Object;\n": 1.3862943611198906, "setLayoutParams(Landroid/view/ViewGroup$LayoutParams;)V\n": 0.6931471805599453, "a(Ljava/lang/String;)V\n": 1.3862943611198906, "getStringExtra(Ljava/lang/String;)Ljava/lang/String;\n": 0.6931471805599453, "equalsIgnoreCase(Ljava/lang/String;)Z\n": 1.3862943611198906, "getBaseContext()Landroid/content/Context;\n": 2.0794415416798357, "d(Ljava/lang/String;Ljava/lang/String;)I\n": 1.3862943611198906, "a()V\n": 0.6931471805599453, "size()I\n": 1.3862943611198906, "put(Ljava/lang/Object;Ljava/lang/Object;)Ljava/lang/Object;\n": 1.0986122886681098, "addView(Landroid/view/View;)V\n": 0.6931471805599453, "getString(Ljava/lang/String;Ljava/lang/String;)Ljava/lang/String;\n": 1.3862943611198906}