{"append(Ljava/lang/Object;)Ljava/lang/StringBuilder;\n": 0.6931471805599453, "get(I)Ljava/lang/Object;\n": 3.4657359027997265, "put(Ljava/lang/String;Ljava/lang/String;)V\n": 2.8903717578961645, "findPreference(Ljava/lang/CharSequence;)Landroid/preference/Preference;\n": 2.0794415416798357, "getSupportFragmentManager()Landroid/support/v4/app/FragmentManager;\n": 1.3862943611198906, "isEmpty(Ljava/lang/CharSequence;)Z\n": 1.3862943611198906, "putExtra(Ljava/lang/String;Z)Landroid/content/Intent;\n": 0.6931471805599453, "e()V\n": 1.0986122886681098, "get(Ljava/lang/Object;)Ljava/lang/Object;\n": 2.0794415416798357, "setText(I)V\n": 1.3862943611198906, "setChecked(Z)V\n": 1.3862943611198906, "getApplication()Landroid/app/Application;\n": 1.791759469228055, "setEnabled(Z)V\n": 2.1972245773362196, "d(Ljava/lang/String;Ljava/lang/String;)I\n": 1.3862943611198906, "onCreateOptionsMenu(Landroid/view/Menu;)Z\n": 1.0986122886681098, "setLayoutParams(Landroid/view/ViewGroup$LayoutParams;)V\n": 1.3862943611198906, "d(Ljava/lang/String;)V\n": 1.0986122886681098, "addAction(Ljava/lang/String;)V\n": 2.1972245773362196, "setBackgroundResource(I)V\n": 2.1972245773362196, "startActivityForResult(Landroid/content/Intent;I)V\n": 0.6931471805599453, "a()V\n": 2.0794415416798357, "length()I\n": 1.3862943611198906, "putExtra(Ljava/lang/String;I)Landroid/content/Intent;\n": 0.6931471805599453, "valueOf(I)Ljava/lang/Integer;\n": 1.3862943611198906, "dismiss()V\n": 1.0986122886681098, "printStackTrace()V\n": 2.0794415416798357, "setImageResource(I)V\n": 1.3862943611198906, "setTitle(Ljava/lang/CharSequence;)V\n": 1.0986122886681098, "putString(Ljava/lang/String;Ljava/lang/String;)V\n": 1.0986122886681098, "a(I)V\n": 1.6094379124341003, "setTitle(I)V\n": 1.791759469228055, "makeText(Landroid/content/Context;Ljava/lang/CharSequence;I)Landroid/widget/Toast;\n": 1.0986122886681098, "getBooleanExtra(Ljava/lang/String;Z)Z\n": 1.0986122886681098, "getStringExtra(Ljava/lang/String;)Ljava/lang/String;\n": 3.4657359027997265, "equalsIgnoreCase(Ljava/lang/String;)Z\n": 2.772588722239781, "next()Ljava/lang/Object;\n": 0.6931471805599453, "onKeyDown(ILandroid/view/KeyEvent;)Z\n": 1.3862943611198906, "addView(Landroid/view/View;)V\n": 1.3862943611198906, "onOptionsItemSelected(Landroid/view/MenuItem;)Z\n": 1.0986122886681098, "loadUrl(Ljava/lang/String;)V\n": 0.6931471805599453, "addView(Landroid/view/View;Landroid/view/ViewGroup$LayoutParams;)V\n": 0.6931471805599453, "addRule(I)V\n": 1.0986122886681098, "edit()Landroid/content/SharedPreferences$Editor;\n": 1.0986122886681098, "getSystemService(Ljava/lang/String;)Ljava/lang/Object;\n": 0.6931471805599453, "getId()I\n": 1.0986122886681098, "getPackageName()Ljava/lang/String;\n": 1.0986122886681098, "commit()Z\n": 1.0986122886681098, "g()V\n": 1.0986122886681098, "format(Ljava/lang/String;[Ljava/lang/Object;)Ljava/lang/String;\n": 1.3862943611198906, "onConfigurationChanged(Landroid/content/res/Configuration;)V\n": 0.6931471805599453, "d()V\n": 1.0986122886681098, "e(Ljava/lang/String;)V\n": 1.0986122886681098, "addFlags(I)Landroid/content/Intent;\n": 1.0986122886681098, "add(IIII)Landroid/view/MenuItem;\n": 3.044522437723423, "a(Ljava/lang/String;)V\n": 2.772588722239781, "valueOf(Z)Ljava/lang/Boolean;\n": 1.0986122886681098, "getName()Ljava/lang/String;\n": 1.0986122886681098, "onBackPressed()V\n": 1.3862943611198906, "getIntExtra(Ljava/lang/String;I)I\n": 1.0986122886681098, "b()V\n": 1.0986122886681098, "size()I\n": 2.0794415416798357, "getDisplayMetrics()Landroid/util/DisplayMetrics;\n": 0.6931471805599453, "i(Ljava/lang/String;Ljava/lang/String;)V\n": 3.1354942159291497, "getItemId()I\n": 0.6931471805599453, "add(Ljava/lang/Object;)Z\n": 2.772588722239781, "hasNext()Z\n": 0.6931471805599453, "valueOf(Ljava/lang/Object;)Ljava/lang/String;\n": 2.1972245773362196, "getExtras()Landroid/os/Bundle;\n": 1.3862943611198906, "e(Ljava/lang/String;Ljava/lang/String;)I\n": 1.0986122886681098, "setAdapter(Landroid/widget/ListAdapter;)V\n": 0.6931471805599453, "getInt(Ljava/lang/String;I)I\n": 1.0986122886681098, "append(I)Ljava/lang/StringBuilder;\n": 2.0794415416798357, "onRestart()V\n": 0.6931471805599453, "getBoolean(Ljava/lang/String;Z)Z\n": 1.0986122886681098, "iterator()Ljava/util/Iterator;\n": 0.6931471805599453, "setBackgroundColor(I)V\n": 1.3862943611198906, "close()V\n": 1.0986122886681098, "b(Ljava/lang/String;)V\n": 1.0986122886681098, "intValue()I\n": 1.3862943611198906, "c(Ljava/lang/String;Ljava/lang/Throwable;)V\n": 1.791759469228055, "setRequestedOrientation(I)V\n": 0.6931471805599453, "a(Z)V\n": 1.0986122886681098, "onWindowFocusChanged(Z)V\n": 1.0986122886681098, "start()V\n": 0.6931471805599453, "i(Ljava/lang/String;Ljava/lang/String;)I\n": 3.58351893845611, "create()Landroid/app/AlertDialog;\n": 1.0986122886681098, "put(Ljava/lang/Object;Ljava/lang/Object;)Ljava/lang/Object;\n": 2.1972245773362196, "c()V\n": 1.0986122886681098, "getString(Ljava/lang/String;Ljava/lang/String;)Ljava/lang/String;\n": 1.3862943611198906}