{"cancel()V\n": 1.791759469228055, "append(Ljava/lang/Object;)Ljava/lang/StringBuilder;\n": 0.6931471805599453, "stopLoading()V\n": 1.3862943611198906, "get(I)Ljava/lang/Object;\n": 2.0794415416798357, "getInt(Ljava/lang/String;)I\n": 0.6931471805599453, "getSupportFragmentManager()Landroid/support/v4/app/FragmentManager;\n": 1.3862943611198906, "isEmpty(Ljava/lang/CharSequence;)Z\n": 2.772588722239781, "removeView(Landroid/view/View;)V\n": 1.0986122886681098, "e()V\n": 1.0986122886681098, "get(Ljava/lang/Object;)Ljava/lang/Object;\n": 4.1588830833596715, "setOrientation(I)V\n": 1.3862943611198906, "setEnabled(Z)V\n": 1.0986122886681098, "d(Ljava/lang/String;Ljava/lang/String;)I\n": 2.772588722239781, "setLayoutParams(Landroid/view/ViewGroup$LayoutParams;)V\n": 2.0794415416798357, "d(Ljava/lang/String;)V\n": 1.0986122886681098, "a()V\n": 1.3862943611198906, "setBackgroundResource(I)V\n": 1.0986122886681098, "startActivityForResult(Landroid/content/Intent;I)V\n": 0.6931471805599453, "setId(I)V\n": 1.3862943611198906, "b(Ljava/lang/String;Ljava/lang/Throwable;)V\n": 1.3862943611198906, "length()I\n": 1.3862943611198906, "putExtra(Ljava/lang/String;I)Landroid/content/Intent;\n": 0.6931471805599453, "isShowing()Z\n": 1.0986122886681098, "valueOf(I)Ljava/lang/Integer;\n": 1.3862943611198906, "b()V\n": 1.0986122886681098, "onRestart()V\n": 0.6931471805599453, "setImageResource(I)V\n": 0.6931471805599453, "execute([Ljava/lang/Object;)Landroid/os/AsyncTask;\n": 1.0986122886681098, "onClick(Landroid/view/View;)V\n": 0.6931471805599453, "setMargins(IIII)V\n": 1.0986122886681098, "makeText(Landroid/content/Context;Ljava/lang/CharSequence;I)Landroid/widget/Toast;\n": 1.0986122886681098, "a(Ljava/lang/String;Ljava/lang/Throwable;)V\n": 1.6094379124341003, "getStringExtra(Ljava/lang/String;)Ljava/lang/String;\n": 2.772588722239781, "equalsIgnoreCase(Ljava/lang/String;)Z\n": 1.3862943611198906, "getSettings()Landroid/webkit/WebSettings;\n": 0.6931471805599453, "next()Ljava/lang/Object;\n": 0.6931471805599453, "onKeyDown(ILandroid/view/KeyEvent;)Z\n": 1.3862943611198906, "addView(Landroid/view/View;)V\n": 2.772588722239781, "onOptionsItemSelected(Landroid/view/MenuItem;)Z\n": 1.0986122886681098, "isFinishing()Z\n": 1.0986122886681098, "loadUrl(Ljava/lang/String;)V\n": 1.3862943611198906, "addView(Landroid/view/View;Landroid/view/ViewGroup$LayoutParams;)V\n": 2.0794415416798357, "elapsedRealtime()J\n": 1.3862943611198906, "addRule(I)V\n": 3.295836866004329, "getSystemService(Ljava/lang/String;)Ljava/lang/Object;\n": 0.6931471805599453, "getId()I\n": 1.0986122886681098, "getPackageName()Ljava/lang/String;\n": 1.0986122886681098, "format(Ljava/lang/String;[Ljava/lang/Object;)Ljava/lang/String;\n": 1.3862943611198906, "onConfigurationChanged(Landroid/content/res/Configuration;)V\n": 1.3862943611198906, "addView(Landroid/view/View;II)V\n": 1.3862943611198906, "d()V\n": 1.0986122886681098, "setTextColor(I)V\n": 1.3862943611198906, "booleanValue()Z\n": 1.3862943611198906, "e(Ljava/lang/String;)V\n": 2.1972245773362196, "removeAllViews()V\n": 0.6931471805599453, "a(Ljava/lang/String;)V\n": 5.545177444479562, "valueOf(Z)Ljava/lang/Boolean;\n": 1.0986122886681098, "getName()Ljava/lang/String;\n": 1.0986122886681098, "onBackPressed()V\n": 0.6931471805599453, "setPadding(IIII)V\n": 0.6931471805599453, "getMessage()Ljava/lang/String;\n": 0.6931471805599453, "setWebViewClient(Landroid/webkit/WebViewClient;)V\n": 0.6931471805599453, "valueOf(Ljava/lang/Object;)Ljava/lang/String;\n": 3.295836866004329, "getIntExtra(Ljava/lang/String;I)I\n": 1.0986122886681098, "size()I\n": 1.3862943611198906, "getDisplayMetrics()Landroid/util/DisplayMetrics;\n": 0.6931471805599453, "getDrawable(I)Landroid/graphics/drawable/Drawable;\n": 1.3862943611198906, "i(Ljava/lang/String;Ljava/lang/String;)V\n": 6.270988431858299, "a(IIII)Landroid/widget/RelativeLayout$LayoutParams;\n": 1.9459101490553132, "getItemId()I\n": 0.6931471805599453, "<init>(Ljava/io/InputStream;)V\n": 2.5649493574615367, "add(Ljava/lang/Object;)Z\n": 2.772588722239781, "hasNext()Z\n": 0.6931471805599453, "printStackTrace()V\n": 1.3862943611198906, "getExtras()Landroid/os/Bundle;\n": 1.3862943611198906, "getClass()Ljava/lang/Class;\n": 1.6094379124341003, "a()Ljava/lang/Object;\n": 1.9459101490553132, "destroy()V\n": 1.0986122886681098, "parseInt(Ljava/lang/String;)I\n": 1.0986122886681098, "append(I)Ljava/lang/StringBuilder;\n": 2.772588722239781, "iterator()Ljava/util/Iterator;\n": 0.6931471805599453, "setBackgroundColor(I)V\n": 2.0794415416798357, "close()V\n": 2.1972245773362196, "<init>(Ljava/lang/String;Landroid/net/Uri;)V\n": 0.6931471805599453, "setOnTouchListener(Landroid/view/View$OnTouchListener;)V\n": 1.3862943611198906, "intValue()I\n": 0.6931471805599453, "c(Ljava/lang/String;Ljava/lang/Throwable;)V\n": 1.791759469228055, "setRequestedOrientation(I)V\n": 0.6931471805599453, "a(Z)V\n": 1.0986122886681098, "onWindowFocusChanged(Z)V\n": 1.0986122886681098, "start()V\n": 1.3862943611198906, "get()Ljava/lang/Object;\n": 2.995732273553991, "create()Landroid/app/AlertDialog;\n": 1.0986122886681098, "c()V\n": 1.0986122886681098, "setMessage(Ljava/lang/CharSequence;)Landroid/app/AlertDialog$Builder;\n": 1.0986122886681098, "setFlags(II)V\n": 0.6931471805599453, "put(Ljava/lang/Object;Ljava/lang/Object;)Ljava/lang/Object;\n": 1.0986122886681098}