{"append(Ljava/lang/Object;)Ljava/lang/StringBuilder;\n": 0.6931471805599453, "get(I)Ljava/lang/Object;\n": 2.0794415416798357, "a(Ljava/lang/String;Ljava/lang/String;)V\n": 2.1972245773362196, "findPreference(Ljava/lang/CharSequence;)Landroid/preference/Preference;\n": 4.1588830833596715, "getSupportFragmentManager()Landroid/support/v4/app/FragmentManager;\n": 1.3862943611198906, "isEmpty(Ljava/lang/CharSequence;)Z\n": 2.772588722239781, "putExtra(Ljava/lang/String;Z)Landroid/content/Intent;\n": 0.6931471805599453, "e()V\n": 1.0986122886681098, "get(Ljava/lang/Object;)Ljava/lang/Object;\n": 1.3862943611198906, "setText(I)V\n": 2.772588722239781, "setChecked(Z)V\n": 1.3862943611198906, "setEnabled(Z)V\n": 2.1972245773362196, "clear()V\n": 1.0986122886681098, "d(Ljava/lang/String;Ljava/lang/String;)I\n": 1.3862943611198906, "setLayoutParams(Landroid/view/ViewGroup$LayoutParams;)V\n": 0.6931471805599453, "setBackgroundResource(I)V\n": 1.0986122886681098, "startActivityForResult(Landroid/content/Intent;I)V\n": 0.6931471805599453, "a()V\n": 2.0794415416798357, "isChecked()Z\n": 1.791759469228055, "length()I\n": 2.0794415416798357, "putExtra(Ljava/lang/String;I)Landroid/content/Intent;\n": 0.6931471805599453, "valueOf(I)Ljava/lang/Integer;\n": 2.0794415416798357, "b()V\n": 2.1972245773362196, "printStackTrace()V\n": 1.3862943611198906, "setImageResource(I)V\n": 0.6931471805599453, "startsWith(Ljava/lang/String;)Z\n": 5.545177444479562, "execute([Ljava/lang/Object;)Landroid/os/AsyncTask;\n": 1.0986122886681098, "putString(Ljava/lang/String;Ljava/lang/String;)V\n": 1.0986122886681098, "getContentResolver()Landroid/content/ContentResolver;\n": 1.3862943611198906, "a(I)V\n": 1.6094379124341003, "setTitle(I)V\n": 1.791759469228055, "getSimpleName()Ljava/lang/String;\n": 1.6094379124341003, "makeText(Landroid/content/Context;Ljava/lang/CharSequence;I)Landroid/widget/Toast;\n": 1.0986122886681098, "getBooleanExtra(Ljava/lang/String;Z)Z\n": 1.0986122886681098, "getStringExtra(Ljava/lang/String;)Ljava/lang/String;\n": 2.772588722239781, "equalsIgnoreCase(Ljava/lang/String;)Z\n": 1.3862943611198906, "next()Ljava/lang/Object;\n": 1.3862943611198906, "onKeyDown(ILandroid/view/KeyEvent;)Z\n": 0.6931471805599453, "addView(Landroid/view/View;)V\n": 0.6931471805599453, "onOptionsItemSelected(Landroid/view/MenuItem;)Z\n": 1.0986122886681098, "isFinishing()Z\n": 1.0986122886681098, "edit()Landroid/content/SharedPreferences$Editor;\n": 1.0986122886681098, "getSystemService(Ljava/lang/String;)Ljava/lang/Object;\n": 0.6931471805599453, "getId()I\n": 1.0986122886681098, "commit()Z\n": 1.0986122886681098, "format(Ljava/lang/String;[Ljava/lang/Object;)Ljava/lang/String;\n": 1.3862943611198906, "onConfigurationChanged(Landroid/content/res/Configuration;)V\n": 0.6931471805599453, "d()V\n": 1.0986122886681098, "setTextColor(I)V\n": 1.3862943611198906, "a(Ljava/lang/String;)V\n": 2.0794415416798357, "valueOf(Z)Ljava/lang/Boolean;\n": 1.0986122886681098, "runOnUiThread(Ljava/lang/Runnable;)V\n": 1.791759469228055, "getName()Ljava/lang/String;\n": 1.0986122886681098, "a()Z\n": 1.0986122886681098, "a()Ljava/lang/String;\n": 1.9459101490553132, "onBackPressed()V\n": 1.3862943611198906, "b(Ljava/lang/String;Ljava/lang/String;)V\n": 2.9444389791664403, "getIntExtra(Ljava/lang/String;I)I\n": 1.0986122886681098, "dismiss()V\n": 1.0986122886681098, "size()I\n": 2.772588722239781, "onClick(Landroid/view/View;)V\n": 0.6931471805599453, "getDrawable(I)Landroid/graphics/drawable/Drawable;\n": 1.3862943611198906, "i(Ljava/lang/String;Ljava/lang/String;)V\n": 3.1354942159291497, "trim()Ljava/lang/String;\n": 1.6094379124341003, "getItemId()I\n": 0.6931471805599453, "add(Ljava/lang/Object;)Z\n": 7.6246189861593985, "hasNext()Z\n": 0.6931471805599453, "valueOf(Ljava/lang/Object;)Ljava/lang/String;\n": 2.1972245773362196, "getExtras()Landroid/os/Bundle;\n": 1.3862943611198906, "getClass()Ljava/lang/Class;\n": 1.6094379124341003, "currentTimeMillis()J\n": 1.3862943611198906, "setBackgroundDrawable(Landroid/graphics/drawable/Drawable;)V\n": 1.0986122886681098, "setAdapter(Landroid/widget/ListAdapter;)V\n": 0.6931471805599453, "f()V\n": 1.6094379124341003, "append(I)Ljava/lang/StringBuilder;\n": 2.0794415416798357, "getBoolean(Ljava/lang/String;Z)Z\n": 1.0986122886681098, "iterator()Ljava/util/Iterator;\n": 0.6931471805599453, "ordinal()I\n": 1.6094379124341003, "setBackgroundColor(I)V\n": 0.6931471805599453, "setTitle(Ljava/lang/CharSequence;)V\n": 1.0986122886681098, "close()V\n": 1.0986122886681098, "getText()Landroid/text/Editable;\n": 2.772588722239781, "intValue()I\n": 0.6931471805599453, "a(Z)V\n": 1.0986122886681098, "start()V\n": 0.6931471805599453, "create()Landroid/app/AlertDialog;\n": 1.0986122886681098, "setResult(ILandroid/content/Intent;)V\n": 1.0986122886681098, "put(Ljava/lang/Object;Ljava/lang/Object;)Ljava/lang/Object;\n": 1.0986122886681098, "c()V\n": 2.1972245773362196, "getString(Ljava/lang/String;Ljava/lang/String;)Ljava/lang/String;\n": 1.3862943611198906}