{"append(Ljava/lang/Object;)Ljava/lang/StringBuilder;\n": 0.6931471805599453, "getColumnIndex(Ljava/lang/String;)I\n": 2.3978952727983707, "get(I)Ljava/lang/Object;\n": 3.4657359027997265, "findPreference(Ljava/lang/CharSequence;)Landroid/preference/Preference;\n": 4.1588830833596715, "getSupportFragmentManager()Landroid/support/v4/app/FragmentManager;\n": 1.3862943611198906, "isEmpty(Ljava/lang/CharSequence;)Z\n": 1.3862943611198906, "e()V\n": 1.0986122886681098, "get(Ljava/lang/Object;)Ljava/lang/Object;\n": 3.4657359027997265, "sendEmptyMessage(I)Z\n": 2.5649493574615367, "putString(Ljava/lang/String;Ljava/lang/String;)Landroid/content/SharedPreferences$Editor;\n": 1.791759469228055, "d(Ljava/lang/String;Ljava/lang/String;)I\n": 1.3862943611198906, "onCreateOptionsMenu(Landroid/view/Menu;)Z\n": 1.0986122886681098, "setBackgroundColor(I)V\n": 1.3862943611198906, "d(Ljava/lang/String;)V\n": 1.0986122886681098, "setBackgroundResource(I)V\n": 2.1972245773362196, "startActivityForResult(Landroid/content/Intent;I)V\n": 0.6931471805599453, "a()V\n": 1.3862943611198906, "getSharedPreferences(Ljava/lang/String;I)Landroid/content/SharedPreferences;\n": 1.3862943611198906, "b(Ljava/lang/String;Ljava/lang/Throwable;)V\n": 4.1588830833596715, "length()I\n": 1.3862943611198906, "valueOf(I)Ljava/lang/Integer;\n": 3.4657359027997265, "b()V\n": 1.0986122886681098, "printStackTrace()V\n": 0.6931471805599453, "setImageResource(I)V\n": 0.6931471805599453, "size()I\n": 2.0794415416798357, "execute([Ljava/lang/Object;)Landroid/os/AsyncTask;\n": 1.0986122886681098, "put(Ljava/lang/Object;Ljava/lang/Object;)Ljava/lang/Object;\n": 4.394449154672439, "getDisplayMetrics()Landroid/util/DisplayMetrics;\n": 0.6931471805599453, "getText()Landroid/text/Editable;\n": 1.3862943611198906, "a(Ljava/lang/String;Ljava/lang/Throwable;)V\n": 1.6094379124341003, "getStringExtra(Ljava/lang/String;)Ljava/lang/String;\n": 2.0794415416798357, "equalsIgnoreCase(Ljava/lang/String;)Z\n": 1.3862943611198906, "getSettings()Landroid/webkit/WebSettings;\n": 1.3862943611198906, "onKeyDown(ILandroid/view/KeyEvent;)Z\n": 1.3862943611198906, "addView(Landroid/view/View;)V\n": 1.3862943611198906, "setType(Ljava/lang/String;)Landroid/content/Intent;\n": 1.0986122886681098, "onOptionsItemSelected(Landroid/view/MenuItem;)Z\n": 1.0986122886681098, "loadUrl(Ljava/lang/String;)V\n": 0.6931471805599453, "addView(Landroid/view/View;Landroid/view/ViewGroup$LayoutParams;)V\n": 0.6931471805599453, "addRule(I)V\n": 2.1972245773362196, "edit()Landroid/content/SharedPreferences$Editor;\n": 1.0986122886681098, "getSystemService(Ljava/lang/String;)Ljava/lang/Object;\n": 0.6931471805599453, "getId()I\n": 1.0986122886681098, "setOnPreferenceClickListener(Landroid/preference/Preference$OnPreferenceClickListener;)V\n": 2.5649493574615367, "getPackageName()Ljava/lang/String;\n": 1.0986122886681098, "commit()Z\n": 1.0986122886681098, "getPreferenceManager()Landroid/preference/PreferenceManager;\n": 3.044522437723423, "onConfigurationChanged(Landroid/content/res/Configuration;)V\n": 1.3862943611198906, "setTextColor(I)V\n": 1.3862943611198906, "booleanValue()Z\n": 4.1588830833596715, "e(Ljava/lang/String;)V\n": 2.1972245773362196, "a(Ljava/lang/String;)V\n": 4.1588830833596715, "valueOf(Z)Ljava/lang/Boolean;\n": 1.0986122886681098, "getName()Ljava/lang/String;\n": 1.0986122886681098, "setOnItemClickListener(Landroid/widget/AdapterView$OnItemClickListener;)V\n": 1.0986122886681098, "d(Ljava/lang/String;Ljava/lang/String;)V\n": 2.772588722239781, "onBackPressed()V\n": 0.6931471805599453, "getMessage()Ljava/lang/String;\n": 0.6931471805599453, "setWebViewClient(Landroid/webkit/WebViewClient;)V\n": 0.6931471805599453, "dismiss()V\n": 1.0986122886681098, "setEnabled(Z)V\n": 2.1972245773362196, "onClick(Landroid/view/View;)V\n": 0.6931471805599453, "getDrawable(I)Landroid/graphics/drawable/Drawable;\n": 1.3862943611198906, "makeText(Landroid/content/Context;Ljava/lang/CharSequence;I)Landroid/widget/Toast;\n": 1.0986122886681098, "getItemId()I\n": 0.6931471805599453, "add(Ljava/lang/Object;)Z\n": 2.772588722239781, "valueOf(Ljava/lang/Object;)Ljava/lang/String;\n": 1.0986122886681098, "getExtras()Landroid/os/Bundle;\n": 2.0794415416798357, "e(Ljava/lang/String;Ljava/lang/String;)I\n": 1.0986122886681098, "a()Ljava/lang/Object;\n": 1.9459101490553132, "setAction(Ljava/lang/String;)Landroid/content/Intent;\n": 1.0986122886681098, "setAdapter(Landroid/widget/ListAdapter;)V\n": 0.6931471805599453, "append(I)Ljava/lang/StringBuilder;\n": 1.3862943611198906, "getClass()Ljava/lang/Class;\n": 1.6094379124341003, "onRestart()V\n": 1.3862943611198906, "getBoolean(Ljava/lang/String;Z)Z\n": 1.0986122886681098, "split(Ljava/lang/String;)[Ljava/lang/String;\n": 1.3862943611198906, "setLayoutParams(Landroid/view/ViewGroup$LayoutParams;)V\n": 1.3862943611198906, "close()V\n": 2.1972245773362196, "<init>(Ljava/lang/String;Landroid/net/Uri;)V\n": 0.6931471805599453, "setOnTouchListener(Landroid/view/View$OnTouchListener;)V\n": 1.3862943611198906, "setTypeface(Landroid/graphics/Typeface;)V\n": 2.302585092994046, "intValue()I\n": 1.3862943611198906, "c(Ljava/lang/String;Ljava/lang/Throwable;)V\n": 1.791759469228055, "setRequestedOrientation(I)V\n": 0.6931471805599453, "a(Z)V\n": 1.0986122886681098, "onWindowFocusChanged(Z)V\n": 1.0986122886681098, "start()V\n": 0.6931471805599453, "create()Landroid/app/AlertDialog;\n": 1.0986122886681098, "a(Ljava/lang/Exception;)V\n": 4.204692619390966, "getString(Ljava/lang/String;Ljava/lang/String;)Ljava/lang/String;\n": 1.3862943611198906, "c()V\n": 1.0986122886681098, "setFlags(II)V\n": 0.6931471805599453, "floatValue()F\n": 3.1780538303479458}