{"append(Ljava/lang/Object;)Ljava/lang/StringBuilder;\n": 0.6931471805599453, "get(I)Ljava/lang/Object;\n": 2.0794415416798357, "getInt(Ljava/lang/String;)I\n": 0.6931471805599453, "a(Ljava/lang/String;[Ljava/lang/Object;)V\n": 4.727387818712341, "getSupportFragmentManager()Landroid/support/v4/app/FragmentManager;\n": 1.3862943611198906, "isEmpty(Ljava/lang/CharSequence;)Z\n": 1.3862943611198906, "putExtra(Ljava/lang/String;Z)Landroid/content/Intent;\n": 0.6931471805599453, "e()V\n": 1.0986122886681098, "setDuration(J)V\n": 1.9459101490553132, "setEnabled(Z)V\n": 1.0986122886681098, "d(Ljava/lang/String;Ljava/lang/String;)I\n": 1.3862943611198906, "onCreateOptionsMenu(Landroid/view/Menu;)Z\n": 1.0986122886681098, "setBackgroundColor(I)V\n": 1.3862943611198906, "a()V\n": 2.0794415416798357, "setBackgroundResource(I)V\n": 2.1972245773362196, "getResourceAsStream(Ljava/lang/String;)Ljava/io/InputStream;\n": 4.248495242049359, "startActivityForResult(Landroid/content/Intent;I)V\n": 1.3862943611198906, "setId(I)V\n": 1.3862943611198906, "get(Ljava/lang/Object;)Ljava/lang/Object;\n": 2.0794415416798357, "iterator()Ljava/util/Iterator;\n": 1.3862943611198906, "b(Ljava/lang/String;Ljava/lang/Throwable;)V\n": 1.3862943611198906, "length()I\n": 1.3862943611198906, "putExtra(Ljava/lang/String;I)Landroid/content/Intent;\n": 0.6931471805599453, "valueOf(I)Ljava/lang/Integer;\n": 2.772588722239781, "b()Ljava/lang/String;\n": 1.0986122886681098, "b()V\n": 2.1972245773362196, "printStackTrace()V\n": 2.772588722239781, "setImageResource(I)V\n": 0.6931471805599453, "execute([Ljava/lang/Object;)Landroid/os/AsyncTask;\n": 1.0986122886681098, "onClick(Landroid/view/View;)V\n": 0.6931471805599453, "getText()Landroid/text/Editable;\n": 1.3862943611198906, "setResult(I)V\n": 1.0986122886681098, "getWidth()I\n": 1.0986122886681098, "getBoolean(Ljava/lang/String;)Z\n": 1.0986122886681098, "getBooleanExtra(Ljava/lang/String;Z)Z\n": 1.0986122886681098, "getStringExtra(Ljava/lang/String;)Ljava/lang/String;\n": 2.772588722239781, "equalsIgnoreCase(Ljava/lang/String;)Z\n": 5.545177444479562, "getSettings()Landroid/webkit/WebSettings;\n": 0.6931471805599453, "next()Ljava/lang/Object;\n": 1.3862943611198906, "onKeyDown(ILandroid/view/KeyEvent;)Z\n": 1.3862943611198906, "setImageDrawable(Landroid/graphics/drawable/Drawable;)V\n": 1.6094379124341003, "getDisplayMetrics()Landroid/util/DisplayMetrics;\n": 0.6931471805599453, "makeText(Landroid/content/Context;Ljava/lang/CharSequence;I)Landroid/widget/Toast;\n": 1.0986122886681098, "h()V\n": 1.3862943611198906, "onOptionsItemSelected(Landroid/view/MenuItem;)Z\n": 1.0986122886681098, "getLayoutParams()Landroid/view/ViewGroup$LayoutParams;\n": 1.6094379124341003, "loadUrl(Ljava/lang/String;)V\n": 0.6931471805599453, "addView(Landroid/view/View;Landroid/view/ViewGroup$LayoutParams;)V\n": 2.0794415416798357, "addRule(I)V\n": 2.1972245773362196, "getSystemService(Ljava/lang/String;)Ljava/lang/Object;\n": 0.6931471805599453, "getId()I\n": 1.0986122886681098, "getPackageName()Ljava/lang/String;\n": 1.0986122886681098, "a()Ljava/lang/Object;\n": 1.9459101490553132, "commit()Z\n": 1.0986122886681098, "g()V\n": 1.0986122886681098, "onConfigurationChanged(Landroid/content/res/Configuration;)V\n": 1.3862943611198906, "d()V\n": 1.0986122886681098, "setTextColor(I)V\n": 4.1588830833596715, "booleanValue()Z\n": 1.3862943611198906, "e(Ljava/lang/String;)V\n": 1.0986122886681098, "a(Ljava/lang/String;)V\n": 4.1588830833596715, "valueOf(Z)Ljava/lang/Boolean;\n": 1.0986122886681098, "getName()Ljava/lang/String;\n": 1.0986122886681098, "onBackPressed()V\n": 1.3862943611198906, "startAnimation(Landroid/view/animation/Animation;)V\n": 3.2188758248682006, "getMessage()Ljava/lang/String;\n": 0.6931471805599453, "getIntExtra(Ljava/lang/String;I)I\n": 1.0986122886681098, "size()I\n": 2.0794415416798357, "getHeight()I\n": 1.3862943611198906, "addView(Landroid/view/View;)V\n": 2.0794415416798357, "getItemId()I\n": 0.6931471805599453, "getText()Ljava/lang/CharSequence;\n": 1.791759469228055, "<init>(Ljava/io/InputStream;)V\n": 2.5649493574615367, "add(Ljava/lang/Object;)Z\n": 2.772588722239781, "hasNext()Z\n": 1.3862943611198906, "valueOf(Ljava/lang/Object;)Ljava/lang/String;\n": 2.1972245773362196, "getExtras()Landroid/os/Bundle;\n": 1.3862943611198906, "getClass()Ljava/lang/Class;\n": 3.2188758248682006, "setClickable(Z)V\n": 1.9459101490553132, "setBackgroundDrawable(Landroid/graphics/drawable/Drawable;)V\n": 1.0986122886681098, "append(I)Ljava/lang/StringBuilder;\n": 2.0794415416798357, "onRestart()V\n": 0.6931471805599453, "getBoolean(Ljava/lang/String;Z)Z\n": 1.0986122886681098, "putString(Ljava/lang/String;Ljava/lang/String;)V\n": 1.0986122886681098, "parseColor(Ljava/lang/String;)I\n": 2.4849066497880004, "setLayoutParams(Landroid/view/ViewGroup$LayoutParams;)V\n": 2.0794415416798357, "close()V\n": 1.0986122886681098, "b(Ljava/lang/String;)V\n": 1.0986122886681098, "setOnTouchListener(Landroid/view/View$OnTouchListener;)V\n": 1.3862943611198906, "intValue()I\n": 0.6931471805599453, "c(Ljava/lang/String;Ljava/lang/Throwable;)V\n": 1.791759469228055, "setRequestedOrientation(I)V\n": 0.6931471805599453, "compareTo(Ljava/lang/String;)I\n": 3.258096538021482, "a(Z)V\n": 1.0986122886681098, "onWindowFocusChanged(Z)V\n": 1.0986122886681098, "start()V\n": 0.6931471805599453, "create()Landroid/app/AlertDialog;\n": 1.0986122886681098, "append(Ljava/lang/String;)Ljava/lang/StringBuffer;\n": 2.70805020110221, "c()V\n": 1.0986122886681098, "setMessage(Ljava/lang/CharSequence;)Landroid/app/AlertDialog$Builder;\n": 1.0986122886681098, "setFlags(II)V\n": 0.6931471805599453, "put(Ljava/lang/Object;Ljava/lang/Object;)Ljava/lang/Object;\n": 2.1972245773362196}