{"valueOf(Ljava/lang/Object;)Ljava/lang/String;\n": 2.1972245773362196, "setBackgroundDrawable(Landroid/graphics/drawable/Drawable;)V\n": 1.0986122886681098, "append(Ljava/lang/Object;)Ljava/lang/StringBuilder;\n": 1.3862943611198906, "a()V\n": 2.0794415416798357, "getPackageName()Ljava/lang/String;\n": 1.0986122886681098, "get(I)Ljava/lang/Object;\n": 2.772588722239781, "putExtra(Ljava/lang/String;I)Landroid/content/Intent;\n": 0.6931471805599453, "e(Ljava/lang/String;Ljava/lang/String;)I\n": 1.0986122886681098, "add(Ljava/lang/Object;)Z\n": 2.772588722239781, "getStringArray(I)[Ljava/lang/String;\n": 1.9459101490553132, "valueOf(I)Ljava/lang/Integer;\n": 1.3862943611198906, "onRestart()V\n": 0.6931471805599453, "b()V\n": 2.1972245773362196, "getExtras()Landroid/os/Bundle;\n": 1.3862943611198906, "replaceAll(Ljava/lang/String;Ljava/lang/String;)Ljava/lang/String;\n": 4.795790545596741, "printStackTrace()V\n": 2.0794415416798357, "onConfigurationChanged(Landroid/content/res/Configuration;)V\n": 0.6931471805599453, "setImageResource(I)V\n": 0.6931471805599453, "e()V\n": 1.0986122886681098, "getSupportFragmentManager()Landroid/support/v4/app/FragmentManager;\n": 2.772588722239781, "execute([Ljava/lang/Object;)Landroid/os/AsyncTask;\n": 1.0986122886681098, "isEmpty(Ljava/lang/CharSequence;)Z\n": 1.3862943611198906, "getText()Landroid/text/Editable;\n": 1.3862943611198906, "a(I)V\n": 1.6094379124341003, "d()V\n": 1.0986122886681098, "append(Z)Ljava/lang/StringBuilder;\n": 1.6094379124341003, "onWindowFocusChanged(Z)V\n": 1.0986122886681098, "putExtra(Ljava/lang/String;Z)Landroid/content/Intent;\n": 0.6931471805599453, "append(I)Ljava/lang/StringBuilder;\n": 2.772588722239781, "setTextColor(I)V\n": 1.3862943611198906, "setTypeface(Landroid/graphics/Typeface;)V\n": 2.302585092994046, "get(Ljava/lang/Object;)Ljava/lang/Object;\n": 2.0794415416798357, "getSimpleName()Ljava/lang/String;\n": 1.6094379124341003, "e(Ljava/lang/String;)V\n": 1.0986122886681098, "setOnTouchListener(Landroid/view/View$OnTouchListener;)V\n": 1.3862943611198906, "getSystemService(Ljava/lang/String;)Ljava/lang/Object;\n": 0.6931471805599453, "ordinal()I\n": 1.6094379124341003, "setBackgroundColor(I)V\n": 1.3862943611198906, "a(Ljava/lang/String;)V\n": 2.0794415416798357, "valueOf(Z)Ljava/lang/Boolean;\n": 1.0986122886681098, "setEnabled(Z)V\n": 1.0986122886681098, "getDrawable(I)Landroid/graphics/drawable/Drawable;\n": 1.3862943611198906, "close()V\n": 1.0986122886681098, "onClick(Landroid/view/View;)V\n": 0.6931471805599453, "getName()Ljava/lang/String;\n": 1.0986122886681098, "getBooleanExtra(Ljava/lang/String;Z)Z\n": 1.0986122886681098, "getStringExtra(Ljava/lang/String;)Ljava/lang/String;\n": 2.772588722239781, "equalsIgnoreCase(Ljava/lang/String;)Z\n": 1.3862943611198906, "hasNext()Z\n": 0.6931471805599453, "d(Ljava/lang/String;Ljava/lang/String;)V\n": 2.772588722239781, "getSettings()Landroid/webkit/WebSettings;\n": 0.6931471805599453, "next()Ljava/lang/Object;\n": 0.6931471805599453, "onKeyDown(ILandroid/view/KeyEvent;)Z\n": 1.3862943611198906, "intValue()I\n": 0.6931471805599453, "c(Ljava/lang/String;Ljava/lang/Throwable;)V\n": 1.791759469228055, "setRequestedOrientation(I)V\n": 0.6931471805599453, "d(Ljava/lang/String;Ljava/lang/String;)I\n": 1.3862943611198906, "loadUrl(Ljava/lang/String;)V\n": 0.6931471805599453, "a(Z)V\n": 1.0986122886681098, "i(Ljava/lang/String;Ljava/lang/String;)V\n": 6.270988431858299, "start()V\n": 0.6931471805599453, "iterator()Ljava/util/Iterator;\n": 0.6931471805599453, "getInt(Ljava/lang/String;)I\n": 0.6931471805599453, "setBackgroundResource(I)V\n": 1.0986122886681098, "setLayoutParams(Landroid/view/ViewGroup$LayoutParams;)V\n": 2.0794415416798357, "setWebViewClient(Landroid/webkit/WebViewClient;)V\n": 0.6931471805599453, "i(Ljava/lang/String;Ljava/lang/String;)I\n": 1.791759469228055, "onBackPressed()V\n": 1.3862943611198906, "startActivityForResult(Landroid/content/Intent;I)V\n": 0.6931471805599453, "replace(Ljava/lang/CharSequence;Ljava/lang/CharSequence;)Ljava/lang/String;\n": 2.772588722239781, "addView(Landroid/view/View;Landroid/view/ViewGroup$LayoutParams;)V\n": 1.3862943611198906, "getIntExtra(Ljava/lang/String;I)I\n": 1.0986122886681098, "dismiss()V\n": 1.0986122886681098, "size()I\n": 2.772588722239781, "putString(Ljava/lang/String;Ljava/lang/String;)V\n": 1.0986122886681098, "addRule(I)V\n": 2.1972245773362196, "getId()I\n": 2.1972245773362196, "length()I\n": 2.0794415416798357, "c()V\n": 1.0986122886681098, "addView(Landroid/view/View;)V\n": 2.0794415416798357, "trim()Ljava/lang/String;\n": 1.6094379124341003, "e(Ljava/lang/String;Ljava/lang/String;)V\n": 2.6390573296152584, "put(Ljava/lang/Object;Ljava/lang/Object;)Ljava/lang/Object;\n": 1.0986122886681098, "setId(I)V\n": 1.3862943611198906}