{"valueOf(Ljava/lang/Object;)Ljava/lang/String;\n": 6.591673732008658, "length()I\n": 2.772588722239781, "getText()Ljava/lang/CharSequence;\n": 1.791759469228055, "getPackageName()Ljava/lang/String;\n": 1.0986122886681098, "get(I)Ljava/lang/Object;\n": 5.545177444479562, "putExtra(Ljava/lang/String;I)Landroid/content/Intent;\n": 0.6931471805599453, "c()V\n": 1.0986122886681098, "add(Ljava/lang/Object;)Z\n": 6.238324625039508, "hasNext()Z\n": 0.6931471805599453, "doubleValue()D\n": 3.044522437723423, "valueOf(I)Ljava/lang/Integer;\n": 1.3862943611198906, "b()Ljava/lang/String;\n": 1.0986122886681098, "b()V\n": 2.1972245773362196, "get(I)I\n": 2.3978952727983707, "getExtras()Landroid/os/Bundle;\n": 1.3862943611198906, "getSystemService(Ljava/lang/String;)Ljava/lang/Object;\n": 0.6931471805599453, "printStackTrace()V\n": 0.6931471805599453, "b(Ljava/lang/String;)V\n": 1.0986122886681098, "setImageResource(I)V\n": 0.6931471805599453, "getSupportFragmentManager()Landroid/support/v4/app/FragmentManager;\n": 1.3862943611198906, "execute([Ljava/lang/Object;)Landroid/os/AsyncTask;\n": 1.0986122886681098, "onClick(Landroid/view/View;)V\n": 0.6931471805599453, "getText()Landroid/text/Editable;\n": 5.545177444479562, "a(I)V\n": 1.6094379124341003, "d()V\n": 1.0986122886681098, "f()V\n": 1.6094379124341003, "putExtra(Ljava/lang/String;Z)Landroid/content/Intent;\n": 0.6931471805599453, "append(I)Ljava/lang/StringBuilder;\n": 1.3862943611198906, "e()V\n": 1.0986122886681098, "inflate(ILandroid/view/ViewGroup;)Landroid/view/View;\n": 1.0986122886681098, "get(Ljava/lang/Object;)Ljava/lang/Object;\n": 2.0794415416798357, "setText(I)V\n": 1.3862943611198906, "iterator()Ljava/util/Iterator;\n": 0.6931471805599453, "setChecked(Z)V\n": 1.3862943611198906, "ordinal()I\n": 1.6094379124341003, "setLayoutParams(Landroid/view/ViewGroup$LayoutParams;)V\n": 0.6931471805599453, "a(Ljava/lang/String;)V\n": 1.3862943611198906, "valueOf(Z)Ljava/lang/Boolean;\n": 1.0986122886681098, "setEnabled(Z)V\n": 2.1972245773362196, "getDrawable(I)Landroid/graphics/drawable/Drawable;\n": 1.3862943611198906, "substring(II)Ljava/lang/String;\n": 1.3862943611198906, "getName()Ljava/lang/String;\n": 1.0986122886681098, "next()Ljava/lang/Object;\n": 0.6931471805599453, "a(Ljava/lang/String;Ljava/lang/String;)V\n": 2.1972245773362196, "getStringExtra(Ljava/lang/String;)Ljava/lang/String;\n": 4.1588830833596715, "equalsIgnoreCase(Ljava/lang/String;)Z\n": 2.772588722239781, "getColor(I)I\n": 1.6094379124341003, "getBooleanExtra(Ljava/lang/String;Z)Z\n": 1.0986122886681098, "a()Ljava/lang/String;\n": 1.9459101490553132, "onKeyDown(ILandroid/view/KeyEvent;)Z\n": 0.6931471805599453, "intValue()I\n": 1.3862943611198906, "clear()V\n": 1.0986122886681098, "onBackPressed()V\n": 1.3862943611198906, "setAdapter(Landroid/widget/ListAdapter;)V\n": 0.6931471805599453, "setTypeface(Landroid/graphics/Typeface;)V\n": 2.302585092994046, "a(Z)V\n": 1.0986122886681098, "i(Ljava/lang/String;Ljava/lang/String;)V\n": 3.1354942159291497, "getMessage()Ljava/lang/String;\n": 0.6931471805599453, "setBackgroundResource(I)V\n": 2.1972245773362196, "startActivityForResult(Landroid/content/Intent;I)V\n": 0.6931471805599453, "a()V\n": 2.0794415416798357, "getIntExtra(Ljava/lang/String;I)I\n": 1.0986122886681098, "g()V\n": 1.0986122886681098, "valueOf(I)Ljava/lang/String;\n": 1.3862943611198906, "parseInt(Ljava/lang/String;)I\n": 1.0986122886681098, "size()I\n": 2.772588722239781, "putString(Ljava/lang/String;Ljava/lang/String;)V\n": 1.0986122886681098, "<init>(Ljava/lang/String;Ljava/lang/String;)V\n": 1.3862943611198906, "getId()I\n": 1.0986122886681098, "setTextColor(I)V\n": 1.3862943611198906, "getSerializable(Ljava/lang/String;)Ljava/io/Serializable;\n": 1.3862943611198906, "addView(Landroid/view/View;)V\n": 0.6931471805599453, "trim()Ljava/lang/String;\n": 1.6094379124341003, "booleanValue()Z\n": 1.3862943611198906, "put(Ljava/lang/Object;Ljava/lang/Object;)Ljava/lang/Object;\n": 3.295836866004329, "format(Ljava/lang/String;[Ljava/lang/Object;)Ljava/lang/String;\n": 1.3862943611198906}