{"append(Ljava/lang/Object;)Ljava/lang/StringBuilder;\n": 0.6931471805599453, "get(I)Ljava/lang/Object;\n": 2.772588722239781, "getInt(Ljava/lang/String;)I\n": 0.6931471805599453, "findPreference(Ljava/lang/CharSequence;)Landroid/preference/Preference;\n": 2.0794415416798357, "getSupportFragmentManager()Landroid/support/v4/app/FragmentManager;\n": 2.772588722239781, "isEmpty(Ljava/lang/CharSequence;)Z\n": 1.3862943611198906, "e()V\n": 1.0986122886681098, "get(Ljava/lang/Object;)Ljava/lang/Object;\n": 2.0794415416798357, "setText(I)V\n": 2.772588722239781, "commit()Z\n": 1.0986122886681098, "setChecked(Z)V\n": 1.3862943611198906, "setEnabled(Z)V\n": 1.0986122886681098, "setBackgroundResource(I)V\n": 3.295836866004329, "d(Ljava/lang/String;Ljava/lang/String;)I\n": 1.3862943611198906, "onCreateOptionsMenu(Landroid/view/Menu;)Z\n": 1.0986122886681098, "setBackgroundColor(I)V\n": 0.6931471805599453, "d(Ljava/lang/String;)V\n": 1.0986122886681098, "onOptionsItemSelected(Lcom/actionbarsherlock/view/MenuItem;)Z\n": 2.5649493574615367, "startActivityForResult(Landroid/content/Intent;I)V\n": 0.6931471805599453, "a()V\n": 2.0794415416798357, "valueOf(I)Ljava/lang/String;\n": 1.3862943611198906, "getSupportActionBar()Lcom/actionbarsherlock/app/ActionBar;\n": 2.5649493574615367, "getString(I[Ljava/lang/Object;)Ljava/lang/String;\n": 1.9459101490553132, "length()I\n": 1.3862943611198906, "putExtra(Ljava/lang/String;I)Landroid/content/Intent;\n": 0.6931471805599453, "valueOf(I)Ljava/lang/Integer;\n": 2.772588722239781, "b()V\n": 1.0986122886681098, "get(I)I\n": 2.3978952727983707, "printStackTrace()V\n": 0.6931471805599453, "setImageResource(I)V\n": 0.6931471805599453, "execute([Ljava/lang/Object;)Landroid/os/AsyncTask;\n": 1.0986122886681098, "setTypeface(Landroid/graphics/Typeface;)V\n": 6.907755278982138, "a(I)V\n": 1.6094379124341003, "setTitle(I)V\n": 1.791759469228055, "getInstance()Ljava/util/Calendar;\n": 1.9459101490553132, "getBooleanExtra(Ljava/lang/String;Z)Z\n": 1.0986122886681098, "getStringExtra(Ljava/lang/String;)Ljava/lang/String;\n": 1.3862943611198906, "equalsIgnoreCase(Ljava/lang/String;)Z\n": 2.772588722239781, "next()Ljava/lang/Object;\n": 0.6931471805599453, "onKeyDown(ILandroid/view/KeyEvent;)Z\n": 0.6931471805599453, "makeText(Landroid/content/Context;Ljava/lang/CharSequence;I)Landroid/widget/Toast;\n": 1.0986122886681098, "onOptionsItemSelected(Landroid/view/MenuItem;)Z\n": 1.0986122886681098, "loadUrl(Ljava/lang/String;)V\n": 0.6931471805599453, "addView(Landroid/view/View;Landroid/view/ViewGroup$LayoutParams;)V\n": 0.6931471805599453, "addRule(I)V\n": 1.0986122886681098, "getSystemService(Ljava/lang/String;)Ljava/lang/Object;\n": 0.6931471805599453, "getId()I\n": 2.1972245773362196, "getPackageName()Ljava/lang/String;\n": 1.0986122886681098, "setDisplayHomeAsUpEnabled(Z)V\n": 1.9459101490553132, "format(Ljava/lang/String;[Ljava/lang/Object;)Ljava/lang/String;\n": 1.3862943611198906, "setClass(Landroid/content/Context;Ljava/lang/Class;)Landroid/content/Intent;\n": 6.907755278982138, "d()V\n": 1.0986122886681098, "setTextColor(I)V\n": 1.3862943611198906, "e(Ljava/lang/String;)V\n": 1.0986122886681098, "a(Ljava/lang/String;)V\n": 2.0794415416798357, "valueOf(Z)Ljava/lang/Boolean;\n": 1.0986122886681098, "getName()Ljava/lang/String;\n": 2.1972245773362196, "onBackPressed()V\n": 2.0794415416798357, "getMessage()Ljava/lang/String;\n": 0.6931471805599453, "getIntExtra(Ljava/lang/String;I)I\n": 1.0986122886681098, "size()I\n": 2.772588722239781, "onClick(Landroid/view/View;)V\n": 0.6931471805599453, "addView(Landroid/view/View;)V\n": 1.3862943611198906, "getItemId()I\n": 1.3862943611198906, "add(Ljava/lang/Object;)Z\n": 2.772588722239781, "hasNext()Z\n": 0.6931471805599453, "valueOf(Ljava/lang/Object;)Ljava/lang/String;\n": 3.295836866004329, "getExtras()Landroid/os/Bundle;\n": 2.0794415416798357, "e(Ljava/lang/String;Ljava/lang/String;)I\n": 1.0986122886681098, "parseInt(Ljava/lang/String;)I\n": 1.0986122886681098, "setAdapter(Landroid/widget/ListAdapter;)V\n": 0.6931471805599453, "append(I)Ljava/lang/StringBuilder;\n": 2.772588722239781, "getBoolean(Ljava/lang/String;Z)Z\n": 1.0986122886681098, "iterator()Ljava/util/Iterator;\n": 0.6931471805599453, "ordinal()I\n": 1.6094379124341003, "setLayoutParams(Landroid/view/ViewGroup$LayoutParams;)V\n": 0.6931471805599453, "setTitle(Ljava/lang/CharSequence;)V\n": 1.0986122886681098, "close()V\n": 1.0986122886681098, "b(Ljava/lang/String;)V\n": 1.0986122886681098, "getText()Landroid/text/Editable;\n": 2.772588722239781, "intValue()I\n": 0.6931471805599453, "a(Z)V\n": 1.0986122886681098, "start()V\n": 0.6931471805599453, "i(Ljava/lang/String;Ljava/lang/String;)I\n": 1.791759469228055, "get()Ljava/lang/Object;\n": 2.995732273553991, "create()Landroid/app/AlertDialog;\n": 1.0986122886681098, "c()V\n": 1.0986122886681098, "setMessage(Ljava/lang/CharSequence;)Landroid/app/AlertDialog$Builder;\n": 1.0986122886681098, "put(Ljava/lang/Object;Ljava/lang/Object;)Ljava/lang/Object;\n": 2.1972245773362196}