{"append(Ljava/lang/Object;)Ljava/lang/StringBuilder;\n": 0.6931471805599453, "setTitle(Ljava/lang/CharSequence;)V\n": 1.0986122886681098, "getText()Ljava/lang/CharSequence;\n": 1.791759469228055, "get(I)Ljava/lang/Object;\n": 5.545177444479562, "putExtra(Ljava/lang/String;I)Landroid/content/Intent;\n": 0.6931471805599453, "add(Ljava/lang/Object;)Z\n": 4.852030263919617, "length()I\n": 2.772588722239781, "valueOf(I)Ljava/lang/Integer;\n": 2.0794415416798357, "valueOf(Ljava/lang/Object;)Ljava/lang/String;\n": 3.295836866004329, "b()V\n": 2.1972245773362196, "get(I)I\n": 2.3978952727983707, "getExtras()Landroid/os/Bundle;\n": 2.0794415416798357, "setTextColor(I)V\n": 1.3862943611198906, "printStackTrace()V\n": 2.0794415416798357, "setImageResource(I)V\n": 0.6931471805599453, "getSupportFragmentManager()Landroid/support/v4/app/FragmentManager;\n": 2.772588722239781, "setOnItemClickListener(Landroid/widget/AdapterView$OnItemClickListener;)V\n": 1.0986122886681098, "onClick(Landroid/view/View;)V\n": 0.6931471805599453, "getText()Landroid/text/Editable;\n": 2.772588722239781, "a(I)V\n": 3.2188758248682006, "d()V\n": 1.0986122886681098, "hasNext()Z\n": 1.3862943611198906, "putExtra(Ljava/lang/String;Z)Landroid/content/Intent;\n": 0.6931471805599453, "append(I)Ljava/lang/StringBuilder;\n": 2.0794415416798357, "e()V\n": 1.0986122886681098, "booleanValue()Z\n": 1.3862943611198906, "get(Ljava/lang/Object;)Ljava/lang/Object;\n": 3.4657359027997265, "setText(I)V\n": 1.3862943611198906, "split(Ljava/lang/String;)[Ljava/lang/String;\n": 1.3862943611198906, "iterator()Ljava/util/Iterator;\n": 1.3862943611198906, "getSystemService(Ljava/lang/String;)Ljava/lang/Object;\n": 0.6931471805599453, "contains(Ljava/lang/CharSequence;)Z\n": 1.3862943611198906, "getInt(Ljava/lang/String;)I\n": 0.6931471805599453, "setLayoutParams(Landroid/view/ViewGroup$LayoutParams;)V\n": 0.6931471805599453, "a(Ljava/lang/String;)V\n": 0.6931471805599453, "valueOf(Z)Ljava/lang/Boolean;\n": 1.0986122886681098, "setEnabled(Z)V\n": 1.0986122886681098, "getDrawable(I)Landroid/graphics/drawable/Drawable;\n": 1.3862943611198906, "getName()Ljava/lang/String;\n": 1.0986122886681098, "name()Ljava/lang/String;\n": 2.772588722239781, "setTypeface(Landroid/graphics/Typeface;)V\n": 2.302585092994046, "optString(Ljava/lang/String;)Ljava/lang/String;\n": 3.1780538303479458, "equalsIgnoreCase(Ljava/lang/String;)Z\n": 5.545177444479562, "isEmpty(Ljava/lang/CharSequence;)Z\n": 4.1588830833596715, "a(Ljava/lang/String;Ljava/lang/String;)Ljava/lang/String;\n": 3.5553480614894135, "getColor(I)I\n": 1.6094379124341003, "putSerializable(Ljava/lang/String;Ljava/io/Serializable;)V\n": 1.791759469228055, "getBooleanExtra(Ljava/lang/String;Z)Z\n": 1.0986122886681098, "execute([Ljava/lang/Object;)Landroid/os/AsyncTask;\n": 1.0986122886681098, "onKeyDown(ILandroid/view/KeyEvent;)Z\n": 0.6931471805599453, "intValue()I\n": 0.6931471805599453, "beginTransaction()Landroid/support/v4/app/FragmentTransaction;\n": 1.6094379124341003, "onBackPressed()V\n": 1.3862943611198906, "d(Ljava/lang/String;Ljava/lang/String;)I\n": 1.3862943611198906, "getStringExtra(Ljava/lang/String;)Ljava/lang/String;\n": 2.0794415416798357, "setAdapter(Landroid/widget/ListAdapter;)V\n": 0.6931471805599453, "putExtra(Ljava/lang/String;Ljava/io/Serializable;)Landroid/content/Intent;\n": 1.791759469228055, "a(Z)V\n": 1.0986122886681098, "addView(Landroid/view/View;)V\n": 1.3862943611198906, "onOptionsItemSelected(Landroid/view/MenuItem;)Z\n": 1.0986122886681098, "onCreateOptionsMenu(Landroid/view/Menu;)Z\n": 1.0986122886681098, "isEmpty()Z\n": 1.3862943611198906, "setBackgroundResource(I)V\n": 1.0986122886681098, "startActivityForResult(Landroid/content/Intent;I)V\n": 0.6931471805599453, "a()V\n": 1.3862943611198906, "valueOf(I)Ljava/lang/String;\n": 1.3862943611198906, "parseInt(Ljava/lang/String;)I\n": 1.0986122886681098, "ordinal()I\n": 1.6094379124341003, "create()Landroid/app/AlertDialog;\n": 1.0986122886681098, "size()I\n": 4.1588830833596715, "putString(Ljava/lang/String;Ljava/lang/String;)V\n": 2.1972245773362196, "append(Ljava/lang/String;)Ljava/lang/StringBuffer;\n": 2.70805020110221, "put(Ljava/lang/Object;Ljava/lang/Object;)Ljava/lang/Object;\n": 4.394449154672439, "c()V\n": 1.0986122886681098, "clear()V\n": 1.0986122886681098, "makeText(Landroid/content/Context;Ljava/lang/CharSequence;I)Landroid/widget/Toast;\n": 1.0986122886681098, "next()Ljava/lang/Object;\n": 1.3862943611198906, "getItemId()I\n": 0.6931471805599453, "trim()Ljava/lang/String;\n": 3.2188758248682006, "inflate(ILandroid/view/ViewGroup;)Landroid/view/View;\n": 1.0986122886681098, "getId()I\n": 1.0986122886681098, "setBackgroundColor(I)V\n": 0.6931471805599453}