{"append(Ljava/lang/Object;)Ljava/lang/StringBuilder;\n": 0.6931471805599453, "get(I)Ljava/lang/Object;\n": 4.1588830833596715, "getCurrentItem()I\n": 2.3978952727983707, "getInt(Ljava/lang/String;)I\n": 0.6931471805599453, "getSupportFragmentManager()Landroid/support/v4/app/FragmentManager;\n": 4.1588830833596715, "isEmpty(Ljava/lang/CharSequence;)Z\n": 1.3862943611198906, "get(Ljava/lang/Object;)Ljava/lang/Object;\n": 2.0794415416798357, "getApplication()Landroid/app/Application;\n": 1.791759469228055, "setEnabled(Z)V\n": 1.0986122886681098, "clear()V\n": 1.0986122886681098, "d(Ljava/lang/String;Ljava/lang/String;)I\n": 2.772588722239781, "onCreateOptionsMenu(Landroid/view/Menu;)Z\n": 1.0986122886681098, "setLayoutParams(Landroid/view/ViewGroup$LayoutParams;)V\n": 1.3862943611198906, "setBackgroundResource(I)V\n": 1.0986122886681098, "startActivityForResult(Landroid/content/Intent;I)V\n": 0.6931471805599453, "a()V\n": 1.3862943611198906, "getSupportActionBar()Lcom/actionbarsherlock/app/ActionBar;\n": 2.5649493574615367, "length()I\n": 2.0794415416798357, "getTitle()Ljava/lang/String;\n": 2.1972245773362196, "putExtra(Ljava/lang/String;I)Landroid/content/Intent;\n": 0.6931471805599453, "valueOf(I)Ljava/lang/Integer;\n": 1.3862943611198906, "b()V\n": 1.0986122886681098, "onRestart()V\n": 0.6931471805599453, "setImageResource(I)V\n": 0.6931471805599453, "execute([Ljava/lang/Object;)Landroid/os/AsyncTask;\n": 1.0986122886681098, "getText()Landroid/text/Editable;\n": 1.3862943611198906, "getSimpleName()Ljava/lang/String;\n": 1.6094379124341003, "next()Ljava/lang/Object;\n": 0.6931471805599453, "getStringExtra(Ljava/lang/String;)Ljava/lang/String;\n": 2.772588722239781, "equalsIgnoreCase(Ljava/lang/String;)Z\n": 4.1588830833596715, "getSettings()Landroid/webkit/WebSettings;\n": 1.3862943611198906, "getBooleanExtra(Ljava/lang/String;Z)Z\n": 1.0986122886681098, "onKeyDown(ILandroid/view/KeyEvent;)Z\n": 0.6931471805599453, "makeText(Landroid/content/Context;Ljava/lang/CharSequence;I)Landroid/widget/Toast;\n": 1.0986122886681098, "onOptionsItemSelected(Landroid/view/MenuItem;)Z\n": 2.1972245773362196, "loadUrl(Ljava/lang/String;)V\n": 0.6931471805599453, "replace(Ljava/lang/CharSequence;Ljava/lang/CharSequence;)Ljava/lang/String;\n": 1.3862943611198906, "getSupportActionBar()Landroid/support/v7/app/ActionBar;\n": 2.833213344056216, "addRule(I)V\n": 1.0986122886681098, "edit()Landroid/content/SharedPreferences$Editor;\n": 1.0986122886681098, "overridePendingTransition(II)V\n": 1.791759469228055, "getSystemService(Ljava/lang/String;)Ljava/lang/Object;\n": 0.6931471805599453, "getId()I\n": 1.0986122886681098, "printStackTrace()V\n": 1.3862943611198906, "onConfigurationChanged(Landroid/content/res/Configuration;)V\n": 1.3862943611198906, "booleanValue()Z\n": 1.3862943611198906, "a(Ljava/lang/String;)V\n": 1.3862943611198906, "valueOf(Z)Ljava/lang/Boolean;\n": 1.0986122886681098, "getName()Ljava/lang/String;\n": 1.0986122886681098, "d(Ljava/lang/String;Ljava/lang/String;)V\n": 2.772588722239781, "beginTransaction()Landroid/support/v4/app/FragmentTransaction;\n": 1.6094379124341003, "onBackPressed()V\n": 2.0794415416798357, "getMessage()Ljava/lang/String;\n": 0.6931471805599453, "setWebViewClient(Landroid/webkit/WebViewClient;)V\n": 0.6931471805599453, "getIntExtra(Ljava/lang/String;I)I\n": 1.0986122886681098, "addView(Landroid/view/View;Landroid/view/ViewGroup$LayoutParams;)V\n": 0.6931471805599453, "size()I\n": 3.4657359027997265, "putString(Ljava/lang/String;Ljava/lang/String;)V\n": 2.1972245773362196, "getDrawable(I)Landroid/graphics/drawable/Drawable;\n": 1.3862943611198906, "addView(Landroid/view/View;)V\n": 1.3862943611198906, "getItemId()I\n": 1.3862943611198906, "add(Ljava/lang/Object;)Z\n": 2.0794415416798357, "hasNext()Z\n": 0.6931471805599453, "valueOf(Ljava/lang/Object;)Ljava/lang/String;\n": 2.1972245773362196, "getExtras()Landroid/os/Bundle;\n": 2.0794415416798357, "e(Ljava/lang/String;Ljava/lang/String;)I\n": 1.0986122886681098, "commit()I\n": 1.6094379124341003, "setBackgroundDrawable(Landroid/graphics/drawable/Drawable;)V\n": 1.0986122886681098, "setAdapter(Landroid/widget/ListAdapter;)V\n": 0.6931471805599453, "append(I)Ljava/lang/StringBuilder;\n": 2.0794415416798357, "getBoolean(Ljava/lang/String;Z)Z\n": 1.0986122886681098, "iterator()Ljava/util/Iterator;\n": 0.6931471805599453, "ordinal()I\n": 1.6094379124341003, "setBackgroundColor(I)V\n": 0.6931471805599453, "setTitle(Ljava/lang/CharSequence;)V\n": 1.0986122886681098, "close()V\n": 1.0986122886681098, "getVisibility()I\n": 1.6094379124341003, "setTypeface(Landroid/graphics/Typeface;)V\n": 2.302585092994046, "intValue()I\n": 0.6931471805599453, "setRequestedOrientation(I)V\n": 0.6931471805599453, "start()V\n": 0.6931471805599453, "i(Ljava/lang/String;Ljava/lang/String;)I\n": 1.791759469228055, "create()Landroid/app/AlertDialog;\n": 1.0986122886681098, "put(Ljava/lang/Object;Ljava/lang/Object;)Ljava/lang/Object;\n": 2.1972245773362196, "c()V\n": 1.0986122886681098, "getString(Ljava/lang/String;Ljava/lang/String;)Ljava/lang/String;\n": 1.3862943611198906}