{"b(Ljava/lang/String;Ljava/lang/Throwable;)V\n": 1.3862943611198906, "setTitle(I)Landroid/app/AlertDialog$Builder;\n": 1.6094379124341003, "length()I\n": 2.0794415416798357, "getText()Ljava/lang/CharSequence;\n": 1.791759469228055, "getColumnIndex(Ljava/lang/String;)I\n": 2.3978952727983707, "get(I)Ljava/lang/Object;\n": 2.0794415416798357, "putExtra(Ljava/lang/String;I)Landroid/content/Intent;\n": 0.6931471805599453, "add(Ljava/lang/Object;)Z\n": 2.772588722239781, "append(Ljava/lang/Object;)Ljava/lang/StringBuilder;\n": 0.6931471805599453, "valueOf(I)Ljava/lang/Integer;\n": 2.0794415416798357, "valueOf(Ljava/lang/Object;)Ljava/lang/String;\n": 3.295836866004329, "b()V\n": 1.0986122886681098, "get(I)I\n": 2.3978952727983707, "getExtras()Landroid/os/Bundle;\n": 2.0794415416798357, "loadUrl(Ljava/lang/String;)V\n": 0.6931471805599453, "printStackTrace()V\n": 0.6931471805599453, "onConfigurationChanged(Landroid/content/res/Configuration;)V\n": 0.6931471805599453, "setImageResource(I)V\n": 1.3862943611198906, "e()V\n": 1.0986122886681098, "getSupportFragmentManager()Landroid/support/v4/app/FragmentManager;\n": 1.3862943611198906, "setOnItemClickListener(Landroid/widget/AdapterView$OnItemClickListener;)V\n": 1.0986122886681098, "isEmpty(Ljava/lang/CharSequence;)Z\n": 1.3862943611198906, "getText()Landroid/text/Editable;\n": 2.772588722239781, "setAdapter(Landroid/widget/ListAdapter;)V\n": 0.6931471805599453, "setTitle(Ljava/lang/CharSequence;)Landroid/app/AlertDialog$Builder;\n": 1.0986122886681098, "getInt(Ljava/lang/String;I)I\n": 1.0986122886681098, "append(I)Ljava/lang/StringBuilder;\n": 2.0794415416798357, "getString(Ljava/lang/String;Ljava/lang/String;)Ljava/lang/String;\n": 1.3862943611198906, "setTypeface(Landroid/graphics/Typeface;)V\n": 2.302585092994046, "get(Ljava/lang/Object;)Ljava/lang/Object;\n": 2.772588722239781, "getBoolean(Ljava/lang/String;Z)Z\n": 1.0986122886681098, "e(Ljava/lang/String;)V\n": 1.0986122886681098, "commit()Z\n": 1.0986122886681098, "getLayoutParams()Landroid/view/ViewGroup$LayoutParams;\n": 1.6094379124341003, "setChecked(Z)V\n": 9.704060527839234, "getMessage()Ljava/lang/String;\n": 0.6931471805599453, "getInt(Ljava/lang/String;)I\n": 0.6931471805599453, "setLayoutParams(Landroid/view/ViewGroup$LayoutParams;)V\n": 1.3862943611198906, "a(Ljava/lang/String;)V\n": 3.4657359027997265, "setEnabled(Z)V\n": 1.0986122886681098, "getDrawable(I)Landroid/graphics/drawable/Drawable;\n": 1.3862943611198906, "close()V\n": 1.0986122886681098, "onClick(Landroid/view/View;)V\n": 0.6931471805599453, "getName()Ljava/lang/String;\n": 1.0986122886681098, "name()Ljava/lang/String;\n": 2.772588722239781, "setPositiveButton(ILandroid/content/DialogInterface$OnClickListener;)Landroid/app/AlertDialog$Builder;\n": 1.3862943611198906, "equalsIgnoreCase(Ljava/lang/String;)Z\n": 2.772588722239781, "getSettings()Landroid/webkit/WebSettings;\n": 0.6931471805599453, "next()Ljava/lang/Object;\n": 0.6931471805599453, "onKeyDown(ILandroid/view/KeyEvent;)Z\n": 0.6931471805599453, "intValue()I\n": 0.6931471805599453, "hasNext()Z\n": 0.6931471805599453, "onBackPressed()V\n": 0.6931471805599453, "d(Ljava/lang/String;Ljava/lang/String;)I\n": 1.3862943611198906, "getStringExtra(Ljava/lang/String;)Ljava/lang/String;\n": 0.6931471805599453, "startActivityForResult(Landroid/content/Intent;I)V\n": 0.6931471805599453, "a(Z)V\n": 1.0986122886681098, "addView(Landroid/view/View;)V\n": 1.3862943611198906, "onOptionsItemSelected(Landroid/view/MenuItem;)Z\n": 1.0986122886681098, "onCreateOptionsMenu(Landroid/view/Menu;)Z\n": 1.0986122886681098, "setBackgroundColor(I)V\n": 3.4657359027997265, "setBackgroundResource(I)V\n": 3.295836866004329, "get()Ljava/lang/Object;\n": 2.995732273553991, "a()V\n": 1.3862943611198906, "addView(Landroid/view/View;Landroid/view/ViewGroup$LayoutParams;)V\n": 0.6931471805599453, "getSystemService(Ljava/lang/String;)Ljava/lang/Object;\n": 0.6931471805599453, "println(Ljava/lang/String;)V\n": 2.8903717578961645, "setTitle(Ljava/lang/CharSequence;)V\n": 1.0986122886681098, "iterator()Ljava/util/Iterator;\n": 0.6931471805599453, "create()Landroid/app/AlertDialog;\n": 1.0986122886681098, "size()I\n": 2.0794415416798357, "putString(Ljava/lang/String;Ljava/lang/String;)V\n": 4.394449154672439, "getId()I\n": 1.0986122886681098, "addRule(I)V\n": 1.0986122886681098, "format(Ljava/lang/String;[Ljava/lang/Object;)Ljava/lang/String;\n": 1.3862943611198906, "edit()Landroid/content/SharedPreferences$Editor;\n": 1.0986122886681098, "c()V\n": 1.0986122886681098, "makeText(Landroid/content/Context;Ljava/lang/CharSequence;I)Landroid/widget/Toast;\n": 1.0986122886681098, "setMessage(Ljava/lang/CharSequence;)Landroid/app/AlertDialog$Builder;\n": 1.0986122886681098, "trim()Ljava/lang/String;\n": 1.6094379124341003, "setTextColor(I)V\n": 6.931471805599453, "put(Ljava/lang/Object;Ljava/lang/Object;)Ljava/lang/Object;\n": 1.0986122886681098, "getItemId()I\n": 0.6931471805599453}