{"append(Ljava/lang/Object;)Ljava/lang/StringBuilder;\n": 0.6931471805599453, "get(I)Ljava/lang/Object;\n": 2.772588722239781, "getInt(Ljava/lang/String;)I\n": 0.6931471805599453, "a(Ljava/lang/String;Ljava/lang/String;)V\n": 2.1972245773362196, "setTextSize(F)V\n": 1.791759469228055, "findPreference(Ljava/lang/CharSequence;)Landroid/preference/Preference;\n": 6.238324625039507, "isEmpty(Ljava/lang/CharSequence;)Z\n": 2.772588722239781, "putExtra(Ljava/lang/String;Z)Landroid/content/Intent;\n": 0.6931471805599453, "makeText(Landroid/content/Context;II)Landroid/widget/Toast;\n": 1.791759469228055, "e()V\n": 2.1972245773362196, "get(Ljava/lang/Object;)Ljava/lang/Object;\n": 2.0794415416798357, "setText(I)V\n": 1.3862943611198906, "getPackageManager()Landroid/content/pm/PackageManager;\n": 2.1972245773362196, "setChecked(Z)V\n": 1.3862943611198906, "setEnabled(Z)V\n": 3.295836866004329, "putString(Ljava/lang/String;Ljava/lang/String;)Landroid/content/SharedPreferences$Editor;\n": 1.791759469228055, "clear()V\n": 1.0986122886681098, "d(Ljava/lang/String;Ljava/lang/String;)I\n": 1.3862943611198906, "setNegativeButton(Ljava/lang/CharSequence;Landroid/content/DialogInterface$OnClickListener;)Landroid/app/AlertDialog$Builder;\n": 1.3862943611198906, "<init>(Landroid/content/Context;I)V\n": 1.9459101490553132, "setBackgroundColor(I)V\n": 0.6931471805599453, "a()V\n": 3.4657359027997265, "setBackgroundResource(I)V\n": 8.788898309344878, "startActivityForResult(Landroid/content/Intent;I)V\n": 0.6931471805599453, "getCount()I\n": 1.6094379124341003, "getSharedPreferences(Ljava/lang/String;I)Landroid/content/SharedPreferences;\n": 1.3862943611198906, "valueOf(I)Ljava/lang/String;\n": 1.3862943611198906, "inflate(Landroid/content/Context;ILandroid/view/ViewGroup;)Landroid/view/View;\n": 3.2188758248682006, "substring(II)Ljava/lang/String;\n": 1.3862943611198906, "length()I\n": 1.3862943611198906, "putExtra(Ljava/lang/String;I)Landroid/content/Intent;\n": 0.6931471805599453, "valueOf(I)Ljava/lang/Integer;\n": 1.3862943611198906, "b()V\n": 3.295836866004329, "printStackTrace()V\n": 2.0794415416798357, "setImageResource(I)V\n": 0.6931471805599453, "execute([Ljava/lang/Object;)Landroid/os/AsyncTask;\n": 1.0986122886681098, "getHeight()I\n": 1.3862943611198906, "a(I)V\n": 1.6094379124341003, "getWidth()I\n": 1.0986122886681098, "setTitle(Ljava/lang/CharSequence;)Landroid/app/AlertDialog$Builder;\n": 1.0986122886681098, "getStringExtra(Ljava/lang/String;)Ljava/lang/String;\n": 2.0794415416798357, "next()Ljava/lang/Object;\n": 1.3862943611198906, "onKeyDown(ILandroid/view/KeyEvent;)Z\n": 0.6931471805599453, "append(I)Ljava/lang/StringBuilder;\n": 2.0794415416798357, "addView(Landroid/view/View;)V\n": 1.3862943611198906, "h()V\n": 1.3862943611198906, "addView(Landroid/view/View;Landroid/view/ViewGroup$LayoutParams;)V\n": 0.6931471805599453, "putBoolean(Ljava/lang/String;Z)Landroid/content/SharedPreferences$Editor;\n": 1.6094379124341003, "addRule(I)V\n": 3.295836866004329, "edit()Landroid/content/SharedPreferences$Editor;\n": 1.0986122886681098, "getSystemService(Ljava/lang/String;)Ljava/lang/Object;\n": 0.6931471805599453, "getId()I\n": 1.0986122886681098, "setOnPreferenceClickListener(Landroid/preference/Preference$OnPreferenceClickListener;)V\n": 2.5649493574615367, "getPackageName()Ljava/lang/String;\n": 1.0986122886681098, "commit()Z\n": 1.0986122886681098, "g()V\n": 1.0986122886681098, "format(Ljava/lang/String;[Ljava/lang/Object;)Ljava/lang/String;\n": 1.3862943611198906, "setImageBitmap(Landroid/graphics/Bitmap;)V\n": 2.772588722239781, "onConfigurationChanged(Landroid/content/res/Configuration;)V\n": 0.6931471805599453, "setPositiveButton(Ljava/lang/CharSequence;Landroid/content/DialogInterface$OnClickListener;)Landroid/app/AlertDialog$Builder;\n": 1.0986122886681098, "notifyDataSetChanged()V\n": 1.3862943611198906, "d()V\n": 2.1972245773362196, "setTextColor(I)V\n": 4.1588830833596715, "e(Ljava/lang/String;)V\n": 1.0986122886681098, "a(Ljava/lang/String;)V\n": 3.4657359027997265, "getIntExtra(Ljava/lang/String;I)I\n": 1.0986122886681098, "a()Z\n": 1.0986122886681098, "onBackPressed()V\n": 0.6931471805599453, "setPadding(IIII)V\n": 0.6931471805599453, "size()I\n": 2.772588722239781, "onClick(Landroid/view/View;)V\n": 0.6931471805599453, "makeText(Landroid/content/Context;Ljava/lang/CharSequence;I)Landroid/widget/Toast;\n": 2.1972245773362196, "trim()Ljava/lang/String;\n": 1.6094379124341003, "putInt(Ljava/lang/String;I)Landroid/content/SharedPreferences$Editor;\n": 1.9459101490553132, "getStringArray(I)[Ljava/lang/String;\n": 1.9459101490553132, "add(Ljava/lang/Object;)Z\n": 3.4657359027997265, "hasNext()Z\n": 1.3862943611198906, "valueOf(Ljava/lang/Object;)Ljava/lang/String;\n": 2.1972245773362196, "getExtras()Landroid/os/Bundle;\n": 2.0794415416798357, "e(Ljava/lang/String;Ljava/lang/String;)I\n": 1.0986122886681098, "toString(I)Ljava/lang/String;\n": 2.1972245773362196, "show()Landroid/app/AlertDialog;\n": 1.3862943611198906, "parseInt(Ljava/lang/String;)I\n": 1.0986122886681098, "setAdapter(Landroid/widget/ListAdapter;)V\n": 0.6931471805599453, "f()V\n": 1.6094379124341003, "getInt(Ljava/lang/String;I)I\n": 1.0986122886681098, "setResult(ILandroid/content/Intent;)V\n": 1.0986122886681098, "onRestart()V\n": 0.6931471805599453, "getBoolean(Ljava/lang/String;Z)Z\n": 1.0986122886681098, "split(Ljava/lang/String;)[Ljava/lang/String;\n": 1.3862943611198906, "iterator()Ljava/util/Iterator;\n": 1.3862943611198906, "<init>(Ljava/lang/Runnable;)V\n": 1.791759469228055, "parseColor(Ljava/lang/String;)I\n": 4.969813299576001, "setLayoutParams(Landroid/view/ViewGroup$LayoutParams;)V\n": 4.852030263919617, "setTitle(Ljava/lang/CharSequence;)V\n": 1.0986122886681098, "close()V\n": 4.394449154672439, "fromHtml(Ljava/lang/String;)Landroid/text/Spanned;\n": 1.9459101490553132, "b(Ljava/lang/String;)V\n": 1.0986122886681098, "<init>(Ljava/lang/String;Landroid/net/Uri;)V\n": 0.6931471805599453, "setBackgroundDrawable(Landroid/graphics/drawable/Drawable;)V\n": 2.1972245773362196, "intValue()I\n": 0.6931471805599453, "c(Ljava/lang/String;Ljava/lang/Throwable;)V\n": 1.791759469228055, "a(Z)V\n": 2.1972245773362196, "start()V\n": 0.6931471805599453, "getChildAt(I)Landroid/view/View;\n": 1.6094379124341003, "i(Ljava/lang/String;Ljava/lang/String;)I\n": 1.791759469228055, "<init>(I)V\n": 1.0986122886681098, "put(Ljava/lang/Object;Ljava/lang/Object;)Ljava/lang/Object;\n": 1.0986122886681098, "c()V\n": 2.1972245773362196, "setMessage(Ljava/lang/CharSequence;)Landroid/app/AlertDialog$Builder;\n": 1.0986122886681098, "getString(Ljava/lang/String;Ljava/lang/String;)Ljava/lang/String;\n": 1.3862943611198906}