{"append(Ljava/lang/Object;)Ljava/lang/StringBuilder;\n": 0.6931471805599453, "get(I)Ljava/lang/Object;\n": 2.772588722239781, "getInt(Ljava/lang/String;)I\n": 0.6931471805599453, "a(Ljava/lang/String;Ljava/lang/String;)V\n": 2.1972245773362196, "getSupportFragmentManager()Landroid/support/v4/app/FragmentManager;\n": 1.3862943611198906, "isEmpty(Ljava/lang/CharSequence;)Z\n": 1.3862943611198906, "putExtra(Ljava/lang/String;Z)Landroid/content/Intent;\n": 0.6931471805599453, "e()V\n": 1.0986122886681098, "get(Ljava/lang/Object;)Ljava/lang/Object;\n": 1.3862943611198906, "setText(I)V\n": 1.3862943611198906, "setEnabled(Z)V\n": 1.0986122886681098, "clear()V\n": 1.0986122886681098, "d(Ljava/lang/String;Ljava/lang/String;)I\n": 1.3862943611198906, "putString(Ljava/lang/String;Ljava/lang/String;)V\n": 1.0986122886681098, "setBackgroundColor(I)V\n": 0.6931471805599453, "setBackgroundResource(I)V\n": 2.1972245773362196, "startActivityForResult(Landroid/content/Intent;I)V\n": 0.6931471805599453, "a()V\n": 2.0794415416798357, "getSharedPreferences(Ljava/lang/String;I)Landroid/content/SharedPreferences;\n": 1.3862943611198906, "valueOf(I)Ljava/lang/String;\n": 1.3862943611198906, "length()I\n": 0.6931471805599453, "putExtra(Ljava/lang/String;I)Landroid/content/Intent;\n": 0.6931471805599453, "valueOf(I)Ljava/lang/Integer;\n": 4.1588830833596715, "dismiss()V\n": 1.0986122886681098, "printStackTrace()V\n": 2.772588722239781, "setImageResource(I)V\n": 1.3862943611198906, "execute([Ljava/lang/Object;)Landroid/os/AsyncTask;\n": 1.0986122886681098, "onClick(Landroid/view/View;)V\n": 0.6931471805599453, "getContentResolver()Landroid/content/ContentResolver;\n": 1.3862943611198906, "a(I)V\n": 1.6094379124341003, "inflate(ILandroid/view/ViewGroup;)Landroid/view/View;\n": 1.0986122886681098, "getWidth()I\n": 2.1972245773362196, "makeText(Landroid/content/Context;Ljava/lang/CharSequence;I)Landroid/widget/Toast;\n": 1.0986122886681098, "getStringExtra(Ljava/lang/String;)Ljava/lang/String;\n": 2.0794415416798357, "equalsIgnoreCase(Ljava/lang/String;)Z\n": 1.3862943611198906, "next()Ljava/lang/Object;\n": 0.6931471805599453, "onKeyDown(ILandroid/view/KeyEvent;)Z\n": 1.3862943611198906, "addView(Landroid/view/View;)V\n": 1.3862943611198906, "h()V\n": 1.3862943611198906, "onOptionsItemSelected(Landroid/view/MenuItem;)Z\n": 1.0986122886681098, "getLayoutParams()Landroid/view/ViewGroup$LayoutParams;\n": 1.6094379124341003, "addView(Landroid/view/View;Landroid/view/ViewGroup$LayoutParams;)V\n": 0.6931471805599453, "getData()Landroid/net/Uri;\n": 1.0986122886681098, "addRule(I)V\n": 1.0986122886681098, "edit()Landroid/content/SharedPreferences$Editor;\n": 1.0986122886681098, "exists()Z\n": 1.791759469228055, "getSystemService(Ljava/lang/String;)Ljava/lang/Object;\n": 0.6931471805599453, "getId()I\n": 2.1972245773362196, "getPackageName()Ljava/lang/String;\n": 1.0986122886681098, "commit()Z\n": 1.0986122886681098, "g()V\n": 1.0986122886681098, "setImageBitmap(Landroid/graphics/Bitmap;)V\n": 2.772588722239781, "onConfigurationChanged(Landroid/content/res/Configuration;)V\n": 0.6931471805599453, "d()V\n": 1.0986122886681098, "booleanValue()Z\n": 1.3862943611198906, "a(Ljava/lang/String;)V\n": 2.772588722239781, "valueOf(Z)Ljava/lang/Boolean;\n": 1.0986122886681098, "getName()Ljava/lang/String;\n": 1.0986122886681098, "onBackPressed()V\n": 1.3862943611198906, "getIntExtra(Ljava/lang/String;I)I\n": 1.0986122886681098, "b()V\n": 2.1972245773362196, "size()I\n": 2.772588722239781, "getHeight()I\n": 2.772588722239781, "i(Ljava/lang/String;Ljava/lang/String;)V\n": 3.1354942159291497, "getVisibility()I\n": 1.6094379124341003, "add(Ljava/lang/Object;)Z\n": 3.4657359027997265, "hasNext()Z\n": 0.6931471805599453, "valueOf(Ljava/lang/Object;)Ljava/lang/String;\n": 3.295836866004329, "getExtras()Landroid/os/Bundle;\n": 1.3862943611198906, "e(Ljava/lang/String;Ljava/lang/String;)I\n": 1.0986122886681098, "setAdapter(Landroid/widget/ListAdapter;)V\n": 0.6931471805599453, "f()V\n": 1.6094379124341003, "append(I)Ljava/lang/StringBuilder;\n": 2.772588722239781, "onRestart()V\n": 0.6931471805599453, "getBoolean(Ljava/lang/String;Z)Z\n": 1.0986122886681098, "iterator()Ljava/util/Iterator;\n": 0.6931471805599453, "gc()V\n": 2.5649493574615367, "setLayoutParams(Landroid/view/ViewGroup$LayoutParams;)V\n": 1.3862943611198906, "recycle()V\n": 2.0794415416798357, "close()V\n": 1.0986122886681098, "b(Ljava/lang/String;)V\n": 1.0986122886681098, "setPositiveButton(ILandroid/content/DialogInterface$OnClickListener;)Landroid/app/AlertDialog$Builder;\n": 1.3862943611198906, "setOnTouchListener(Landroid/view/View$OnTouchListener;)V\n": 1.3862943611198906, "intValue()I\n": 0.6931471805599453, "c(Ljava/lang/String;Ljava/lang/Throwable;)V\n": 1.791759469228055, "a(Z)V\n": 1.0986122886681098, "start()V\n": 0.6931471805599453, "create()Landroid/app/AlertDialog;\n": 1.0986122886681098, "setResult(ILandroid/content/Intent;)V\n": 1.0986122886681098, "c()V\n": 1.0986122886681098, "put(Ljava/lang/Object;Ljava/lang/Object;)Ljava/lang/Object;\n": 2.1972245773362196}