{"append(Ljava/lang/Object;)Ljava/lang/StringBuilder;\n": 0.6931471805599453, "getColumnIndex(Ljava/lang/String;)I\n": 2.3978952727983707, "get(I)Ljava/lang/Object;\n": 2.772588722239781, "findPreference(Ljava/lang/CharSequence;)Landroid/preference/Preference;\n": 2.0794415416798357, "getSupportFragmentManager()Landroid/support/v4/app/FragmentManager;\n": 1.3862943611198906, "isEmpty(Ljava/lang/CharSequence;)Z\n": 1.3862943611198906, "e()V\n": 1.0986122886681098, "get(Ljava/lang/Object;)Ljava/lang/Object;\n": 2.0794415416798357, "setEnabled(Z)V\n": 1.0986122886681098, "clear()V\n": 1.0986122886681098, "d(Ljava/lang/String;Ljava/lang/String;)I\n": 1.3862943611198906, "onCreateOptionsMenu(Landroid/view/Menu;)Z\n": 1.0986122886681098, "setBackgroundColor(I)V\n": 1.3862943611198906, "d(Ljava/lang/String;)V\n": 1.0986122886681098, "setBackgroundResource(I)V\n": 1.0986122886681098, "startActivityForResult(Landroid/content/Intent;I)V\n": 0.6931471805599453, "a()V\n": 1.3862943611198906, "length()I\n": 2.0794415416798357, "putExtra(Ljava/lang/String;I)Landroid/content/Intent;\n": 0.6931471805599453, "isShowing()Z\n": 1.0986122886681098, "valueOf(I)Ljava/lang/Integer;\n": 3.4657359027997265, "b()V\n": 2.1972245773362196, "onRestart()V\n": 0.6931471805599453, "setImageResource(I)V\n": 0.6931471805599453, "setTitle(Ljava/lang/CharSequence;)V\n": 1.0986122886681098, "put(Ljava/lang/Object;Ljava/lang/Object;)Ljava/lang/Object;\n": 5.493061443340549, "getText()Landroid/text/Editable;\n": 1.3862943611198906, "a(I)V\n": 1.6094379124341003, "getBooleanExtra(Ljava/lang/String;Z)Z\n": 1.0986122886681098, "getStringExtra(Ljava/lang/String;)Ljava/lang/String;\n": 2.0794415416798357, "equalsIgnoreCase(Ljava/lang/String;)Z\n": 1.3862943611198906, "getSettings()Landroid/webkit/WebSettings;\n": 0.6931471805599453, "next()Ljava/lang/Object;\n": 0.6931471805599453, "onKeyDown(ILandroid/view/KeyEvent;)Z\n": 0.6931471805599453, "makeText(Landroid/content/Context;Ljava/lang/CharSequence;I)Landroid/widget/Toast;\n": 1.0986122886681098, "onOptionsItemSelected(Landroid/view/MenuItem;)Z\n": 2.1972245773362196, "loadUrl(Ljava/lang/String;)V\n": 0.6931471805599453, "replace(Ljava/lang/CharSequence;Ljava/lang/CharSequence;)Ljava/lang/String;\n": 1.3862943611198906, "getSupportActionBar()Landroid/support/v7/app/ActionBar;\n": 2.833213344056216, "addRule(I)V\n": 1.0986122886681098, "edit()Landroid/content/SharedPreferences$Editor;\n": 1.0986122886681098, "getSystemService(Ljava/lang/String;)Ljava/lang/Object;\n": 0.6931471805599453, "getId()I\n": 1.0986122886681098, "commit()Z\n": 1.0986122886681098, "printStackTrace()V\n": 1.3862943611198906, "format(Ljava/lang/String;[Ljava/lang/Object;)Ljava/lang/String;\n": 1.3862943611198906, "onConfigurationChanged(Landroid/content/res/Configuration;)V\n": 0.6931471805599453, "d()V\n": 1.0986122886681098, "setTextColor(I)V\n": 1.3862943611198906, "booleanValue()Z\n": 1.3862943611198906, "e(Ljava/lang/String;)V\n": 1.0986122886681098, "valueOf(F)Ljava/lang/Float;\n": 2.8903717578961645, "a(Ljava/lang/String;)V\n": 2.772588722239781, "valueOf(Z)Ljava/lang/Boolean;\n": 2.1972245773362196, "getName()Ljava/lang/String;\n": 1.0986122886681098, "onBackPressed()V\n": 0.6931471805599453, "getIntExtra(Ljava/lang/String;I)I\n": 1.0986122886681098, "addView(Landroid/view/View;Landroid/view/ViewGroup$LayoutParams;)V\n": 1.3862943611198906, "dismiss()V\n": 1.0986122886681098, "size()I\n": 2.0794415416798357, "addView(Landroid/view/View;)V\n": 1.3862943611198906, "trim()Ljava/lang/String;\n": 1.6094379124341003, "getItemId()I\n": 1.3862943611198906, "add(Ljava/lang/Object;)Z\n": 2.0794415416798357, "hasNext()Z\n": 0.6931471805599453, "valueOf(Ljava/lang/Object;)Ljava/lang/String;\n": 2.1972245773362196, "getExtras()Landroid/os/Bundle;\n": 1.3862943611198906, "parseInt(Ljava/lang/String;)I\n": 1.0986122886681098, "setAdapter(Landroid/widget/ListAdapter;)V\n": 0.6931471805599453, "getInt(Ljava/lang/String;I)I\n": 1.0986122886681098, "append(I)Ljava/lang/StringBuilder;\n": 2.0794415416798357, "getBoolean(Ljava/lang/String;Z)Z\n": 1.0986122886681098, "iterator()Ljava/util/Iterator;\n": 0.6931471805599453, "setLayoutParams(Landroid/view/ViewGroup$LayoutParams;)V\n": 1.3862943611198906, "close()V\n": 2.1972245773362196, "setOnTouchListener(Landroid/view/View$OnTouchListener;)V\n": 1.3862943611198906, "setTypeface(Landroid/graphics/Typeface;)V\n": 4.605170185988092, "intValue()I\n": 2.772588722239781, "c(Ljava/lang/String;Ljava/lang/Throwable;)V\n": 1.791759469228055, "setRequestedOrientation(I)V\n": 0.6931471805599453, "a(Z)V\n": 1.0986122886681098, "getString(Ljava/lang/String;Ljava/lang/String;)Ljava/lang/String;\n": 1.3862943611198906, "getDefaultSharedPreferences(Landroid/content/Context;)Landroid/content/SharedPreferences;\n": 1.791759469228055, "create()Landroid/app/AlertDialog;\n": 1.0986122886681098, "setTextSize(F)V\n": 1.791759469228055, "valueOf(J)Ljava/lang/Long;\n": 1.791759469228055, "c()V\n": 1.0986122886681098, "setMessage(Ljava/lang/CharSequence;)Landroid/app/AlertDialog$Builder;\n": 1.0986122886681098, "floatValue()F\n": 6.3561076606958915}