{"append(Ljava/lang/Object;)Ljava/lang/StringBuilder;\n": 0.6931471805599453, "setTitle(Ljava/lang/CharSequence;)V\n": 1.0986122886681098, "get(I)Ljava/lang/Object;\n": 3.4657359027997265, "putExtra(Ljava/lang/String;I)Landroid/content/Intent;\n": 0.6931471805599453, "add(Ljava/lang/Object;)Z\n": 2.772588722239781, "put(Ljava/lang/String;Ljava/lang/Object;)Lorg/json/JSONObject;\n": 3.1780538303479458, "valueOf(I)Ljava/lang/Integer;\n": 1.3862943611198906, "valueOf(Ljava/lang/Object;)Ljava/lang/String;\n": 2.1972245773362196, "v(Ljava/lang/String;Ljava/lang/String;)V\n": 4.290459441148391, "getExtras()Landroid/os/Bundle;\n": 2.0794415416798357, "setTextColor(I)V\n": 1.3862943611198906, "printStackTrace()V\n": 1.3862943611198906, "setImageResource(I)V\n": 0.6931471805599453, "getClass()Ljava/lang/Class;\n": 1.6094379124341003, "execute([Ljava/lang/Object;)Landroid/os/AsyncTask;\n": 1.0986122886681098, "iterator()Ljava/util/Iterator;\n": 0.6931471805599453, "isEmpty(Ljava/lang/CharSequence;)Z\n": 2.772588722239781, "getText()Landroid/text/Editable;\n": 4.1588830833596715, "setAdapter(Landroid/widget/ListAdapter;)V\n": 0.6931471805599453, "hasNext()Z\n": 0.6931471805599453, "putExtra(Ljava/lang/String;Z)Landroid/content/Intent;\n": 0.6931471805599453, "append(I)Ljava/lang/StringBuilder;\n": 1.3862943611198906, "getString(Ljava/lang/String;Ljava/lang/String;)Ljava/lang/String;\n": 1.3862943611198906, "inflate(ILandroid/view/ViewGroup;)Landroid/view/View;\n": 1.0986122886681098, "get(Ljava/lang/Object;)Ljava/lang/Object;\n": 1.3862943611198906, "i(Ljava/lang/String;Ljava/lang/String;)V\n": 3.1354942159291497, "setPositiveButton(Ljava/lang/CharSequence;Landroid/content/DialogInterface$OnClickListener;)Landroid/app/AlertDialog$Builder;\n": 1.0986122886681098, "commit()Z\n": 1.0986122886681098, "setChecked(Z)V\n": 1.3862943611198906, "contains(Ljava/lang/CharSequence;)Z\n": 1.3862943611198906, "getInt(Ljava/lang/String;)I\n": 0.6931471805599453, "setLayoutParams(Landroid/view/ViewGroup$LayoutParams;)V\n": 0.6931471805599453, "a(Ljava/lang/String;)V\n": 0.6931471805599453, "valueOf(Z)Ljava/lang/Boolean;\n": 1.0986122886681098, "setEnabled(Z)V\n": 1.0986122886681098, "getDrawable(I)Landroid/graphics/drawable/Drawable;\n": 1.3862943611198906, "close()V\n": 1.0986122886681098, "onClick(Landroid/view/View;)V\n": 0.6931471805599453, "getName()Ljava/lang/String;\n": 2.1972245773362196, "getBooleanExtra(Ljava/lang/String;Z)Z\n": 1.0986122886681098, "setTypeface(Landroid/graphics/Typeface;)V\n": 2.302585092994046, "getStringExtra(Ljava/lang/String;)Ljava/lang/String;\n": 2.772588722239781, "equalsIgnoreCase(Ljava/lang/String;)Z\n": 2.772588722239781, "commit()I\n": 1.6094379124341003, "getSettings()Landroid/webkit/WebSettings;\n": 0.6931471805599453, "next()Ljava/lang/Object;\n": 0.6931471805599453, "onKeyDown(ILandroid/view/KeyEvent;)Z\n": 0.6931471805599453, "getSupportFragmentManager()Landroid/support/v4/app/FragmentManager;\n": 4.1588830833596715, "clear()V\n": 1.0986122886681098, "getApplication()Landroid/app/Application;\n": 3.58351893845611, "d(Ljava/lang/String;Ljava/lang/String;)I\n": 1.3862943611198906, "edit()Landroid/content/SharedPreferences$Editor;\n": 1.0986122886681098, "intValue()I\n": 0.6931471805599453, "addView(Landroid/view/View;)V\n": 1.3862943611198906, "onOptionsItemSelected(Landroid/view/MenuItem;)Z\n": 1.0986122886681098, "onCreateOptionsMenu(Landroid/view/Menu;)Z\n": 1.0986122886681098, "setBackgroundColor(I)V\n": 0.6931471805599453, "setBackgroundResource(I)V\n": 2.1972245773362196, "onBackPressed()V\n": 1.3862943611198906, "startActivityForResult(Landroid/content/Intent;I)V\n": 0.6931471805599453, "a()V\n": 0.6931471805599453, "getSerializableExtra(Ljava/lang/String;)Ljava/io/Serializable;\n": 1.3862943611198906, "getSharedPreferences(Ljava/lang/String;I)Landroid/content/SharedPreferences;\n": 1.3862943611198906, "getSystemService(Ljava/lang/String;)Ljava/lang/Object;\n": 0.6931471805599453, "ordinal()I\n": 1.6094379124341003, "b()V\n": 1.0986122886681098, "create()Landroid/app/AlertDialog;\n": 1.0986122886681098, "size()I\n": 3.4657359027997265, "putString(Ljava/lang/String;Ljava/lang/String;)V\n": 2.1972245773362196, "setResult(ILandroid/content/Intent;)V\n": 1.0986122886681098, "beginTransaction()Landroid/support/v4/app/FragmentTransaction;\n": 1.6094379124341003, "format(Ljava/lang/String;[Ljava/lang/Object;)Ljava/lang/String;\n": 1.3862943611198906, "getId()I\n": 2.1972245773362196, "length()I\n": 2.772588722239781, "getSupportActionBar()Lcom/actionbarsherlock/app/ActionBar;\n": 2.5649493574615367, "makeText(Landroid/content/Context;Ljava/lang/CharSequence;I)Landroid/widget/Toast;\n": 1.0986122886681098, "setMessage(Ljava/lang/CharSequence;)Landroid/app/AlertDialog$Builder;\n": 1.0986122886681098, "trim()Ljava/lang/String;\n": 1.6094379124341003, "booleanValue()Z\n": 1.3862943611198906, "put(Ljava/lang/Object;Ljava/lang/Object;)Ljava/lang/Object;\n": 3.295836866004329, "getItemId()I\n": 0.6931471805599453}