{"valueOf(Ljava/lang/Object;)Ljava/lang/String;\n": 2.1972245773362196, "hasExtra(Ljava/lang/String;)Z\n": 1.791759469228055, "append(Ljava/lang/Object;)Ljava/lang/StringBuilder;\n": 0.6931471805599453, "setTitle(Ljava/lang/CharSequence;)V\n": 1.0986122886681098, "get(I)Ljava/lang/Object;\n": 2.0794415416798357, "putExtra(Ljava/lang/String;I)Landroid/content/Intent;\n": 0.6931471805599453, "add(Ljava/lang/Object;)Z\n": 3.4657359027997265, "length()I\n": 2.0794415416798357, "valueOf(I)Ljava/lang/Integer;\n": 2.772588722239781, "b()Ljava/lang/String;\n": 1.0986122886681098, "b()V\n": 2.1972245773362196, "getExtras()Landroid/os/Bundle;\n": 1.3862943611198906, "loadUrl(Ljava/lang/String;)V\n": 0.6931471805599453, "printStackTrace()V\n": 2.0794415416798357, "onConfigurationChanged(Landroid/content/res/Configuration;)V\n": 0.6931471805599453, "setImageResource(I)V\n": 0.6931471805599453, "getSupportFragmentManager()Landroid/support/v4/app/FragmentManager;\n": 2.772588722239781, "notifyDataSetChanged()V\n": 1.3862943611198906, "execute([Ljava/lang/Object;)Landroid/os/AsyncTask;\n": 1.0986122886681098, "isEmpty(Ljava/lang/CharSequence;)Z\n": 2.772588722239781, "getText()Landroid/text/Editable;\n": 2.772588722239781, "a(I)V\n": 1.6094379124341003, "d()V\n": 1.0986122886681098, "f()V\n": 1.6094379124341003, "valueOf(Z)Ljava/lang/Boolean;\n": 1.0986122886681098, "append(I)Ljava/lang/StringBuilder;\n": 2.0794415416798357, "e()V\n": 1.0986122886681098, "startsWith(Ljava/lang/String;)Z\n": 2.772588722239781, "get(Ljava/lang/Object;)Ljava/lang/Object;\n": 2.0794415416798357, "setResult(I)V\n": 1.0986122886681098, "a(Ljava/lang/String;)Ljava/lang/String;\n": 2.1972245773362196, "iterator()Ljava/util/Iterator;\n": 0.6931471805599453, "getId()I\n": 1.0986122886681098, "setChecked(Z)V\n": 1.3862943611198906, "getInt(Ljava/lang/String;)I\n": 0.6931471805599453, "setBackgroundColor(I)V\n": 0.6931471805599453, "a(Ljava/lang/String;)V\n": 2.0794415416798357, "getIntExtra(Ljava/lang/String;I)I\n": 1.0986122886681098, "setEnabled(Z)V\n": 1.0986122886681098, "close()V\n": 1.0986122886681098, "onClick(Landroid/view/View;)V\n": 0.6931471805599453, "getName()Ljava/lang/String;\n": 1.0986122886681098, "next()Ljava/lang/Object;\n": 0.6931471805599453, "a(Ljava/lang/String;Ljava/lang/String;)V\n": 2.1972245773362196, "getStringExtra(Ljava/lang/String;)Ljava/lang/String;\n": 3.4657359027997265, "equalsIgnoreCase(Ljava/lang/String;)Z\n": 2.772588722239781, "hasNext()Z\n": 0.6931471805599453, "getBooleanExtra(Ljava/lang/String;Z)Z\n": 1.0986122886681098, "onKeyDown(ILandroid/view/KeyEvent;)Z\n": 0.6931471805599453, "intValue()I\n": 0.6931471805599453, "i(Ljava/lang/String;Ljava/lang/String;)V\n": 3.1354942159291497, "getApplication()Landroid/app/Application;\n": 1.791759469228055, "ordinal()I\n": 1.6094379124341003, "setAdapter(Landroid/widget/ListAdapter;)V\n": 0.6931471805599453, "start()V\n": 0.6931471805599453, "a(Z)V\n": 1.0986122886681098, "makeText(Landroid/content/Context;Ljava/lang/CharSequence;I)Landroid/widget/Toast;\n": 1.0986122886681098, "h()V\n": 1.3862943611198906, "onOptionsItemSelected(Landroid/view/MenuItem;)Z\n": 1.0986122886681098, "onCreateOptionsMenu(Landroid/view/Menu;)Z\n": 1.0986122886681098, "setLayoutParams(Landroid/view/ViewGroup$LayoutParams;)V\n": 1.3862943611198906, "setBackgroundResource(I)V\n": 1.0986122886681098, "onBackPressed()V\n": 1.3862943611198906, "startActivityForResult(Landroid/content/Intent;I)V\n": 0.6931471805599453, "a()V\n": 2.0794415416798357, "addView(Landroid/view/View;Landroid/view/ViewGroup$LayoutParams;)V\n": 0.6931471805599453, "g()V\n": 1.0986122886681098, "valueOf(I)Ljava/lang/String;\n": 1.3862943611198906, "putExtra(Ljava/lang/String;Z)Landroid/content/Intent;\n": 0.6931471805599453, "setText(I)V\n": 1.3862943611198906, "create()Landroid/app/AlertDialog;\n": 1.0986122886681098, "size()I\n": 2.772588722239781, "putString(Ljava/lang/String;Ljava/lang/String;)V\n": 1.0986122886681098, "setResult(ILandroid/content/Intent;)V\n": 1.0986122886681098, "format(Ljava/lang/String;[Ljava/lang/Object;)Ljava/lang/String;\n": 1.3862943611198906, "getString(Ljava/lang/String;Ljava/lang/String;)Ljava/lang/String;\n": 1.3862943611198906, "b(Ljava/lang/String;)V\n": 1.0986122886681098, "c()V\n": 2.1972245773362196, "addView(Landroid/view/View;)V\n": 1.3862943611198906, "clear()V\n": 1.0986122886681098, "getSystemService(Ljava/lang/String;)Ljava/lang/Object;\n": 0.6931471805599453, "setTextColor(I)V\n": 1.3862943611198906, "put(Ljava/lang/Object;Ljava/lang/Object;)Ljava/lang/Object;\n": 1.0986122886681098, "getItemId()I\n": 0.6931471805599453}