{"valueOf(Ljava/lang/Object;)Ljava/lang/String;\n": 2.1972245773362196, "hasExtra(Ljava/lang/String;)Z\n": 1.791759469228055, "append(Ljava/lang/Object;)Ljava/lang/StringBuilder;\n": 0.6931471805599453, "setLayoutParams(Landroid/view/ViewGroup$LayoutParams;)V\n": 1.3862943611198906, "get(I)Ljava/lang/Object;\n": 4.1588830833596715, "putExtra(Ljava/lang/String;I)Landroid/content/Intent;\n": 0.6931471805599453, "c()V\n": 1.0986122886681098, "add(Ljava/lang/Object;)Z\n": 4.1588830833596715, "length()I\n": 2.0794415416798357, "valueOf(I)Ljava/lang/Integer;\n": 2.772588722239781, "v(Ljava/lang/String;)V\n": 5.991464547107982, "b()V\n": 1.0986122886681098, "getExtras()Landroid/os/Bundle;\n": 2.0794415416798357, "printStackTrace()V\n": 1.3862943611198906, "onConfigurationChanged(Landroid/content/res/Configuration;)V\n": 0.6931471805599453, "setImageResource(I)V\n": 0.6931471805599453, "getSupportFragmentManager()Landroid/support/v4/app/FragmentManager;\n": 4.1588830833596715, "setTitle(Ljava/lang/CharSequence;)V\n": 1.0986122886681098, "commit()I\n": 1.6094379124341003, "getText()Landroid/text/Editable;\n": 1.3862943611198906, "setAdapter(Landroid/widget/ListAdapter;)V\n": 0.6931471805599453, "putExtra(Ljava/lang/String;Z)Landroid/content/Intent;\n": 0.6931471805599453, "append(I)Ljava/lang/StringBuilder;\n": 2.772588722239781, "setTextColor(I)V\n": 1.3862943611198906, "setSelected(Z)V\n": 2.4849066497880004, "get(Ljava/lang/Object;)Ljava/lang/Object;\n": 2.0794415416798357, "setText(I)V\n": 1.3862943611198906, "getBoolean(Ljava/lang/String;Z)Z\n": 1.0986122886681098, "iterator()Ljava/util/Iterator;\n": 2.0794415416798357, "addRule(I)V\n": 1.0986122886681098, "setChecked(Z)V\n": 1.3862943611198906, "getSettings()Landroid/webkit/WebSettings;\n": 0.6931471805599453, "ordinal()I\n": 8.047189562170502, "setBackgroundColor(I)V\n": 0.6931471805599453, "a(Ljava/lang/String;)V\n": 1.3862943611198906, "valueOf(Z)Ljava/lang/Boolean;\n": 1.0986122886681098, "setEnabled(Z)V\n": 1.0986122886681098, "runOnUiThread(Ljava/lang/Runnable;)V\n": 1.791759469228055, "close()V\n": 1.0986122886681098, "onClick(Landroid/view/View;)V\n": 1.3862943611198906, "getName()Ljava/lang/String;\n": 1.0986122886681098, "getBooleanExtra(Ljava/lang/String;Z)Z\n": 1.0986122886681098, "valueOf(D)Ljava/lang/Double;\n": 2.6390573296152584, "getStringExtra(Ljava/lang/String;)Ljava/lang/String;\n": 3.4657359027997265, "equalsIgnoreCase(Ljava/lang/String;)Z\n": 2.772588722239781, "isEmpty(Ljava/lang/CharSequence;)Z\n": 1.3862943611198906, "getColor(I)I\n": 1.6094379124341003, "next()Ljava/lang/Object;\n": 2.0794415416798357, "execute([Ljava/lang/Object;)Landroid/os/AsyncTask;\n": 2.1972245773362196, "setTypeface(Landroid/graphics/Typeface;)V\n": 2.302585092994046, "intValue()I\n": 0.6931471805599453, "beginTransaction()Landroid/support/v4/app/FragmentTransaction;\n": 1.6094379124341003, "getApplication()Landroid/app/Application;\n": 1.791759469228055, "d(Ljava/lang/String;Ljava/lang/String;)I\n": 1.3862943611198906, "hasNext()Z\n": 2.0794415416798357, "getSerializable(Ljava/lang/String;)Ljava/io/Serializable;\n": 1.3862943611198906, "addView(Landroid/view/View;)V\n": 2.0794415416798357, "start()V\n": 0.6931471805599453, "onOptionsItemSelected(Landroid/view/MenuItem;)Z\n": 1.0986122886681098, "setBackgroundResource(I)V\n": 1.0986122886681098, "isEmpty()Z\n": 1.3862943611198906, "onOptionsItemSelected(Lcom/actionbarsherlock/view/MenuItem;)Z\n": 2.5649493574615367, "onBackPressed()V\n": 1.3862943611198906, "startActivityForResult(Landroid/content/Intent;I)V\n": 0.6931471805599453, "a()V\n": 0.6931471805599453, "getSupportActionBar()Landroid/support/v7/app/ActionBar;\n": 2.833213344056216, "valueOf(I)Ljava/lang/String;\n": 1.3862943611198906, "addView(Landroid/view/View;Landroid/view/ViewGroup$LayoutParams;)V\n": 0.6931471805599453, "size()I\n": 2.772588722239781, "putString(Ljava/lang/String;Ljava/lang/String;)V\n": 2.1972245773362196, "getId()I\n": 2.1972245773362196, "isChecked()Z\n": 1.791759469228055, "getString(Ljava/lang/String;Ljava/lang/String;)Ljava/lang/String;\n": 1.3862943611198906, "getIntExtra(Ljava/lang/String;I)I\n": 1.0986122886681098, "getSupportActionBar()Lcom/actionbarsherlock/app/ActionBar;\n": 2.5649493574615367, "makeText(Landroid/content/Context;Ljava/lang/CharSequence;I)Landroid/widget/Toast;\n": 1.0986122886681098, "getSystemService(Ljava/lang/String;)Ljava/lang/Object;\n": 0.6931471805599453, "inflate(ILandroid/view/ViewGroup;)Landroid/view/View;\n": 1.0986122886681098, "put(Ljava/lang/Object;Ljava/lang/Object;)Ljava/lang/Object;\n": 3.295836866004329, "getItemId()I\n": 0.6931471805599453}