{"append(Ljava/lang/Object;)Ljava/lang/StringBuilder;\n": 3.4657359027997265, "get(I)Ljava/lang/Object;\n": 2.0794415416798357, "valueOf(Ljava/lang/String;)Ljava/lang/Float;\n": 4.406719247264253, "a(Ljava/lang/String;Ljava/lang/String;)V\n": 2.1972245773362196, "findPreference(Ljava/lang/CharSequence;)Landroid/preference/Preference;\n": 2.0794415416798357, "isEmpty(Ljava/lang/CharSequence;)Z\n": 2.772588722239781, "e()V\n": 2.1972245773362196, "get(Ljava/lang/Object;)Ljava/lang/Object;\n": 1.3862943611198906, "setText(I)V\n": 4.1588830833596715, "setChecked(Z)V\n": 1.3862943611198906, "setEnabled(Z)V\n": 2.1972245773362196, "getColor(I)I\n": 1.6094379124341003, "setLayoutParams(Landroid/view/ViewGroup$LayoutParams;)V\n": 1.3862943611198906, "setBackgroundResource(I)V\n": 10.986122886681098, "startActivityForResult(Landroid/content/Intent;I)V\n": 0.6931471805599453, "a()V\n": 3.4657359027997265, "valueOf(I)Ljava/lang/String;\n": 1.3862943611198906, "put(ILjava/lang/Object;)V\n": 20.948273710132128, "getString(I[Ljava/lang/Object;)Ljava/lang/String;\n": 1.9459101490553132, "length()I\n": 1.3862943611198906, "putExtra(Ljava/lang/String;I)Landroid/content/Intent;\n": 0.6931471805599453, "valueOf(I)Ljava/lang/Integer;\n": 2.0794415416798357, "b()V\n": 4.394449154672439, "printStackTrace()V\n": 1.3862943611198906, "setImageResource(I)V\n": 0.6931471805599453, "round(D)J\n": 3.5263605246161616, "put(Ljava/lang/Object;Ljava/lang/Object;)Ljava/lang/Object;\n": 1.0986122886681098, "putString(Ljava/lang/String;Ljava/lang/String;)V\n": 1.0986122886681098, "getText()Landroid/text/Editable;\n": 1.3862943611198906, "a(I)V\n": 3.2188758248682006, "inflate(ILandroid/view/ViewGroup;)Landroid/view/View;\n": 1.0986122886681098, "i()V\n": 1.791759469228055, "getBooleanExtra(Ljava/lang/String;Z)Z\n": 1.0986122886681098, "getStringExtra(Ljava/lang/String;)Ljava/lang/String;\n": 2.0794415416798357, "equalsIgnoreCase(Ljava/lang/String;)Z\n": 1.3862943611198906, "next()Ljava/lang/Object;\n": 0.6931471805599453, "onKeyDown(ILandroid/view/KeyEvent;)Z\n": 0.6931471805599453, "makeText(Landroid/content/Context;Ljava/lang/CharSequence;I)Landroid/widget/Toast;\n": 1.0986122886681098, "h()V\n": 1.3862943611198906, "onOptionsItemSelected(Landroid/view/MenuItem;)Z\n": 1.0986122886681098, "addView(Landroid/view/View;Landroid/view/ViewGroup$LayoutParams;)V\n": 0.6931471805599453, "edit()Landroid/content/SharedPreferences$Editor;\n": 1.0986122886681098, "exists()Z\n": 1.791759469228055, "getSystemService(Ljava/lang/String;)Ljava/lang/Object;\n": 0.6931471805599453, "getId()I\n": 1.0986122886681098, "getPackageName()Ljava/lang/String;\n": 1.0986122886681098, "commit()Z\n": 1.0986122886681098, "g()V\n": 1.0986122886681098, "format(Ljava/lang/String;[Ljava/lang/Object;)Ljava/lang/String;\n": 1.3862943611198906, "onConfigurationChanged(Landroid/content/res/Configuration;)V\n": 0.6931471805599453, "d()V\n": 2.1972245773362196, "<init>(Ljava/io/File;Ljava/lang/String;)V\n": 2.302585092994046, "setTextColor(I)V\n": 1.3862943611198906, "booleanValue()Z\n": 1.3862943611198906, "a(Ljava/lang/String;)V\n": 2.772588722239781, "valueOf(Z)Ljava/lang/Boolean;\n": 1.0986122886681098, "getName()Ljava/lang/String;\n": 1.0986122886681098, "d(Ljava/lang/String;Ljava/lang/String;)V\n": 2.772588722239781, "a()Z\n": 1.0986122886681098, "onBackPressed()V\n": 1.3862943611198906, "getIntExtra(Ljava/lang/String;I)I\n": 1.0986122886681098, "a()I\n": 1.0986122886681098, "size()I\n": 2.0794415416798357, "onClick(Landroid/view/View;)V\n": 0.6931471805599453, "addView(Landroid/view/View;)V\n": 1.3862943611198906, "getItemId()I\n": 0.6931471805599453, "add(Ljava/lang/Object;)Z\n": 2.772588722239781, "hasNext()Z\n": 0.6931471805599453, "valueOf(Ljava/lang/Object;)Ljava/lang/String;\n": 2.1972245773362196, "getExtras()Landroid/os/Bundle;\n": 0.6931471805599453, "setBackgroundDrawable(Landroid/graphics/drawable/Drawable;)V\n": 5.493061443340549, "setAdapter(Landroid/widget/ListAdapter;)V\n": 0.6931471805599453, "f()V\n": 1.6094379124341003, "round(F)I\n": 6.182084906716632, "onRestart()V\n": 0.6931471805599453, "getBoolean(Ljava/lang/String;Z)Z\n": 1.0986122886681098, "iterator()Ljava/util/Iterator;\n": 0.6931471805599453, "setBackgroundColor(I)V\n": 0.6931471805599453, "close()V\n": 1.0986122886681098, "b(Ljava/lang/String;)V\n": 1.0986122886681098, "j()V\n": 1.791759469228055, "intValue()I\n": 0.6931471805599453, "c(Ljava/lang/String;Ljava/lang/Throwable;)V\n": 1.791759469228055, "setRequestedOrientation(I)V\n": 0.6931471805599453, "a(Z)V\n": 2.1972245773362196, "start()V\n": 0.6931471805599453, "concat(Ljava/lang/String;)Ljava/lang/String;\n": 3.912023005428146, "getDefaultSharedPreferences(Landroid/content/Context;)Landroid/content/SharedPreferences;\n": 1.791759469228055, "create()Landroid/app/AlertDialog;\n": 1.0986122886681098, "append(I)Ljava/lang/StringBuilder;\n": 2.0794415416798357, "floatValue()F\n": 3.1780538303479458, "c()V\n": 2.1972245773362196, "getString(Ljava/lang/String;Ljava/lang/String;)Ljava/lang/String;\n": 1.3862943611198906}