{"append(Ljava/lang/Object;)Ljava/lang/StringBuilder;\n": 0.6931471805599453, "get(I)Ljava/lang/Object;\n": 4.1588830833596715, "put(Ljava/lang/String;Ljava/lang/Object;)Lorg/json/JSONObject;\n": 3.1780538303479458, "getInt(Ljava/lang/String;)I\n": 0.6931471805599453, "getSupportFragmentManager()Landroid/support/v4/app/FragmentManager;\n": 1.3862943611198906, "isEmpty(Ljava/lang/CharSequence;)Z\n": 2.772588722239781, "e()V\n": 1.0986122886681098, "get(Ljava/lang/Object;)Ljava/lang/Object;\n": 2.0794415416798357, "setText(I)V\n": 1.3862943611198906, "setChecked(Z)V\n": 1.3862943611198906, "setEnabled(Z)V\n": 2.1972245773362196, "clear()V\n": 1.0986122886681098, "d(Ljava/lang/String;Ljava/lang/String;)I\n": 1.3862943611198906, "onCreateOptionsMenu(Landroid/view/Menu;)Z\n": 1.0986122886681098, "setLayoutParams(Landroid/view/ViewGroup$LayoutParams;)V\n": 0.6931471805599453, "setBackgroundResource(I)V\n": 2.1972245773362196, "startActivityForResult(Landroid/content/Intent;I)V\n": 0.6931471805599453, "a()V\n": 1.3862943611198906, "getSupportActionBar()Lcom/actionbarsherlock/app/ActionBar;\n": 2.5649493574615367, "valueOf(I)Ljava/lang/String;\n": 1.3862943611198906, "length()I\n": 2.0794415416798357, "putExtra(Ljava/lang/String;I)Landroid/content/Intent;\n": 0.6931471805599453, "valueOf(I)Ljava/lang/Integer;\n": 2.0794415416798357, "b()Ljava/lang/String;\n": 1.0986122886681098, "b()V\n": 1.0986122886681098, "printStackTrace()V\n": 1.3862943611198906, "setImageResource(I)V\n": 0.6931471805599453, "setTitle(Ljava/lang/CharSequence;)V\n": 1.0986122886681098, "putString(Ljava/lang/String;Ljava/lang/String;)V\n": 1.0986122886681098, "getText()Landroid/text/Editable;\n": 2.772588722239781, "a(I)V\n": 1.6094379124341003, "inflate(ILandroid/view/ViewGroup;)Landroid/view/View;\n": 1.0986122886681098, "contains(Ljava/lang/CharSequence;)Z\n": 1.3862943611198906, "next()Ljava/lang/Object;\n": 1.3862943611198906, "getStringExtra(Ljava/lang/String;)Ljava/lang/String;\n": 2.0794415416798357, "equalsIgnoreCase(Ljava/lang/String;)Z\n": 1.3862943611198906, "getSettings()Landroid/webkit/WebSettings;\n": 0.6931471805599453, "getBooleanExtra(Ljava/lang/String;Z)Z\n": 1.0986122886681098, "onKeyDown(ILandroid/view/KeyEvent;)Z\n": 0.6931471805599453, "addView(Landroid/view/View;)V\n": 1.3862943611198906, "onOptionsItemSelected(Landroid/view/MenuItem;)Z\n": 1.0986122886681098, "replace(Ljava/lang/CharSequence;Ljava/lang/CharSequence;)Ljava/lang/String;\n": 1.3862943611198906, "addView(Landroid/view/View;Landroid/view/ViewGroup$LayoutParams;)V\n": 0.6931471805599453, "getSystemService(Ljava/lang/String;)Ljava/lang/Object;\n": 0.6931471805599453, "getId()I\n": 1.0986122886681098, "format(Ljava/lang/String;[Ljava/lang/Object;)Ljava/lang/String;\n": 1.3862943611198906, "d()V\n": 1.0986122886681098, "setTextColor(I)V\n": 1.3862943611198906, "e(Ljava/lang/String;)V\n": 1.0986122886681098, "a(Ljava/lang/String;)V\n": 2.0794415416798357, "valueOf(Z)Ljava/lang/Boolean;\n": 1.0986122886681098, "getName()Ljava/lang/String;\n": 1.0986122886681098, "setOnItemClickListener(Landroid/widget/AdapterView$OnItemClickListener;)V\n": 1.0986122886681098, "a()Ljava/lang/String;\n": 1.9459101490553132, "onBackPressed()V\n": 0.6931471805599453, "getIntExtra(Ljava/lang/String;I)I\n": 1.0986122886681098, "size()I\n": 2.772588722239781, "onClick(Landroid/view/View;)V\n": 0.6931471805599453, "getDrawable(I)Landroid/graphics/drawable/Drawable;\n": 1.3862943611198906, "makeText(Landroid/content/Context;Ljava/lang/CharSequence;I)Landroid/widget/Toast;\n": 1.0986122886681098, "trim()Ljava/lang/String;\n": 1.6094379124341003, "getItemId()I\n": 0.6931471805599453, "add(Ljava/lang/Object;)Z\n": 5.545177444479562, "hasNext()Z\n": 1.3862943611198906, "valueOf(Ljava/lang/Object;)Ljava/lang/String;\n": 4.394449154672439, "getExtras()Landroid/os/Bundle;\n": 1.3862943611198906, "parseInt(Ljava/lang/String;)I\n": 1.0986122886681098, "setAdapter(Landroid/widget/ListAdapter;)V\n": 0.6931471805599453, "append(I)Ljava/lang/StringBuilder;\n": 2.0794415416798357, "getBoolean(Ljava/lang/String;Z)Z\n": 1.0986122886681098, "split(Ljava/lang/String;)[Ljava/lang/String;\n": 1.3862943611198906, "iterator()Ljava/util/Iterator;\n": 1.3862943611198906, "ordinal()I\n": 3.2188758248682006, "setBackgroundColor(I)V\n": 0.6931471805599453, "execute([Ljava/lang/Object;)Landroid/os/AsyncTask;\n": 1.0986122886681098, "close()V\n": 1.0986122886681098, "intValue()I\n": 0.6931471805599453, "a(Z)V\n": 1.0986122886681098, "start()V\n": 0.6931471805599453, "create()Landroid/app/AlertDialog;\n": 1.0986122886681098, "setResult(ILandroid/content/Intent;)V\n": 1.0986122886681098, "<init>(Ljava/lang/String;Ljava/lang/String;)V\n": 1.3862943611198906, "put(Ljava/lang/Object;Ljava/lang/Object;)Ljava/lang/Object;\n": 4.394449154672439, "c()V\n": 1.0986122886681098, "setMessage(Ljava/lang/CharSequence;)Landroid/app/AlertDialog$Builder;\n": 1.0986122886681098, "getString(Ljava/lang/String;Ljava/lang/String;)Ljava/lang/String;\n": 1.3862943611198906}