{"append(Ljava/lang/Object;)Ljava/lang/StringBuilder;\n": 0.6931471805599453, "get(I)Ljava/lang/Object;\n": 2.0794415416798357, "findPreference(Ljava/lang/CharSequence;)Landroid/preference/Preference;\n": 2.0794415416798357, "getSupportFragmentManager()Landroid/support/v4/app/FragmentManager;\n": 1.3862943611198906, "isEmpty(Ljava/lang/CharSequence;)Z\n": 2.772588722239781, "e()V\n": 1.0986122886681098, "get(Ljava/lang/Object;)Ljava/lang/Object;\n": 2.772588722239781, "setText(I)V\n": 1.3862943611198906, "setEnabled(Z)V\n": 1.0986122886681098, "clear()V\n": 1.0986122886681098, "d(Ljava/lang/String;Ljava/lang/String;)I\n": 1.3862943611198906, "putString(Ljava/lang/String;Ljava/lang/String;)V\n": 1.0986122886681098, "onCreateOptionsMenu(Landroid/view/Menu;)Z\n": 1.0986122886681098, "setLayoutParams(Landroid/view/ViewGroup$LayoutParams;)V\n": 2.0794415416798357, "d(Ljava/lang/String;)V\n": 1.0986122886681098, "addAction(Ljava/lang/String;)V\n": 2.1972245773362196, "setBackgroundResource(I)V\n": 1.0986122886681098, "startActivityForResult(Landroid/content/Intent;I)V\n": 0.6931471805599453, "a()V\n": 2.0794415416798357, "b(Ljava/lang/String;Ljava/lang/Throwable;)V\n": 1.3862943611198906, "length()I\n": 1.3862943611198906, "putExtra(Ljava/lang/String;I)Landroid/content/Intent;\n": 0.6931471805599453, "valueOf(I)Ljava/lang/Integer;\n": 1.3862943611198906, "b()V\n": 2.1972245773362196, "printStackTrace()V\n": 2.0794415416798357, "setImageResource(I)V\n": 0.6931471805599453, "execute([Ljava/lang/Object;)Landroid/os/AsyncTask;\n": 1.0986122886681098, "getDisplayMetrics()Landroid/util/DisplayMetrics;\n": 0.6931471805599453, "getText()Landroid/text/Editable;\n": 1.3862943611198906, "a(I)V\n": 1.6094379124341003, "contains(Ljava/lang/CharSequence;)Z\n": 1.3862943611198906, "makeText(Landroid/content/Context;Ljava/lang/CharSequence;I)Landroid/widget/Toast;\n": 1.0986122886681098, "getStringExtra(Ljava/lang/String;)Ljava/lang/String;\n": 2.772588722239781, "equalsIgnoreCase(Ljava/lang/String;)Z\n": 1.3862943611198906, "getSettings()Landroid/webkit/WebSettings;\n": 0.6931471805599453, "next()Ljava/lang/Object;\n": 0.6931471805599453, "onKeyDown(ILandroid/view/KeyEvent;)Z\n": 1.3862943611198906, "addView(Landroid/view/View;)V\n": 1.3862943611198906, "h()V\n": 1.3862943611198906, "onOptionsItemSelected(Landroid/view/MenuItem;)Z\n": 1.0986122886681098, "isFinishing()Z\n": 1.0986122886681098, "addView(Landroid/view/View;Landroid/view/ViewGroup$LayoutParams;)V\n": 0.6931471805599453, "addRule(I)V\n": 2.1972245773362196, "getSystemService(Ljava/lang/String;)Ljava/lang/Object;\n": 0.6931471805599453, "getId()I\n": 1.0986122886681098, "g()V\n": 1.0986122886681098, "onConfigurationChanged(Landroid/content/res/Configuration;)V\n": 0.6931471805599453, "d()V\n": 1.0986122886681098, "setTextColor(I)V\n": 1.3862943611198906, "booleanValue()Z\n": 1.3862943611198906, "e(Ljava/lang/String;)V\n": 1.0986122886681098, "a(Ljava/lang/String;)V\n": 2.772588722239781, "valueOf(Z)Ljava/lang/Boolean;\n": 1.0986122886681098, "getName()Ljava/lang/String;\n": 1.0986122886681098, "setOnItemClickListener(Landroid/widget/AdapterView$OnItemClickListener;)V\n": 1.0986122886681098, "d(Ljava/lang/String;Ljava/lang/String;)V\n": 2.772588722239781, "onBackPressed()V\n": 1.3862943611198906, "getMessage()Ljava/lang/String;\n": 0.6931471805599453, "getIntExtra(Ljava/lang/String;I)I\n": 1.0986122886681098, "dismiss()V\n": 1.0986122886681098, "size()I\n": 2.772588722239781, "onClick(Landroid/view/View;)V\n": 0.6931471805599453, "i(Ljava/lang/String;Ljava/lang/String;)V\n": 3.1354942159291497, "getItemId()I\n": 0.6931471805599453, "add(Ljava/lang/Object;)Z\n": 2.772588722239781, "hasNext()Z\n": 0.6931471805599453, "valueOf(Ljava/lang/Object;)Ljava/lang/String;\n": 3.295836866004329, "getExtras()Landroid/os/Bundle;\n": 1.3862943611198906, "setAdapter(Landroid/widget/ListAdapter;)V\n": 0.6931471805599453, "f()V\n": 1.6094379124341003, "append(I)Ljava/lang/StringBuilder;\n": 2.772588722239781, "onRestart()V\n": 0.6931471805599453, "getBoolean(Ljava/lang/String;Z)Z\n": 1.0986122886681098, "iterator()Ljava/util/Iterator;\n": 0.6931471805599453, "ordinal()I\n": 3.2188758248682006, "setBackgroundColor(I)V\n": 0.6931471805599453, "close()V\n": 1.0986122886681098, "b(Ljava/lang/String;)V\n": 1.0986122886681098, "setOnTouchListener(Landroid/view/View$OnTouchListener;)V\n": 1.3862943611198906, "intValue()I\n": 0.6931471805599453, "c(Ljava/lang/String;Ljava/lang/Throwable;)V\n": 1.791759469228055, "setRequestedOrientation(I)V\n": 0.6931471805599453, "a(Z)V\n": 1.0986122886681098, "start()V\n": 0.6931471805599453, "create()Landroid/app/AlertDialog;\n": 1.0986122886681098, "c()V\n": 2.1972245773362196, "put(Ljava/lang/Object;Ljava/lang/Object;)Ljava/lang/Object;\n": 1.0986122886681098}