{"append(Ljava/lang/Object;)Ljava/lang/StringBuilder;\n": 0.6931471805599453, "get(I)Ljava/lang/Object;\n": 2.772588722239781, "findPreference(Ljava/lang/CharSequence;)Landroid/preference/Preference;\n": 4.1588830833596715, "getSupportFragmentManager()Landroid/support/v4/app/FragmentManager;\n": 2.772588722239781, "isEmpty(Ljava/lang/CharSequence;)Z\n": 1.3862943611198906, "e()V\n": 1.0986122886681098, "setDuration(J)V\n": 1.9459101490553132, "setChecked(Z)V\n": 1.3862943611198906, "setEnabled(Z)V\n": 1.0986122886681098, "d(Ljava/lang/String;Ljava/lang/String;)I\n": 4.1588830833596715, "setLayoutParams(Landroid/view/ViewGroup$LayoutParams;)V\n": 1.3862943611198906, "d(Ljava/lang/String;)V\n": 1.0986122886681098, "setBackgroundResource(I)V\n": 1.0986122886681098, "startActivityForResult(Landroid/content/Intent;I)V\n": 0.6931471805599453, "a()V\n": 2.0794415416798357, "setSummary(Ljava/lang/CharSequence;)V\n": 2.4849066497880004, "get(Ljava/lang/Object;)Ljava/lang/Object;\n": 2.772588722239781, "valueOf(I)Ljava/lang/String;\n": 1.3862943611198906, "b(Ljava/lang/String;Ljava/lang/Throwable;)V\n": 2.772588722239781, "length()I\n": 1.3862943611198906, "putExtra(Ljava/lang/String;I)Landroid/content/Intent;\n": 0.6931471805599453, "valueOf(I)Ljava/lang/Integer;\n": 2.0794415416798357, "b()V\n": 2.1972245773362196, "onRestart()V\n": 0.6931471805599453, "setImageResource(I)V\n": 2.0794415416798357, "execute([Ljava/lang/Object;)Landroid/os/AsyncTask;\n": 1.0986122886681098, "a(I)V\n": 1.6094379124341003, "inflate(ILandroid/view/ViewGroup;)Landroid/view/View;\n": 1.0986122886681098, "getSimpleName()Ljava/lang/String;\n": 1.6094379124341003, "contains(Ljava/lang/CharSequence;)Z\n": 1.3862943611198906, "getBaseContext()Landroid/content/Context;\n": 4.1588830833596715, "getStringExtra(Ljava/lang/String;)Ljava/lang/String;\n": 1.3862943611198906, "equalsIgnoreCase(Ljava/lang/String;)Z\n": 4.1588830833596715, "getSettings()Landroid/webkit/WebSettings;\n": 0.6931471805599453, "next()Ljava/lang/Object;\n": 0.6931471805599453, "onKeyDown(ILandroid/view/KeyEvent;)Z\n": 0.6931471805599453, "addView(Landroid/view/View;)V\n": 1.3862943611198906, "onOptionsItemSelected(Landroid/view/MenuItem;)Z\n": 1.0986122886681098, "getAction()Ljava/lang/String;\n": 1.3862943611198906, "loadUrl(Ljava/lang/String;)V\n": 0.6931471805599453, "replace(Ljava/lang/CharSequence;Ljava/lang/CharSequence;)Ljava/lang/String;\n": 1.3862943611198906, "addView(Landroid/view/View;Landroid/view/ViewGroup$LayoutParams;)V\n": 0.6931471805599453, "addRule(I)V\n": 1.0986122886681098, "getSystemService(Ljava/lang/String;)Ljava/lang/Object;\n": 0.6931471805599453, "getId()I\n": 1.0986122886681098, "getPackageName()Ljava/lang/String;\n": 1.0986122886681098, "commit()Z\n": 1.0986122886681098, "onConfigurationChanged(Landroid/content/res/Configuration;)V\n": 0.6931471805599453, "showDialog(I)V\n": 1.9459101490553132, "d()V\n": 1.0986122886681098, "setTextColor(I)V\n": 1.3862943611198906, "e(Ljava/lang/String;)V\n": 1.0986122886681098, "a(Ljava/lang/String;)V\n": 3.4657359027997265, "valueOf(Z)Ljava/lang/Boolean;\n": 1.0986122886681098, "getName()Ljava/lang/String;\n": 1.0986122886681098, "onBackPressed()V\n": 0.6931471805599453, "valueOf(Ljava/lang/Object;)Ljava/lang/String;\n": 3.295836866004329, "getIntExtra(Ljava/lang/String;I)I\n": 1.0986122886681098, "size()I\n": 2.772588722239781, "getDisplayMetrics()Landroid/util/DisplayMetrics;\n": 0.6931471805599453, "getDrawable(I)Landroid/graphics/drawable/Drawable;\n": 1.3862943611198906, "makeText(Landroid/content/Context;Ljava/lang/CharSequence;I)Landroid/widget/Toast;\n": 1.0986122886681098, "getItemId()I\n": 0.6931471805599453, "add(Ljava/lang/Object;)Z\n": 2.772588722239781, "hasNext()Z\n": 0.6931471805599453, "printStackTrace()V\n": 1.3862943611198906, "getExtras()Landroid/os/Bundle;\n": 1.3862943611198906, "parseInt(Ljava/lang/String;)I\n": 1.0986122886681098, "setAdapter(Landroid/widget/ListAdapter;)V\n": 0.6931471805599453, "getInt(Ljava/lang/String;I)I\n": 1.0986122886681098, "append(I)Ljava/lang/StringBuilder;\n": 2.772588722239781, "getBoolean(Ljava/lang/String;Z)Z\n": 1.0986122886681098, "iterator()Ljava/util/Iterator;\n": 0.6931471805599453, "ordinal()I\n": 1.6094379124341003, "setBackgroundColor(I)V\n": 0.6931471805599453, "setTitle(Ljava/lang/CharSequence;)V\n": 1.0986122886681098, "close()V\n": 1.0986122886681098, "intValue()I\n": 0.6931471805599453, "c(Ljava/lang/String;Ljava/lang/Throwable;)V\n": 1.791759469228055, "a(Z)V\n": 1.0986122886681098, "onWindowFocusChanged(Z)V\n": 1.0986122886681098, "start()V\n": 0.6931471805599453, "getDefaultSharedPreferences(Landroid/content/Context;)Landroid/content/SharedPreferences;\n": 1.791759469228055, "create()Landroid/app/AlertDialog;\n": 1.0986122886681098, "put(Ljava/lang/Object;Ljava/lang/Object;)Ljava/lang/Object;\n": 3.295836866004329, "c()V\n": 1.0986122886681098, "getString(Ljava/lang/String;Ljava/lang/String;)Ljava/lang/String;\n": 2.772588722239781}